age,mx_m,qx_m,lx_m,dx_m,ex_m,mx_f,qx_f,lx_f,dx_f,ex_f,year_start,year_end
0,0.012902,0.01282,100000.0,1282.0,70.81,0.009999,0.009949,100000.0,994.9,76.81,1980,1982
1,0.00087,0.000869,98718.0,85.8,70.73,0.000724,0.000724,99005.1,71.6,76.58,1980,1982
2,0.000528,0.000528,98632.2,52.1,69.79,0.000448,0.000447,98933.4,44.3,75.63,1980,1982
3,0.000401,0.000401,98580.1,39.6,68.83,0.000305,0.000305,98889.2,30.2,74.66,1980,1982
4,0.000381,0.000381,98540.6,37.5,67.86,0.000254,0.000254,98859.0,25.1,73.69,1980,1982
5,0.000315,0.000315,98503.1,31.0,66.88,0.000235,0.000235,98833.9,23.2,72.71,1980,1982
6,0.000298,0.000298,98472.0,29.4,65.9,0.000222,0.000222,98810.7,21.9,71.72,1980,1982
7,0.000277,0.000277,98442.7,27.2,64.92,0.000187,0.000187,98788.7,18.5,70.74,1980,1982
8,0.00027,0.00027,98415.4,26.6,63.94,0.0002,0.0002,98770.3,19.8,69.75,1980,1982
9,0.000242,0.000242,98388.9,23.8,62.96,0.000156,0.000156,98750.5,15.4,68.77,1980,1982
10,0.000234,0.000234,98365.1,23.0,61.97,0.000204,0.000204,98735.1,20.1,67.78,1980,1982
11,0.000266,0.000266,98342.0,26.2,60.99,0.000182,0.000182,98715.0,17.9,66.79,1980,1982
12,0.000258,0.000258,98315.8,25.4,60.0,0.000176,0.000176,98697.1,17.4,65.8,1980,1982
13,0.000295,0.000295,98290.5,29.0,59.02,0.000197,0.000197,98679.7,19.4,64.81,1980,1982
14,0.000369,0.000369,98261.5,36.3,58.04,0.000223,0.000223,98660.3,22.0,63.83,1980,1982
15,0.000416,0.000416,98225.2,40.9,57.06,0.000247,0.000247,98638.4,24.4,62.84,1980,1982
16,0.000538,0.000538,98184.4,52.8,56.08,0.000311,0.000311,98614.0,30.7,61.86,1980,1982
17,0.001036,0.001035,98131.6,101.6,55.11,0.000319,0.000319,98583.3,31.4,60.88,1980,1982
18,0.001096,0.001095,98030.0,107.4,54.17,0.00038,0.00038,98551.9,37.5,59.89,1980,1982
19,0.001052,0.001052,97922.6,103.0,53.23,0.00033,0.00033,98514.4,32.5,58.92,1980,1982
20,0.001001,0.001001,97819.6,97.9,52.28,0.000375,0.000375,98481.9,36.9,57.94,1980,1982
21,0.000884,0.000884,97721.7,86.4,51.33,0.000338,0.000338,98445.0,33.3,56.96,1980,1982
22,0.000877,0.000877,97635.3,85.6,50.38,0.000358,0.000358,98411.7,35.2,55.98,1980,1982
23,0.00086,0.000859,97549.8,83.8,49.42,0.000385,0.000385,98376.4,37.8,55.0,1980,1982
24,0.000856,0.000856,97465.9,83.4,48.46,0.000376,0.000376,98338.6,36.9,54.02,1980,1982
25,0.000841,0.000841,97382.5,81.9,47.51,0.000393,0.000392,98301.7,38.6,53.04,1980,1982
26,0.000889,0.000889,97300.7,86.5,46.55,0.000426,0.000426,98263.1,41.8,52.06,1980,1982
27,0.000864,0.000863,97214.2,83.9,45.59,0.000478,0.000478,98221.2,46.9,51.08,1980,1982
28,0.000871,0.000871,97130.2,84.6,44.63,0.00043,0.00043,98174.3,42.2,50.1,1980,1982
29,0.0009,0.0009,97045.6,87.3,43.66,0.000488,0.000488,98132.1,47.9,49.13,1980,1982
30,0.000933,0.000933,96958.3,90.5,42.7,0.000533,0.000533,98084.2,52.3,48.15,1980,1982
31,0.000937,0.000937,96867.8,90.7,41.74,0.000564,0.000564,98031.9,55.3,47.18,1980,1982
32,0.000995,0.000995,96777.1,96.3,40.78,0.000606,0.000606,97976.6,59.3,46.2,1980,1982
33,0.001001,0.001,96680.9,96.7,39.82,0.000664,0.000663,97917.3,65.0,45.23,1980,1982
34,0.001076,0.001076,96584.2,103.9,38.86,0.000702,0.000701,97852.3,68.6,44.26,1980,1982
35,0.001193,0.001192,96480.3,115.0,37.9,0.000798,0.000797,97783.7,78.0,43.29,1980,1982
36,0.001244,0.001243,96365.3,119.8,36.95,0.000897,0.000897,97705.8,87.6,42.32,1980,1982
37,0.001421,0.00142,96245.5,136.7,35.99,0.000943,0.000942,97618.2,92.0,41.36,1980,1982
38,0.001544,0.001543,96108.8,148.3,35.04,0.001072,0.001072,97526.2,104.5,40.4,1980,1982
39,0.001684,0.001682,95960.5,161.4,34.1,0.001148,0.001147,97421.6,111.8,39.44,1980,1982
40,0.002051,0.002049,95799.0,196.3,33.15,0.001329,0.001328,97309.9,129.2,38.49,1980,1982
41,0.00228,0.002278,95602.7,217.8,32.22,0.001484,0.001483,97180.7,144.1,37.54,1980,1982
42,0.002319,0.002316,95384.9,220.9,31.29,0.00159,0.001589,97036.5,154.1,36.59,1980,1982
43,0.002654,0.002651,95164.0,252.2,30.36,0.001811,0.00181,96882.4,175.3,35.65,1980,1982
44,0.003093,0.003089,94911.8,293.1,29.44,0.002031,0.002029,96707.0,196.2,34.71,1980,1982
45,0.003506,0.0035,94618.6,331.2,28.53,0.002247,0.002244,96510.8,216.6,33.78,1980,1982
46,0.003897,0.00389,94287.5,366.8,27.63,0.00254,0.002537,96294.2,244.3,32.86,1980,1982
47,0.004439,0.004429,93920.7,416.0,26.74,0.00279,0.002786,96050.0,267.6,31.94,1980,1982
48,0.004795,0.004784,93504.7,447.3,25.85,0.003102,0.003097,95782.4,296.7,31.03,1980,1982
49,0.005667,0.005651,93057.4,525.8,24.97,0.003616,0.003609,95485.7,344.6,30.12,1980,1982
50,0.006381,0.00636,92531.5,588.5,24.11,0.003981,0.003973,95141.1,378.0,29.23,1980,1982
51,0.007044,0.007019,91943.0,645.3,23.27,0.004224,0.004215,94763.1,399.4,28.35,1980,1982
52,0.008,0.007968,91297.7,727.5,22.43,0.004681,0.00467,94363.7,440.7,27.46,1980,1982
53,0.009087,0.009046,90570.2,819.3,21.6,0.005422,0.005407,93923.0,507.9,26.59,1980,1982
54,0.010247,0.010195,89750.9,915.0,20.79,0.00592,0.005903,93415.1,551.4,25.73,1980,1982
55,0.01157,0.011504,88835.9,1021.9,20.0,0.006447,0.006426,92863.7,596.8,24.88,1980,1982
56,0.012618,0.012539,87814.0,1101.1,19.23,0.00702,0.006996,92266.9,645.5,24.04,1980,1982
57,0.014159,0.014059,86712.9,1219.1,18.47,0.007914,0.007883,91621.4,722.2,23.2,1980,1982
58,0.015658,0.015536,85493.8,1328.2,17.72,0.008361,0.008326,90899.2,756.9,22.39,1980,1982
59,0.017498,0.017347,84165.5,1460.0,17.0,0.00929,0.009247,90142.3,833.5,21.57,1980,1982
60,0.019001,0.018822,82705.6,1556.7,16.29,0.010209,0.010157,89308.8,907.1,20.77,1980,1982
61,0.020442,0.020235,81148.8,1642.0,15.59,0.011,0.01094,88401.7,967.1,19.97,1980,1982
62,0.022841,0.022583,79506.8,1795.5,14.9,0.012106,0.012034,87434.6,1052.1,19.19,1980,1982
63,0.025517,0.025196,77711.3,1958.0,14.24,0.013384,0.013295,86382.4,1148.5,18.42,1980,1982
64,0.028146,0.027755,75753.3,2102.5,13.59,0.014664,0.014558,85233.9,1240.8,17.66,1980,1982
65,0.030593,0.030132,73650.8,2219.2,12.96,0.015683,0.015561,83993.1,1307.0,16.91,1980,1982
66,0.033079,0.032541,71431.5,2324.4,12.35,0.017233,0.017086,82686.1,1412.8,16.17,1980,1982
67,0.036507,0.035853,69107.1,2477.7,11.75,0.01909,0.018909,81273.3,1536.8,15.44,1980,1982
68,0.040213,0.039421,66629.4,2626.6,11.17,0.020633,0.020422,79736.5,1628.4,14.73,1980,1982
69,0.044265,0.043307,64002.8,2771.8,10.61,0.022671,0.022417,78108.1,1750.9,14.03,1980,1982
70,0.048625,0.047471,61231.1,2906.7,10.06,0.02548,0.025159,76357.2,1921.1,13.34,1980,1982
71,0.053288,0.051905,58324.4,3027.3,9.54,0.027751,0.027372,74436.1,2037.4,12.67,1980,1982
72,0.059631,0.057904,55297.1,3201.9,9.03,0.031087,0.030611,72398.7,2216.2,12.01,1980,1982
73,0.065375,0.063306,52095.1,3297.9,8.56,0.034504,0.033919,70182.5,2380.5,11.38,1980,1982
74,0.071355,0.068897,48797.2,3362.0,8.1,0.038492,0.037765,67802.0,2560.6,10.76,1980,1982
75,0.077954,0.075029,45435.2,3409.0,7.67,0.042842,0.041943,65241.4,2736.5,10.16,1980,1982
76,0.084942,0.081481,42026.2,3424.3,7.25,0.04743,0.046332,62505.0,2896.0,9.58,1980,1982
77,0.09283,0.088712,38601.9,3424.5,6.85,0.052817,0.051458,59609.0,3067.4,9.02,1980,1982
78,0.101992,0.097043,35177.4,3413.7,6.46,0.058718,0.057043,56541.6,3225.3,8.49,1980,1982
79,0.111791,0.105874,31763.7,3362.9,6.11,0.0652,0.063142,53316.3,3366.5,7.97,1980,1982
80,0.121476,0.11452,28400.8,3252.5,5.77,0.073775,0.07115,49949.8,3553.9,7.47,1980,1982
81,0.131182,0.123107,25148.3,3095.9,5.45,0.081145,0.077982,46395.9,3618.0,7.01,1980,1982
82,0.143953,0.134288,22052.4,2961.4,5.15,0.091856,0.087822,42777.9,3756.9,6.56,1980,1982
83,0.1562,0.144885,19091.0,2766.0,4.87,0.102491,0.097495,39021.0,3804.4,6.14,1980,1982
84,0.16771,0.154735,16325.0,2526.0,4.61,0.114307,0.108127,35216.7,3807.9,5.75,1980,1982
85,0.179201,0.164465,13799.0,2269.4,4.36,0.126267,0.118769,31408.8,3730.4,5.39,1980,1982
86,0.198363,0.180464,11529.5,2080.7,4.12,0.142533,0.133051,27678.4,3682.6,5.05,1980,1982
87,0.214529,0.193747,9448.8,1830.7,3.91,0.154003,0.142992,23995.8,3431.2,4.74,1980,1982
88,0.233218,0.208863,7618.2,1591.1,3.73,0.17131,0.157794,20564.6,3245.0,4.45,1980,1982
89,0.234908,0.210217,6027.0,1267.0,3.59,0.190989,0.17434,17319.6,3019.5,4.19,1980,1982
90,0.240424,0.214623,4760.0,1021.6,3.41,0.193397,0.176345,14300.1,2521.7,3.97,1980,1982
91,0.258825,0.229168,3738.4,856.7,3.2,0.213316,0.192757,11778.3,2270.4,3.71,1980,1982
92,0.283396,0.248224,2881.7,715.3,3.01,0.23547,0.210667,9508.0,2003.0,3.48,1980,1982
93,0.300719,0.261413,2166.4,566.3,2.84,0.251662,0.223535,7505.0,1677.6,3.28,1980,1982
94,0.340979,0.291313,1600.1,466.1,2.66,0.273758,0.240797,5827.3,1403.2,3.08,1980,1982
95,0.351893,0.299242,1133.9,339.3,2.55,0.297353,0.258866,4424.1,1145.3,2.89,1980,1982
96,0.37704,0.317235,794.6,252.1,2.43,0.319205,0.275271,3278.9,902.6,2.73,1980,1982
97,0.376455,0.316821,542.5,171.9,2.32,0.341109,0.291408,2376.3,692.5,2.57,1980,1982
98,0.412251,0.341797,370.7,126.7,2.17,0.365451,0.30899,1683.8,520.3,2.43,1980,1982
99,0.443023,0.362684,244.0,88.5,2.03,0.361933,0.306472,1163.5,356.6,2.29,1980,1982
100,0.489407,0.393191,155.5,61.1,1.9,0.439885,0.360578,806.9,291.0,2.08,1980,1982
0,0.012208,0.012134,100000.0,1213.4,71.06,0.009368,0.009324,100000.0,932.4,77.02,1981,1983
1,0.000823,0.000822,98786.6,81.2,70.93,0.000685,0.000685,99067.6,67.8,76.74,1981,1983
2,0.00049,0.00049,98705.4,48.3,69.99,0.000437,0.000437,98999.7,43.3,75.79,1981,1983
3,0.00039,0.00039,98657.0,38.5,69.03,0.000286,0.000286,98956.4,28.3,74.83,1981,1983
4,0.000346,0.000346,98618.5,34.1,68.05,0.000261,0.000261,98928.2,25.8,73.85,1981,1983
5,0.000294,0.000294,98584.4,29.0,67.08,0.000221,0.000221,98902.3,21.8,72.87,1981,1983
6,0.000295,0.000295,98555.4,29.1,66.09,0.000217,0.000217,98880.5,21.5,71.88,1981,1983
7,0.00026,0.000259,98526.4,25.6,65.11,0.000186,0.000186,98859.0,18.4,70.9,1981,1983
8,0.000252,0.000252,98500.8,24.8,64.13,0.000179,0.000179,98840.7,17.7,69.91,1981,1983
9,0.000239,0.000239,98475.9,23.6,63.15,0.000156,0.000156,98823.0,15.4,68.92,1981,1983
10,0.000227,0.000227,98452.4,22.4,62.16,0.000187,0.000187,98807.6,18.4,67.94,1981,1983
11,0.000265,0.000265,98430.0,26.1,61.18,0.000165,0.000165,98789.1,16.3,66.95,1981,1983
12,0.000265,0.000265,98403.9,26.1,60.19,0.000177,0.000177,98772.9,17.5,65.96,1981,1983
13,0.000302,0.000302,98377.8,29.7,59.21,0.000195,0.000195,98755.4,19.3,64.97,1981,1983
14,0.00036,0.00036,98348.1,35.4,58.23,0.000225,0.000225,98736.1,22.3,63.98,1981,1983
15,0.000438,0.000438,98312.7,43.0,57.25,0.000251,0.000251,98713.8,24.7,63.0,1981,1983
16,0.000559,0.000559,98269.7,54.9,56.27,0.000291,0.000291,98689.1,28.7,62.01,1981,1983
17,0.000949,0.000948,98214.8,93.1,55.3,0.000324,0.000324,98660.4,31.9,61.03,1981,1983
18,0.001021,0.001021,98121.7,100.2,54.35,0.00035,0.00035,98628.5,34.5,60.05,1981,1983
19,0.00101,0.001009,98021.5,98.9,53.41,0.000331,0.000331,98594.0,32.6,59.07,1981,1983
20,0.000997,0.000997,97922.6,97.6,52.46,0.000354,0.000354,98561.3,34.9,58.09,1981,1983
21,0.000848,0.000848,97825.0,82.9,51.51,0.000334,0.000334,98526.4,32.9,57.11,1981,1983
22,0.000867,0.000866,97742.1,84.7,50.56,0.000331,0.000331,98493.5,32.6,56.13,1981,1983
23,0.000816,0.000816,97657.4,79.7,49.6,0.000338,0.000338,98460.9,33.3,55.15,1981,1983
24,0.000819,0.000818,97577.7,79.9,48.64,0.000336,0.000336,98427.6,33.1,54.17,1981,1983
25,0.000828,0.000827,97497.8,80.7,47.68,0.000395,0.000395,98394.5,38.8,53.19,1981,1983
26,0.000876,0.000875,97417.2,85.3,46.72,0.000411,0.00041,98355.7,40.4,52.21,1981,1983
27,0.000858,0.000858,97331.9,83.5,45.76,0.000431,0.00043,98315.3,42.3,51.23,1981,1983
28,0.000868,0.000868,97248.4,84.4,44.8,0.000441,0.000441,98273.0,43.3,50.25,1981,1983
29,0.0009,0.0009,97164.0,87.4,43.84,0.000461,0.000461,98229.7,45.2,49.27,1981,1983
30,0.000943,0.000943,97076.6,91.5,42.88,0.000522,0.000521,98184.4,51.2,48.29,1981,1983
31,0.000938,0.000938,96985.1,91.0,41.92,0.000556,0.000556,98133.2,54.5,47.32,1981,1983
32,0.001015,0.001014,96894.1,98.3,40.96,0.000603,0.000602,98078.7,59.1,46.34,1981,1983
33,0.001006,0.001005,96795.9,97.3,40.0,0.000638,0.000637,98019.6,62.5,45.37,1981,1983
34,0.001051,0.001051,96698.5,101.6,39.04,0.000691,0.00069,97957.1,67.6,44.4,1981,1983
35,0.001166,0.001165,96597.0,112.5,38.08,0.000772,0.000772,97889.5,75.6,43.43,1981,1983
36,0.001203,0.001202,96484.4,116.0,37.12,0.000857,0.000857,97813.9,83.8,42.46,1981,1983
37,0.001359,0.001358,96368.5,130.8,36.17,0.00089,0.00089,97730.1,87.0,41.5,1981,1983
38,0.001497,0.001496,96237.6,143.9,35.21,0.001062,0.001061,97643.2,103.6,40.54,1981,1983
39,0.001642,0.001641,96093.7,157.7,34.27,0.001122,0.001122,97539.6,109.4,39.58,1981,1983
40,0.001976,0.001974,95936.0,189.4,33.32,0.001279,0.001278,97430.1,124.5,38.62,1981,1983
41,0.002187,0.002185,95746.6,209.2,32.39,0.001396,0.001395,97305.6,135.7,37.67,1981,1983
42,0.00241,0.002407,95537.4,230.0,31.46,0.001578,0.001577,97169.9,153.2,36.72,1981,1983
43,0.00258,0.002577,95307.4,245.6,30.53,0.001734,0.001733,97016.6,168.1,35.78,1981,1983
44,0.002946,0.002941,95061.8,279.6,29.61,0.001985,0.001983,96848.5,192.0,34.84,1981,1983
45,0.00344,0.003434,94782.2,325.5,28.69,0.002236,0.002234,96656.5,215.9,33.91,1981,1983
46,0.003786,0.003779,94456.7,356.9,27.79,0.002424,0.002421,96440.6,233.4,32.99,1981,1983
47,0.004338,0.004329,94099.7,407.3,26.89,0.002754,0.00275,96207.1,264.6,32.06,1981,1983
48,0.004739,0.004728,93692.4,442.9,26.01,0.003028,0.003024,95942.5,290.1,31.15,1981,1983
49,0.005521,0.005506,93249.5,513.4,25.13,0.003487,0.003481,95652.4,332.9,30.24,1981,1983
50,0.006106,0.006087,92736.0,564.5,24.27,0.003888,0.003881,95319.5,369.9,29.35,1981,1983
51,0.006692,0.00667,92171.6,614.8,23.41,0.004034,0.004026,94949.6,382.3,28.46,1981,1983
52,0.007685,0.007656,91556.8,700.9,22.57,0.00467,0.004659,94567.3,440.6,27.57,1981,1983
53,0.008786,0.008747,90855.8,794.7,21.74,0.005261,0.005247,94126.7,493.9,26.7,1981,1983
54,0.009867,0.009818,90061.1,884.2,20.92,0.005767,0.00575,93632.8,538.4,25.84,1981,1983
55,0.011107,0.011046,89176.8,985.0,20.13,0.006449,0.006428,93094.4,598.4,24.98,1981,1983
56,0.01225,0.012176,88191.8,1073.8,19.35,0.006902,0.006878,92496.0,636.2,24.14,1981,1983
57,0.013983,0.013886,87118.0,1209.7,18.58,0.007659,0.00763,91859.8,700.9,23.31,1981,1983
58,0.015348,0.015231,85908.3,1308.5,17.83,0.008308,0.008274,91158.9,754.2,22.48,1981,1983
59,0.017047,0.016903,84599.8,1430.0,17.1,0.009121,0.00908,90404.7,820.9,21.67,1981,1983
60,0.018806,0.018631,83169.8,1549.5,16.39,0.010268,0.010216,89583.9,915.2,20.86,1981,1983
61,0.019989,0.019791,81620.3,1615.3,15.69,0.010821,0.010763,88668.7,954.3,20.07,1981,1983
62,0.022565,0.022314,80005.0,1785.2,14.99,0.011912,0.011841,87714.4,1038.7,19.28,1981,1983
63,0.024959,0.024651,78219.8,1928.2,14.33,0.013101,0.013016,86675.7,1128.2,18.51,1981,1983
64,0.027943,0.027558,76291.6,2102.4,13.67,0.014634,0.014527,85547.5,1242.8,17.75,1981,1983
65,0.030302,0.02985,74189.2,2214.6,13.05,0.015676,0.015554,84304.7,1311.3,17.0,1981,1983
66,0.032651,0.032126,71974.6,2312.3,12.43,0.017078,0.016934,82993.4,1405.4,16.26,1981,1983
67,0.036153,0.035511,69662.3,2473.8,11.83,0.018909,0.018732,81588.0,1528.3,15.53,1981,1983
68,0.039913,0.039132,67188.5,2629.2,11.25,0.020522,0.020314,80059.7,1626.3,14.82,1981,1983
69,0.043547,0.042619,64559.3,2751.5,10.69,0.022421,0.022172,78433.4,1739.1,14.12,1981,1983
70,0.048216,0.047081,61807.8,2910.0,10.14,0.025386,0.025068,76694.4,1922.6,13.42,1981,1983
71,0.052659,0.051308,58897.8,3021.9,9.61,0.027457,0.027085,74771.8,2025.2,12.76,1981,1983
72,0.058333,0.05668,55875.9,3167.0,9.11,0.030921,0.03045,72746.6,2215.2,12.1,1981,1983
73,0.064574,0.062555,52708.8,3297.2,8.62,0.034042,0.033473,70531.4,2360.9,11.46,1981,1983
74,0.07052,0.068118,49411.7,3365.8,8.17,0.037762,0.037062,68170.5,2526.5,10.84,1981,1983
75,0.076747,0.07391,46045.8,3403.3,7.73,0.042305,0.041429,65644.0,2719.5,10.24,1981,1983
76,0.083608,0.080253,42642.6,3422.2,7.3,0.04667,0.045606,62924.5,2869.7,9.66,1981,1983
77,0.091326,0.087338,39220.4,3425.4,6.9,0.051424,0.050135,60054.7,3010.8,9.1,1981,1983
78,0.100515,0.095705,35795.0,3425.8,6.51,0.057492,0.055886,57043.9,3187.9,8.55,1981,1983
79,0.109635,0.103937,32369.2,3364.4,6.15,0.06423,0.062231,53856.0,3351.5,8.03,1981,1983
80,0.11929,0.112575,29004.8,3265.2,5.8,0.072377,0.069849,50504.4,3527.7,7.53,1981,1983
81,0.129914,0.12199,25739.6,3140.0,5.47,0.080274,0.077176,46976.7,3625.5,7.06,1981,1983
82,0.142717,0.133211,22599.6,3010.5,5.16,0.090436,0.086524,43351.2,3750.9,6.6,1981,1983
83,0.153547,0.142599,19589.1,2793.4,4.88,0.100857,0.096015,39600.3,3802.2,6.18,1981,1983
84,0.167733,0.154754,16795.7,2599.2,4.61,0.11257,0.106572,35798.1,3815.1,5.79,1981,1983
85,0.179411,0.164642,14196.5,2337.3,4.36,0.123726,0.116518,31983.0,3726.6,5.42,1981,1983
86,0.19557,0.178149,11859.2,2112.7,4.12,0.139015,0.12998,28256.4,3672.8,5.07,1981,1983
87,0.209517,0.18965,9746.5,1848.4,3.91,0.152151,0.141395,24583.7,3476.0,4.75,1981,1983
88,0.226282,0.203283,7898.1,1605.5,3.71,0.169497,0.156255,21107.7,3298.2,4.45,1981,1983
89,0.241905,0.215803,6292.5,1357.9,3.53,0.190399,0.173849,17809.5,3096.2,4.18,1981,1983
90,0.24405,0.217508,4934.6,1073.3,3.36,0.19586,0.17839,14713.3,2624.7,3.95,1981,1983
91,0.261436,0.231212,3861.3,892.8,3.15,0.21276,0.192302,12088.6,2324.7,3.7,1981,1983
92,0.289732,0.253071,2968.5,751.2,2.95,0.235032,0.210316,9763.9,2053.5,3.46,1981,1983
93,0.308518,0.267286,2217.3,592.6,2.78,0.25363,0.225086,7710.4,1735.5,3.25,1981,1983
94,0.34295,0.292751,1624.6,475.6,2.62,0.279555,0.245271,5974.9,1465.5,3.05,1981,1983
95,0.363019,0.30725,1149.0,353.0,2.49,0.296004,0.257843,4509.4,1162.7,2.88,1981,1983
96,0.38842,0.325253,796.0,258.9,2.37,0.322114,0.277432,3346.7,928.5,2.71,1981,1983
97,0.39476,0.329686,537.1,177.1,2.28,0.352667,0.299802,2418.2,725.0,2.56,1981,1983
98,0.417971,0.345721,360.0,124.5,2.15,0.364276,0.30815,1693.2,521.8,2.44,1981,1983
99,0.431591,0.354986,235.5,83.6,2.02,0.367489,0.310446,1171.5,363.7,2.31,1981,1983
100,0.498047,0.398749,151.9,60.6,1.86,0.428356,0.352795,807.8,285.0,2.12,1981,1983
0,0.011559,0.011493,100000.0,1149.3,71.34,0.009016,0.008976,100000.0,897.6,77.25,1982,1984
1,0.000831,0.000831,98850.7,82.1,71.17,0.000667,0.000666,99102.4,66.0,76.95,1982,1984
2,0.000463,0.000463,98768.6,45.7,70.23,0.000412,0.000412,99036.4,40.8,76.0,1982,1984
3,0.000394,0.000394,98722.9,38.9,69.26,0.000263,0.000263,98995.6,26.0,75.03,1982,1984
4,0.000297,0.000297,98684.0,29.3,68.29,0.000252,0.000252,98969.6,24.9,74.05,1982,1984
5,0.000277,0.000277,98654.7,27.3,67.31,0.000219,0.000219,98944.7,21.7,73.07,1982,1984
6,0.000273,0.000273,98627.4,26.9,66.33,0.000208,0.000208,98923.0,20.6,72.08,1982,1984
7,0.000252,0.000252,98600.4,24.9,65.34,0.00018,0.00018,98902.4,17.8,71.1,1982,1984
8,0.000251,0.000251,98575.5,24.8,64.36,0.000174,0.000174,98884.6,17.2,70.11,1982,1984
9,0.000236,0.000236,98550.8,23.2,63.38,0.000155,0.000155,98867.4,15.4,69.12,1982,1984
10,0.000231,0.000231,98527.6,22.8,62.39,0.000178,0.000178,98852.0,17.6,68.13,1982,1984
11,0.000262,0.000262,98504.8,25.8,61.41,0.000154,0.000154,98834.4,15.3,67.14,1982,1984
12,0.000266,0.000266,98479.0,26.2,60.42,0.000186,0.000186,98819.2,18.4,66.15,1982,1984
13,0.000278,0.000278,98452.8,27.4,59.44,0.000191,0.000191,98800.8,18.8,65.17,1982,1984
14,0.000364,0.000364,98425.4,35.8,58.45,0.000206,0.000206,98782.0,20.4,64.18,1982,1984
15,0.00044,0.00044,98389.6,43.3,57.48,0.000247,0.000247,98761.6,24.4,63.19,1982,1984
16,0.000562,0.000562,98346.3,55.3,56.5,0.000293,0.000293,98737.2,28.9,62.21,1982,1984
17,0.000866,0.000865,98291.0,85.0,55.53,0.000332,0.000332,98708.3,32.7,61.23,1982,1984
18,0.000957,0.000957,98206.0,93.9,54.58,0.000303,0.000303,98675.6,29.9,60.25,1982,1984
19,0.000966,0.000965,98112.0,94.7,53.63,0.000328,0.000328,98645.7,32.3,59.26,1982,1984
20,0.00098,0.00098,98017.4,96.1,52.68,0.000341,0.000341,98613.3,33.6,58.28,1982,1984
21,0.000859,0.000858,97921.3,84.1,51.73,0.00033,0.00033,98579.7,32.5,57.3,1982,1984
22,0.000858,0.000858,97837.2,83.9,50.78,0.000317,0.000317,98547.2,31.3,56.32,1982,1984
23,0.000807,0.000807,97753.3,78.9,49.82,0.000311,0.000311,98515.9,30.6,55.34,1982,1984
24,0.000798,0.000797,97674.5,77.9,48.86,0.000342,0.000342,98485.3,33.7,54.36,1982,1984
25,0.000823,0.000822,97596.6,80.3,47.9,0.000406,0.000406,98451.6,40.0,53.37,1982,1984
26,0.000869,0.000868,97516.3,84.7,46.94,0.000397,0.000397,98411.6,39.1,52.4,1982,1984
27,0.000857,0.000857,97431.6,83.5,45.98,0.000424,0.000424,98372.6,41.7,51.42,1982,1984
28,0.000892,0.000891,97348.2,86.8,45.02,0.000443,0.000443,98330.9,43.6,50.44,1982,1984
29,0.000866,0.000866,97261.4,84.2,44.06,0.000469,0.000469,98287.3,46.1,49.46,1982,1984
30,0.000903,0.000903,97177.2,87.7,43.1,0.000488,0.000488,98241.2,48.0,48.48,1982,1984
31,0.000925,0.000924,97089.5,89.7,42.13,0.000533,0.000533,98193.3,52.3,47.51,1982,1984
32,0.001025,0.001025,96999.8,99.4,41.17,0.000601,0.000601,98141.0,59.0,46.53,1982,1984
33,0.00102,0.00102,96900.3,98.8,40.21,0.000643,0.000643,98082.0,63.1,45.56,1982,1984
34,0.001077,0.001076,96801.5,104.2,39.25,0.000689,0.000689,98018.9,67.5,44.59,1982,1984
35,0.001179,0.001178,96697.4,113.9,38.3,0.000754,0.000753,97951.4,73.8,43.62,1982,1984
36,0.001155,0.001155,96583.4,111.5,37.34,0.000809,0.000809,97877.6,79.2,42.65,1982,1984
37,0.001339,0.001338,96471.9,129.1,36.38,0.000865,0.000864,97798.4,84.5,41.69,1982,1984
38,0.001442,0.001441,96342.8,138.8,35.43,0.001046,0.001045,97713.9,102.1,40.72,1982,1984
39,0.001628,0.001627,96204.0,156.5,34.48,0.001176,0.001175,97611.8,114.7,39.76,1982,1984
40,0.001822,0.00182,96047.5,174.8,33.54,0.001201,0.0012,97497.1,117.0,38.81,1982,1984
41,0.002094,0.002092,95872.7,200.5,32.6,0.001349,0.001348,97380.0,131.3,37.86,1982,1984
42,0.00231,0.002308,95672.1,220.8,31.67,0.001508,0.001507,97248.7,146.6,36.91,1982,1984
43,0.00254,0.002536,95451.4,242.1,30.74,0.00173,0.001728,97102.2,167.8,35.96,1982,1984
44,0.002893,0.002889,95209.3,275.1,29.81,0.001893,0.001891,96934.3,183.3,35.02,1982,1984
45,0.003339,0.003333,94934.2,316.5,28.9,0.002172,0.00217,96751.0,209.9,34.09,1982,1984
46,0.00368,0.003673,94617.7,347.6,27.99,0.002365,0.002362,96541.1,228.0,33.16,1982,1984
47,0.00417,0.004161,94270.2,392.3,27.1,0.002632,0.002629,96313.0,253.2,32.24,1982,1984
48,0.004712,0.004701,93877.9,441.3,26.21,0.002898,0.002894,96059.8,278.0,31.32,1982,1984
49,0.005344,0.00533,93436.5,498.0,25.33,0.003388,0.003382,95781.8,324.0,30.41,1982,1984
50,0.005848,0.005831,92938.6,541.9,24.46,0.00371,0.003703,95457.9,353.5,29.51,1982,1984
51,0.006502,0.006481,92396.7,598.8,23.6,0.003929,0.003921,95104.4,372.9,28.62,1982,1984
52,0.00738,0.007353,91797.8,675.0,22.75,0.004593,0.004583,94731.5,434.1,27.73,1982,1984
53,0.008407,0.008372,91122.8,762.9,21.92,0.00504,0.005027,94297.4,474.1,26.86,1982,1984
54,0.009544,0.009499,90359.9,858.3,21.1,0.005606,0.00559,93823.3,524.5,25.99,1982,1984
55,0.010635,0.010579,89501.6,946.9,20.3,0.006202,0.006183,93298.8,576.9,25.13,1982,1984
56,0.01191,0.011839,88554.8,1048.4,19.51,0.006848,0.006825,92721.9,632.8,24.29,1982,1984
57,0.013509,0.013418,87506.4,1174.2,18.73,0.007515,0.007487,92089.1,689.5,23.45,1982,1984
58,0.014934,0.014823,86332.2,1279.7,17.98,0.008289,0.008255,91399.7,754.5,22.62,1982,1984
59,0.016623,0.016486,85052.4,1402.2,17.25,0.009127,0.009086,90645.1,823.6,21.81,1982,1984
60,0.018383,0.018216,83650.3,1523.7,16.53,0.010129,0.010078,89821.6,905.3,21.0,1982,1984
61,0.01996,0.019763,82126.5,1623.0,15.82,0.010876,0.010817,88916.3,961.8,20.21,1982,1984
62,0.022096,0.021854,80503.5,1759.3,15.13,0.011771,0.011702,87954.5,1029.3,19.43,1982,1984
63,0.024694,0.024393,78744.1,1920.8,14.46,0.012997,0.012913,86925.3,1122.4,18.65,1982,1984
64,0.026909,0.026552,76823.4,2039.8,13.81,0.014218,0.014117,85802.8,1211.3,17.89,1982,1984
65,0.029925,0.029484,74783.6,2204.9,13.17,0.015669,0.015547,84591.5,1315.1,17.14,1982,1984
66,0.032676,0.03215,72578.6,2333.4,12.56,0.017126,0.016981,83276.4,1414.1,16.4,1982,1984
67,0.035708,0.035081,70245.2,2464.3,11.96,0.018821,0.018646,81862.3,1526.4,15.67,1982,1984
68,0.039534,0.038767,67780.9,2627.7,11.37,0.020365,0.02016,80335.9,1619.6,14.96,1982,1984
69,0.04269,0.041798,65153.2,2723.3,10.81,0.022186,0.021942,78716.3,1727.2,14.26,1982,1984
70,0.04707,0.045988,62430.0,2871.0,10.26,0.025177,0.024864,76989.1,1914.3,13.57,1982,1984
71,0.051376,0.050089,59558.9,2983.3,9.73,0.02699,0.026631,75074.8,1999.3,12.9,1982,1984
72,0.057259,0.055666,56575.7,3149.3,9.22,0.030217,0.029768,73075.5,2175.3,12.24,1982,1984
73,0.063185,0.06125,53426.3,3272.4,8.73,0.033523,0.03297,70900.2,2337.6,11.6,1982,1984
74,0.06956,0.067222,50154.0,3371.5,8.27,0.037018,0.036345,68562.6,2491.9,10.98,1982,1984
75,0.075393,0.072655,46782.5,3399.0,7.83,0.041331,0.040494,66070.7,2675.5,10.38,1982,1984
76,0.081853,0.078635,43383.6,3411.5,7.41,0.045819,0.044793,63395.2,2839.6,9.79,1982,1984
77,0.089952,0.086081,39972.1,3440.8,6.99,0.050398,0.04916,60555.5,2976.9,9.23,1982,1984
78,0.098498,0.093874,36531.3,3429.4,6.61,0.0564,0.054854,57578.7,3158.4,8.68,1982,1984
79,0.106881,0.101459,33101.9,3358.5,6.24,0.062863,0.060947,54420.3,3316.7,8.15,1982,1984
80,0.117705,0.111163,29743.5,3306.4,5.89,0.070579,0.068173,51103.5,3483.9,7.65,1982,1984
81,0.126715,0.119165,26437.1,3150.4,5.56,0.077778,0.074866,47619.6,3565.1,7.17,1982,1984
82,0.139433,0.130346,23286.7,3035.3,5.25,0.087594,0.083919,44054.5,3697.0,6.71,1982,1984
83,0.150461,0.139934,20251.4,2833.8,4.96,0.097255,0.092745,40357.5,3743.0,6.28,1982,1984
84,0.163198,0.150886,17417.5,2628.1,4.68,0.108861,0.103241,36614.6,3780.1,5.88,1982,1984
85,0.176143,0.161886,14789.5,2394.2,4.42,0.121762,0.114775,32834.4,3768.6,5.49,1982,1984
86,0.190998,0.174348,12395.3,2161.1,4.18,0.134692,0.126193,29065.9,3667.9,5.14,1982,1984
87,0.204197,0.185281,10234.2,1896.2,3.96,0.147638,0.137489,25397.9,3491.9,4.81,1982,1984
88,0.220796,0.198844,8338.0,1658.0,3.75,0.164483,0.151983,21906.0,3329.4,4.5,1982,1984
89,0.233623,0.209188,6680.0,1397.4,3.55,0.182364,0.167125,18576.7,3104.6,4.22,1982,1984
90,0.244672,0.218003,5282.6,1151.6,3.36,0.19709,0.17941,15472.0,2775.8,3.96,1982,1984
91,0.264112,0.233303,4131.0,963.8,3.16,0.211832,0.191544,12696.2,2431.9,3.72,1982,1984
92,0.288109,0.251831,3167.2,797.6,2.97,0.230237,0.206469,10264.3,2119.3,3.48,1982,1984
93,0.306554,0.265811,2369.6,629.9,2.8,0.25457,0.225825,8145.1,1839.4,3.26,1982,1984
94,0.343787,0.29336,1739.8,510.4,2.63,0.280591,0.246069,6305.7,1551.6,3.06,1982,1984
95,0.359456,0.304694,1229.4,374.6,2.51,0.294142,0.256429,4754.1,1219.1,2.9,1982,1984
96,0.378927,0.31857,854.8,272.3,2.39,0.323503,0.278461,3535.0,984.4,2.73,1982,1984
97,0.398441,0.33225,582.5,193.5,2.28,0.342973,0.292767,2550.6,746.7,2.59,1982,1984
98,0.412371,0.34188,389.0,133.0,2.17,0.365624,0.309114,1803.9,557.6,2.45,1982,1984
99,0.419633,0.346857,256.0,88.8,2.03,0.374383,0.315352,1246.3,393.0,2.32,1982,1984
100,0.5,0.4,167.2,66.9,1.84,0.419198,0.346559,853.3,295.7,2.16,1982,1984
0,0.010909,0.01085,100000.0,1085.0,71.54,0.008597,0.00856,100000.0,856.0,77.39,1983,1985
1,0.000787,0.000787,98915.0,77.8,71.32,0.000702,0.000702,99144.0,69.6,77.06,1983,1985
2,0.000474,0.000474,98837.2,46.9,70.38,0.000384,0.000384,99074.4,38.0,76.11,1983,1985
3,0.000396,0.000396,98790.3,39.1,69.41,0.000276,0.000276,99036.4,27.4,75.14,1983,1985
4,0.000295,0.000295,98751.2,29.1,68.44,0.00024,0.00024,99009.0,23.7,74.16,1983,1985
5,0.000271,0.000271,98722.1,26.7,67.46,0.00021,0.00021,98985.3,20.8,73.18,1983,1985
6,0.00025,0.00025,98695.4,24.7,66.48,0.000212,0.000212,98964.5,20.9,72.2,1983,1985
7,0.000265,0.000265,98670.7,26.1,65.5,0.000173,0.000173,98943.5,17.2,71.21,1983,1985
8,0.00023,0.00023,98644.5,22.7,64.51,0.000164,0.000164,98926.4,16.3,70.22,1983,1985
9,0.000223,0.000223,98621.8,22.0,63.53,0.000191,0.000191,98910.1,18.8,69.23,1983,1985
10,0.000233,0.000233,98599.8,23.0,62.54,0.000161,0.000161,98891.3,15.9,68.25,1983,1985
11,0.000273,0.000273,98576.9,26.9,61.56,0.000158,0.000158,98875.3,15.6,67.26,1983,1985
12,0.000264,0.000264,98550.0,26.0,60.57,0.000194,0.000194,98859.8,19.2,66.27,1983,1985
13,0.000282,0.000282,98524.0,27.8,59.59,0.000191,0.000191,98840.6,18.9,65.28,1983,1985
14,0.000363,0.000363,98496.2,35.7,58.6,0.000198,0.000198,98821.6,19.5,64.29,1983,1985
15,0.000427,0.000427,98460.5,42.0,57.63,0.000242,0.000242,98802.1,23.9,63.31,1983,1985
16,0.000552,0.000552,98418.5,54.3,56.65,0.000277,0.000277,98778.2,27.3,62.32,1983,1985
17,0.000808,0.000808,98364.1,79.5,55.68,0.000347,0.000347,98750.8,34.3,61.34,1983,1985
18,0.000897,0.000897,98284.7,88.2,54.73,0.000301,0.000301,98716.5,29.7,60.36,1983,1985
19,0.000922,0.000921,98196.5,90.5,53.77,0.00031,0.00031,98686.8,30.6,59.38,1983,1985
20,0.000965,0.000964,98106.1,94.6,52.82,0.000319,0.000319,98656.2,31.5,58.4,1983,1985
21,0.000873,0.000873,98011.5,85.5,51.87,0.000318,0.000317,98624.8,31.3,57.41,1983,1985
22,0.000862,0.000862,97925.9,84.4,50.92,0.000309,0.000309,98593.5,30.4,56.43,1983,1985
23,0.000772,0.000771,97841.5,75.5,49.96,0.000308,0.000308,98563.0,30.3,55.45,1983,1985
24,0.000764,0.000764,97766.0,74.7,49.0,0.00032,0.00032,98532.7,31.5,54.47,1983,1985
25,0.000802,0.000802,97691.3,78.4,48.04,0.000369,0.000369,98501.2,36.4,53.48,1983,1985
26,0.000815,0.000814,97613.0,79.5,47.08,0.000397,0.000397,98464.8,39.0,52.5,1983,1985
27,0.000852,0.000852,97533.5,83.1,46.11,0.000392,0.000392,98425.7,38.6,51.52,1983,1985
28,0.000899,0.000898,97450.5,87.5,45.15,0.000448,0.000448,98387.1,44.1,50.54,1983,1985
29,0.000843,0.000842,97362.9,82.0,44.19,0.000455,0.000455,98343.1,44.7,49.57,1983,1985
30,0.000867,0.000867,97280.9,84.3,43.23,0.000485,0.000485,98298.4,47.7,48.59,1983,1985
31,0.000912,0.000912,97196.6,88.6,42.27,0.000527,0.000527,98250.7,51.7,47.61,1983,1985
32,0.001005,0.001004,97108.0,97.5,41.31,0.00057,0.00057,98198.9,56.0,46.64,1983,1985
33,0.001027,0.001026,97010.5,99.6,40.35,0.000628,0.000628,98143.0,61.6,45.66,1983,1985
34,0.001053,0.001052,96910.9,101.9,39.39,0.00066,0.00066,98081.4,64.7,44.69,1983,1985
35,0.001195,0.001194,96809.0,115.6,38.43,0.000772,0.000772,98016.6,75.7,43.72,1983,1985
36,0.001213,0.001212,96693.3,117.2,37.47,0.000787,0.000787,97941.0,77.1,42.75,1983,1985
37,0.001312,0.001312,96576.2,126.7,36.52,0.000844,0.000844,97863.9,82.6,41.79,1983,1985
38,0.001382,0.001381,96449.5,133.2,35.57,0.001023,0.001022,97781.3,99.9,40.82,1983,1985
39,0.001652,0.00165,96316.2,158.9,34.61,0.001153,0.001152,97681.4,112.5,39.86,1983,1985
40,0.001863,0.001861,96157.3,179.0,33.67,0.001172,0.001171,97568.8,114.3,38.91,1983,1985
41,0.00199,0.001988,95978.3,190.8,32.73,0.001297,0.001297,97454.6,126.4,37.95,1983,1985
42,0.002251,0.002249,95787.5,215.4,31.8,0.001508,0.001507,97328.2,146.7,37.0,1983,1985
43,0.002554,0.002551,95572.1,243.8,30.87,0.001715,0.001713,97181.5,166.5,36.06,1983,1985
44,0.002837,0.002833,95328.3,270.0,29.94,0.001864,0.001862,97015.0,180.6,35.12,1983,1985
45,0.003316,0.003311,95058.3,314.7,29.03,0.00212,0.002118,96834.4,205.1,34.18,1983,1985
46,0.003646,0.00364,94743.6,344.8,28.12,0.002233,0.002231,96629.3,215.5,33.26,1983,1985
47,0.003989,0.003981,94398.8,375.8,27.22,0.002602,0.002598,96413.8,250.5,32.33,1983,1985
48,0.004663,0.004652,94023.0,437.4,26.33,0.002864,0.00286,96163.3,275.0,31.41,1983,1985
49,0.005138,0.005124,93585.6,479.6,25.45,0.003254,0.003249,95888.3,311.5,30.5,1983,1985
50,0.005688,0.005672,93106.0,528.1,24.58,0.003557,0.003551,95576.7,339.4,29.6,1983,1985
51,0.006347,0.006327,92577.9,585.8,23.72,0.003815,0.003808,95237.3,362.7,28.7,1983,1985
52,0.0072,0.007174,91992.1,660.0,22.87,0.004498,0.004488,94874.7,425.8,27.81,1983,1985
53,0.008124,0.008091,91332.1,738.9,22.03,0.004859,0.004847,94448.9,457.8,26.93,1983,1985
54,0.00927,0.009227,90593.2,835.9,21.2,0.005451,0.005436,93991.1,511.0,26.06,1983,1985
55,0.01016,0.010109,89757.3,907.3,20.4,0.006049,0.006031,93480.1,563.8,25.2,1983,1985
56,0.011683,0.011615,88849.9,1032.0,19.6,0.006765,0.006743,92916.4,626.5,24.35,1983,1985
57,0.012986,0.012902,87817.9,1133.1,18.82,0.007338,0.007311,92289.9,674.7,23.51,1983,1985
58,0.014681,0.014574,86684.9,1263.3,18.06,0.008275,0.008241,91615.1,755.0,22.68,1983,1985
59,0.016161,0.016031,85421.6,1369.4,17.32,0.009048,0.009007,90860.1,818.4,21.87,1983,1985
60,0.018123,0.01796,84052.1,1509.6,16.6,0.010038,0.009988,90041.7,899.3,21.06,1983,1985
61,0.02001,0.019812,82542.6,1635.3,15.89,0.010772,0.010714,89142.4,955.1,20.27,1983,1985
62,0.022096,0.021854,80907.2,1768.2,15.2,0.012013,0.011941,88187.3,1053.0,19.48,1983,1985
63,0.024306,0.024014,79139.1,1900.4,14.53,0.012858,0.012776,87134.3,1113.3,18.71,1983,1985
64,0.02659,0.026241,77238.6,2026.8,13.88,0.014146,0.014047,86021.0,1208.3,17.95,1983,1985
65,0.029291,0.028868,75211.8,2171.2,13.24,0.015448,0.015329,84812.7,1300.1,17.2,1983,1985
66,0.032366,0.031851,73040.6,2326.4,12.61,0.017211,0.017064,83512.6,1425.0,16.46,1983,1985
67,0.035422,0.034806,70714.2,2461.2,12.01,0.018761,0.018586,82087.5,1525.7,15.73,1983,1985
68,0.039265,0.038509,68253.0,2628.4,11.43,0.02018,0.019978,80561.8,1609.5,15.02,1983,1985
69,0.042204,0.041332,65624.6,2712.4,10.87,0.022274,0.022029,78952.4,1739.2,14.32,1983,1985
70,0.046952,0.045875,62912.2,2886.1,10.31,0.025054,0.024744,77213.1,1910.5,13.63,1983,1985
71,0.051048,0.049777,60026.1,2987.9,9.78,0.026783,0.026429,75302.6,1990.2,12.96,1983,1985
72,0.056546,0.054991,57038.2,3136.6,9.27,0.030271,0.029819,73312.4,2186.1,12.3,1983,1985
73,0.061964,0.060101,53901.6,3239.6,8.78,0.033362,0.032815,71126.3,2334.0,11.66,1983,1985
74,0.068408,0.066145,50662.0,3351.0,8.31,0.036738,0.036075,68792.3,2481.7,11.04,1983,1985
75,0.074742,0.072049,47311.0,3408.7,7.86,0.041102,0.040275,66310.6,2670.6,10.44,1983,1985
76,0.081776,0.078564,43902.3,3449.1,7.44,0.045426,0.044417,63640.0,2826.7,9.85,1983,1985
77,0.08924,0.085428,40453.1,3455.8,7.03,0.049756,0.048548,60813.2,2952.3,9.29,1983,1985
78,0.097274,0.092763,36997.3,3432.0,6.64,0.055406,0.053912,57860.9,3119.4,8.74,1983,1985
79,0.106242,0.100883,33565.3,3386.2,6.26,0.061764,0.059914,54741.5,3279.8,8.2,1983,1985
80,0.116246,0.10986,30179.2,3315.5,5.91,0.069436,0.067106,51461.7,3453.4,7.7,1983,1985
81,0.12526,0.117877,26863.7,3166.6,5.58,0.077108,0.074246,48008.3,3564.4,7.21,1983,1985
82,0.137569,0.128715,23697.1,3050.2,5.26,0.086103,0.082549,44443.9,3668.8,6.75,1983,1985
83,0.150761,0.140193,20646.9,2894.5,4.96,0.096257,0.091837,40775.1,3744.7,6.31,1983,1985
84,0.162633,0.150403,17752.3,2670.0,4.69,0.107524,0.102038,37030.4,3778.5,5.9,1983,1985
85,0.175788,0.161586,15082.3,2437.1,4.43,0.119647,0.112894,33251.9,3753.9,5.52,1983,1985
86,0.1905,0.173933,12645.2,2199.4,4.19,0.133618,0.12525,29498.0,3694.6,5.15,1983,1985
87,0.201518,0.183072,10445.8,1912.3,3.96,0.147926,0.137739,25803.3,3554.1,4.82,1983,1985
88,0.217331,0.196029,8533.5,1672.8,3.74,0.161664,0.149574,22249.2,3327.9,4.51,1983,1985
89,0.232287,0.208116,6860.7,1427.8,3.53,0.178428,0.163813,18921.3,3099.6,4.22,1983,1985
90,0.250284,0.222447,5432.9,1208.5,3.32,0.197724,0.179935,15821.8,2846.9,3.95,1983,1985
91,0.268143,0.236443,4224.3,998.8,3.13,0.212437,0.192039,12974.9,2491.7,3.7,1983,1985
92,0.29241,0.255112,3225.5,822.9,2.95,0.23429,0.209722,10483.2,2198.6,3.46,1983,1985
93,0.310189,0.26854,2402.7,645.2,2.79,0.257232,0.227918,8284.6,1888.2,3.25,1983,1985
94,0.339111,0.289949,1757.4,509.6,2.63,0.277117,0.243392,6396.4,1556.8,3.06,1983,1985
95,0.359513,0.304735,1247.9,380.3,2.49,0.297564,0.259026,4839.6,1253.6,2.88,1983,1985
96,0.381847,0.320631,867.6,278.2,2.37,0.325254,0.279758,3586.0,1003.2,2.72,1983,1985
97,0.40711,0.338256,589.4,199.4,2.25,0.339754,0.290418,2582.8,750.1,2.58,1983,1985
98,0.433581,0.356331,390.0,139.0,2.14,0.362537,0.306905,1832.7,562.5,2.43,1983,1985
99,0.435345,0.357522,251.1,89.8,2.05,0.383886,0.322068,1270.2,409.1,2.28,1983,1985
100,0.508772,0.405594,161.3,65.4,1.92,0.42364,0.34959,861.1,301.0,2.13,1983,1985
0,0.010752,0.010694,100000.0,1069.4,71.73,0.00832,0.008285,100000.0,828.5,77.55,1984,1986
1,0.000764,0.000764,98930.6,75.6,71.5,0.000705,0.000705,99171.5,69.9,77.19,1984,1986
2,0.000465,0.000465,98855.0,46.0,70.55,0.000377,0.000377,99101.6,37.4,76.25,1984,1986
3,0.0004,0.0004,98809.0,39.5,69.59,0.000276,0.000276,99064.2,27.3,75.28,1984,1986
4,0.000277,0.000277,98769.5,27.4,68.61,0.000229,0.000229,99036.8,22.7,74.3,1984,1986
5,0.000256,0.000256,98742.1,25.3,67.63,0.000193,0.000193,99014.1,19.2,73.31,1984,1986
6,0.00022,0.00022,98716.8,21.7,66.65,0.000197,0.000197,98995.0,19.5,72.33,1984,1986
7,0.000256,0.000256,98695.1,25.3,65.66,0.000167,0.000167,98975.5,16.5,71.34,1984,1986
8,0.000217,0.000217,98669.9,21.4,64.68,0.000151,0.000151,98959.0,14.9,70.35,1984,1986
9,0.000195,0.000195,98648.5,19.3,63.7,0.000188,0.000188,98944.0,18.6,69.36,1984,1986
10,0.000229,0.000229,98629.2,22.6,62.71,0.000156,0.000156,98925.5,15.4,68.38,1984,1986
11,0.000256,0.000256,98606.6,25.2,61.72,0.000154,0.000154,98910.1,15.2,67.39,1984,1986
12,0.000241,0.000241,98581.4,23.8,60.74,0.00019,0.00019,98894.8,18.8,66.4,1984,1986
13,0.000268,0.000268,98557.6,26.4,59.75,0.000193,0.000193,98876.0,19.0,65.41,1984,1986
14,0.000346,0.000346,98531.2,34.1,58.77,0.000191,0.000191,98857.0,18.9,64.42,1984,1986
15,0.000419,0.000419,98497.2,41.3,57.79,0.000242,0.000242,98838.1,23.9,63.44,1984,1986
16,0.000532,0.000532,98455.9,52.3,56.81,0.000267,0.000267,98814.2,26.3,62.45,1984,1986
17,0.000802,0.000802,98403.6,78.9,55.84,0.000322,0.000322,98787.8,31.8,61.47,1984,1986
18,0.00091,0.000909,98324.7,89.4,54.89,0.000307,0.000307,98756.0,30.3,60.49,1984,1986
19,0.000907,0.000907,98235.2,89.1,53.94,0.000303,0.000303,98725.6,29.9,59.51,1984,1986
20,0.000931,0.000931,98146.2,91.4,52.98,0.000319,0.000319,98695.8,31.4,58.52,1984,1986
21,0.000879,0.000878,98054.8,86.1,52.03,0.000306,0.000306,98664.3,30.2,57.54,1984,1986
22,0.000871,0.000871,97968.7,85.3,51.08,0.000333,0.000333,98634.1,32.8,56.56,1984,1986
23,0.00082,0.000819,97883.4,80.2,50.12,0.00033,0.00033,98601.3,32.5,55.58,1984,1986
24,0.000783,0.000782,97803.2,76.5,49.16,0.000307,0.000307,98568.8,30.2,54.6,1984,1986
25,0.000777,0.000776,97726.7,75.9,48.2,0.000344,0.000344,98538.6,33.9,53.61,1984,1986
26,0.000816,0.000815,97650.8,79.6,47.24,0.000386,0.000385,98504.7,38.0,52.63,1984,1986
27,0.000828,0.000828,97571.2,80.8,46.28,0.000382,0.000382,98466.7,37.6,51.65,1984,1986
28,0.000906,0.000906,97490.4,88.3,45.31,0.00043,0.00043,98429.1,42.3,50.67,1984,1986
29,0.000834,0.000834,97402.1,81.2,44.36,0.000457,0.000457,98386.8,45.0,49.69,1984,1986
30,0.000867,0.000867,97320.9,84.3,43.39,0.000503,0.000503,98341.9,49.4,48.71,1984,1986
31,0.0009,0.0009,97236.6,87.5,42.43,0.000522,0.000522,98292.4,51.3,47.74,1984,1986
32,0.001009,0.001008,97149.1,98.0,41.47,0.000551,0.00055,98241.1,54.1,46.76,1984,1986
33,0.001031,0.00103,97051.1,100.0,40.51,0.000619,0.000619,98187.1,60.8,45.79,1984,1986
34,0.00108,0.00108,96951.1,104.7,39.55,0.000672,0.000672,98126.3,66.0,44.82,1984,1986
35,0.001137,0.001137,96846.4,110.1,38.59,0.000747,0.000747,98060.3,73.3,43.85,1984,1986
36,0.001234,0.001233,96736.4,119.3,37.63,0.000765,0.000764,97987.0,74.9,42.88,1984,1986
37,0.001356,0.001355,96617.0,130.9,36.68,0.000834,0.000834,97912.1,81.7,41.91,1984,1986
38,0.001391,0.00139,96486.1,134.1,35.73,0.000984,0.000983,97830.5,96.2,40.95,1984,1986
39,0.001563,0.001561,96352.0,150.4,34.78,0.001112,0.001112,97734.3,108.6,39.99,1984,1986
40,0.001883,0.001882,96201.6,181.0,33.83,0.001209,0.001208,97625.6,117.9,39.03,1984,1986
41,0.001951,0.001949,96020.6,187.1,32.9,0.001276,0.001276,97507.7,124.4,38.08,1984,1986
42,0.002153,0.00215,95833.5,206.1,31.96,0.001471,0.00147,97383.3,143.2,37.12,1984,1986
43,0.002493,0.00249,95627.4,238.1,31.03,0.001659,0.001658,97240.2,161.2,36.18,1984,1986
44,0.002793,0.002789,95389.3,266.0,30.1,0.00183,0.001828,97079.0,177.5,35.24,1984,1986
45,0.003297,0.003292,95123.3,313.1,29.19,0.002091,0.002089,96901.5,202.4,34.3,1984,1986
46,0.003613,0.003607,94810.1,341.9,28.28,0.002244,0.002242,96699.1,216.8,33.37,1984,1986
47,0.003903,0.003895,94468.2,368.0,27.38,0.002508,0.002505,96482.3,241.7,32.45,1984,1986
48,0.004481,0.004471,94100.2,420.7,26.49,0.002762,0.002758,96240.6,265.5,31.53,1984,1986
49,0.004957,0.004945,93679.5,463.2,25.6,0.003182,0.003177,95975.2,304.9,30.61,1984,1986
50,0.005577,0.005562,93216.3,518.5,24.73,0.003454,0.003448,95670.3,329.9,29.71,1984,1986
51,0.006314,0.006294,92697.8,583.4,23.86,0.003772,0.003764,95340.4,358.9,28.81,1984,1986
52,0.006988,0.006964,92114.4,641.5,23.01,0.004329,0.004319,94981.5,410.3,27.92,1984,1986
53,0.007951,0.007919,91472.9,724.4,22.17,0.004644,0.004634,94571.2,438.2,27.03,1984,1986
54,0.009002,0.008962,90748.5,813.3,21.34,0.005245,0.005231,94133.0,492.4,26.16,1984,1986
55,0.009835,0.009786,89935.3,880.1,20.53,0.005842,0.005825,93640.6,545.5,25.29,1984,1986
56,0.01128,0.011217,89055.1,998.9,19.73,0.006593,0.006571,93095.1,611.7,24.44,1984,1986
57,0.012519,0.012441,88056.2,1095.5,18.95,0.007104,0.007079,92483.4,654.7,23.6,1984,1986
58,0.014205,0.014105,86960.7,1226.6,18.18,0.008149,0.008116,91828.7,745.3,22.76,1984,1986
59,0.016056,0.015928,85734.2,1365.6,17.43,0.008978,0.008938,91083.5,814.1,21.94,1984,1986
60,0.017876,0.017718,84368.6,1494.8,16.71,0.009865,0.009817,90269.3,886.2,21.14,1984,1986
61,0.019861,0.019665,82873.8,1629.7,16.0,0.010684,0.010627,89383.2,949.9,20.34,1984,1986
62,0.021731,0.021498,81244.0,1746.6,15.31,0.011982,0.01191,88433.3,1053.3,19.55,1984,1986
63,0.024055,0.023769,79497.5,1889.5,14.63,0.012979,0.012896,87380.1,1126.8,18.78,1984,1986
64,0.025916,0.025585,77607.9,1985.6,13.98,0.013883,0.013788,86253.2,1189.2,18.02,1984,1986
65,0.028868,0.028457,75622.3,2152.0,13.33,0.015278,0.015162,85064.0,1289.8,17.27,1984,1986
66,0.031375,0.03089,73470.4,2269.5,12.71,0.016856,0.016716,83774.3,1400.3,16.53,1984,1986
67,0.035116,0.03451,71200.8,2457.1,12.1,0.018796,0.018621,82373.9,1533.9,15.8,1984,1986
68,0.038707,0.037972,68743.7,2610.3,11.51,0.020171,0.019969,80840.0,1614.3,15.09,1984,1986
69,0.041673,0.040823,66133.4,2699.8,10.95,0.02239,0.022142,79225.7,1754.2,14.39,1984,1986
70,0.046183,0.04514,63433.6,2863.4,10.39,0.024651,0.024351,77471.5,1886.5,13.7,1984,1986
71,0.05011,0.048885,60570.2,2961.0,9.86,0.026676,0.026325,75585.0,1989.8,13.03,1984,1986
72,0.055967,0.054443,57609.3,3136.4,9.34,0.030127,0.02968,73595.2,2184.3,12.37,1984,1986
73,0.060855,0.059058,54472.8,3217.0,8.85,0.03303,0.032493,71410.9,2320.4,11.73,1984,1986
74,0.067351,0.065157,51255.8,3339.7,8.37,0.036667,0.036007,69090.6,2487.7,11.11,1984,1986
75,0.073714,0.071094,47916.1,3406.5,7.92,0.040787,0.039972,66602.8,2662.3,10.51,1984,1986
76,0.081491,0.0783,44509.6,3485.1,7.49,0.044581,0.043609,63940.6,2788.4,9.92,1984,1986
77,0.088421,0.084678,41024.5,3473.8,7.08,0.04943,0.048238,61152.2,2949.9,9.35,1984,1986
78,0.096306,0.091881,37550.6,3450.2,6.69,0.054655,0.053201,58202.3,3096.4,8.8,1984,1986
79,0.105077,0.099832,34100.4,3404.3,6.32,0.061457,0.059625,55105.9,3285.7,8.27,1984,1986
80,0.115414,0.109117,30696.1,3349.5,5.96,0.068722,0.066439,51820.3,3442.9,7.76,1984,1986
81,0.123224,0.116072,27346.6,3174.2,5.63,0.07608,0.073292,48377.3,3545.7,7.28,1984,1986
82,0.135698,0.127076,24172.4,3071.7,5.31,0.084895,0.081438,44831.7,3651.0,6.81,1984,1986
83,0.147156,0.13707,21100.7,2892.3,5.01,0.094803,0.090513,41180.7,3727.4,6.37,1984,1986
84,0.159846,0.148016,18208.4,2695.1,4.72,0.105776,0.100463,37453.3,3762.7,5.96,1984,1986
85,0.175103,0.161007,15513.3,2497.7,4.45,0.117653,0.111116,33690.6,3743.6,5.56,1984,1986
86,0.190513,0.173943,13015.6,2264.0,4.21,0.131309,0.123219,29947.1,3690.0,5.2,1984,1986
87,0.198453,0.180539,10751.6,1941.1,4.0,0.145834,0.135923,26257.0,3568.9,4.86,1984,1986
88,0.217529,0.19619,8810.5,1728.5,3.77,0.159859,0.148027,22688.1,3358.5,4.54,1984,1986
89,0.229329,0.205738,7082.0,1457.0,3.56,0.175385,0.161245,19329.6,3116.8,4.25,1984,1986
90,0.246266,0.219267,5624.9,1233.4,3.36,0.196324,0.178775,16212.8,2898.4,3.97,1984,1986
91,0.267714,0.236109,4391.6,1036.9,3.16,0.21035,0.190332,13314.4,2534.1,3.72,1984,1986
92,0.28959,0.252962,3354.7,848.6,2.98,0.231596,0.207561,10780.2,2237.6,3.48,1984,1986
93,0.308418,0.267211,2506.1,669.7,2.82,0.2585,0.228913,8542.7,1955.5,3.26,1984,1986
94,0.334238,0.286378,1836.4,525.9,2.67,0.274856,0.241647,6587.1,1591.8,3.08,1984,1986
95,0.35086,0.298495,1310.5,391.2,2.54,0.298756,0.259929,4995.4,1298.4,2.9,1984,1986
96,0.37627,0.31669,919.3,291.1,2.4,0.324753,0.279387,3696.9,1032.9,2.74,1984,1986
97,0.400558,0.333721,628.2,209.6,2.29,0.335993,0.287666,2664.1,766.4,2.61,1984,1986
98,0.430537,0.354273,418.5,148.3,2.18,0.357104,0.303003,1897.7,575.0,2.46,1984,1986
99,0.445279,0.364195,270.3,98.4,2.1,0.386318,0.323778,1322.7,428.3,2.31,1984,1986
100,0.469671,0.380351,171.8,65.4,2.02,0.421136,0.347883,894.4,311.2,2.18,1984,1986
0,0.010629,0.010573,100000.0,1057.3,71.91,0.008129,0.008096,100000.0,809.6,77.68,1985,1987
1,0.00071,0.00071,98942.7,70.3,71.67,0.000699,0.000699,99190.4,69.3,77.32,1985,1987
2,0.000464,0.000464,98872.4,45.9,70.72,0.000381,0.000381,99121.1,37.8,76.37,1985,1987
3,0.000366,0.000366,98826.6,36.2,69.76,0.000286,0.000286,99083.3,28.3,75.4,1985,1987
4,0.00029,0.00029,98790.4,28.7,68.78,0.000221,0.000221,99055.0,21.9,74.42,1985,1987
5,0.000253,0.000253,98761.7,25.0,67.8,0.000185,0.000185,99033.1,18.3,73.44,1985,1987
6,0.000213,0.000213,98736.7,21.0,66.82,0.000184,0.000184,99014.8,18.2,72.45,1985,1987
7,0.00023,0.00023,98715.7,22.7,65.83,0.000147,0.000147,98996.6,14.6,71.46,1985,1987
8,0.000203,0.000203,98692.9,20.0,64.85,0.000142,0.000142,98982.1,14.0,70.47,1985,1987
9,0.00018,0.00018,98672.9,17.7,63.86,0.000184,0.000184,98968.0,18.2,69.48,1985,1987
10,0.000199,0.000199,98655.2,19.6,62.87,0.000146,0.000146,98949.8,14.5,68.5,1985,1987
11,0.00024,0.00024,98635.6,23.7,61.89,0.000155,0.000155,98935.3,15.4,67.51,1985,1987
12,0.000226,0.000226,98611.9,22.3,60.9,0.000186,0.000186,98919.9,18.4,66.52,1985,1987
13,0.000296,0.000296,98589.6,29.2,59.91,0.00019,0.00019,98901.6,18.8,65.53,1985,1987
14,0.00034,0.00034,98560.4,33.5,58.93,0.000197,0.000197,98882.8,19.5,64.54,1985,1987
15,0.000408,0.000408,98526.9,40.2,57.95,0.000224,0.000224,98863.3,22.1,63.55,1985,1987
16,0.000524,0.000524,98486.7,51.6,56.97,0.000256,0.000256,98841.2,25.3,62.57,1985,1987
17,0.000806,0.000806,98435.1,79.3,56.0,0.000309,0.000309,98815.8,30.6,61.58,1985,1987
18,0.000922,0.000922,98355.8,90.7,55.05,0.000332,0.000332,98785.3,32.8,60.6,1985,1987
19,0.000917,0.000917,98265.1,90.1,54.1,0.000308,0.000308,98752.5,30.4,59.62,1985,1987
20,0.000924,0.000924,98175.1,90.7,53.15,0.000324,0.000324,98722.1,32.0,58.64,1985,1987
21,0.000917,0.000916,98084.4,89.9,52.2,0.000298,0.000298,98690.1,29.4,57.66,1985,1987
22,0.000883,0.000882,97994.5,86.4,51.24,0.000319,0.000319,98660.7,31.5,56.68,1985,1987
23,0.00082,0.000819,97908.0,80.2,50.29,0.00033,0.00033,98629.2,32.6,55.69,1985,1987
24,0.000796,0.000796,97827.8,77.8,49.33,0.000314,0.000314,98596.7,31.0,54.71,1985,1987
25,0.000774,0.000774,97750.0,75.6,48.37,0.000333,0.000333,98565.7,32.8,53.73,1985,1987
26,0.000826,0.000825,97674.4,80.6,47.41,0.000372,0.000372,98532.9,36.6,52.75,1985,1987
27,0.000805,0.000805,97593.8,78.5,46.44,0.000358,0.000358,98496.3,35.2,51.77,1985,1987
28,0.000878,0.000877,97515.2,85.6,45.48,0.000414,0.000414,98461.0,40.8,50.78,1985,1987
29,0.000811,0.00081,97429.6,78.9,44.52,0.000445,0.000445,98420.3,43.8,49.81,1985,1987
30,0.000916,0.000916,97350.7,89.2,43.56,0.000514,0.000514,98376.5,50.6,48.83,1985,1987
31,0.000927,0.000927,97261.5,90.1,42.6,0.000529,0.000529,98325.9,52.0,47.85,1985,1987
32,0.001002,0.001001,97171.4,97.3,41.64,0.000575,0.000575,98273.8,56.5,46.88,1985,1987
33,0.001037,0.001036,97074.1,100.6,40.68,0.000623,0.000623,98217.4,61.2,45.9,1985,1987
34,0.001096,0.001096,96973.5,106.3,39.72,0.000671,0.00067,98156.2,65.8,44.93,1985,1987
35,0.001145,0.001144,96867.3,110.9,38.76,0.000745,0.000744,98090.4,73.0,43.96,1985,1987
36,0.001267,0.001266,96756.4,122.5,37.81,0.000799,0.000798,98017.4,78.2,42.99,1985,1987
37,0.00136,0.001359,96633.9,131.3,36.85,0.000871,0.00087,97939.1,85.2,42.03,1985,1987
38,0.001381,0.00138,96502.6,133.2,35.9,0.00093,0.00093,97853.9,91.0,41.06,1985,1987
39,0.001542,0.00154,96369.4,148.4,34.95,0.00107,0.001069,97762.9,104.5,40.1,1985,1987
40,0.001803,0.001801,96220.9,173.3,34.0,0.001204,0.001204,97658.3,117.5,39.14,1985,1987
41,0.001953,0.001951,96047.6,187.4,33.06,0.001286,0.001285,97540.8,125.4,38.19,1985,1987
42,0.002205,0.002203,95860.2,211.2,32.13,0.001434,0.001433,97415.5,139.6,37.24,1985,1987
43,0.002433,0.00243,95649.0,232.4,31.2,0.001606,0.001605,97275.8,156.1,36.29,1985,1987
44,0.002758,0.002754,95416.6,262.8,30.27,0.001786,0.001785,97119.7,173.3,35.35,1985,1987
45,0.003183,0.003178,95153.9,302.4,29.36,0.002072,0.002069,96946.4,200.6,34.41,1985,1987
46,0.003598,0.003592,94851.5,340.7,28.45,0.002251,0.002249,96745.8,217.5,33.48,1985,1987
47,0.003841,0.003834,94510.8,362.3,27.55,0.002458,0.002455,96528.2,237.0,32.56,1985,1987
48,0.00425,0.004241,94148.4,399.3,26.65,0.002749,0.002746,96291.2,264.4,31.64,1985,1987
49,0.004746,0.004734,93749.1,443.8,25.76,0.003051,0.003047,96026.8,292.6,30.72,1985,1987
50,0.005422,0.005407,93305.3,504.5,24.88,0.003391,0.003385,95734.3,324.0,29.81,1985,1987
51,0.006182,0.006163,92800.8,571.9,24.02,0.003664,0.003657,95410.2,348.9,28.91,1985,1987
52,0.006812,0.006789,92228.9,626.2,23.16,0.004271,0.004262,95061.3,405.1,28.02,1985,1987
53,0.007678,0.007648,91602.7,700.6,22.32,0.004599,0.004588,94656.2,434.3,27.14,1985,1987
54,0.008763,0.008725,90902.1,793.1,21.49,0.005088,0.005075,94221.9,478.2,26.26,1985,1987
55,0.009592,0.009546,90109.0,860.2,20.67,0.005663,0.005647,93743.7,529.4,25.39,1985,1987
56,0.010998,0.010938,89248.8,976.2,19.86,0.006433,0.006413,93214.3,597.8,24.53,1985,1987
57,0.012419,0.012342,88272.6,1089.5,19.08,0.006853,0.006829,92616.5,632.5,23.69,1985,1987
58,0.013963,0.013866,87183.1,1208.9,18.31,0.007997,0.007966,91984.0,732.7,22.85,1985,1987
59,0.01558,0.015459,85974.2,1329.1,17.56,0.008773,0.008734,91251.3,797.0,22.03,1985,1987
60,0.017389,0.017239,84645.1,1459.2,16.83,0.009777,0.009729,90454.3,880.0,21.22,1985,1987
61,0.019492,0.019304,83185.9,1605.8,16.12,0.010695,0.010638,89574.3,952.9,20.42,1985,1987
62,0.021314,0.021089,81580.1,1720.5,15.42,0.011916,0.011845,88621.4,1049.8,19.63,1985,1987
63,0.023359,0.02309,79859.6,1843.9,14.74,0.012917,0.012834,87571.6,1123.9,18.86,1985,1987
64,0.026046,0.025711,78015.7,2005.9,14.08,0.014089,0.013991,86447.7,1209.5,18.1,1985,1987
65,0.028434,0.028036,76009.8,2131.0,13.44,0.015207,0.015092,85238.2,1286.4,17.35,1985,1987
66,0.030605,0.030144,73878.8,2227.0,12.81,0.016628,0.016491,83951.8,1384.5,16.61,1985,1987
67,0.033993,0.033425,71651.8,2395.0,12.2,0.018303,0.018137,82567.3,1497.5,15.88,1985,1987
68,0.038276,0.037557,69256.9,2601.1,11.6,0.02019,0.019989,81069.8,1620.5,15.16,1985,1987
69,0.041754,0.040901,66655.8,2726.3,11.03,0.022437,0.022188,79449.3,1762.8,14.46,1985,1987
70,0.045626,0.044609,63929.5,2851.8,10.48,0.024407,0.024113,77686.5,1873.2,13.78,1985,1987
71,0.049827,0.048616,61077.7,2969.3,9.95,0.026594,0.026245,75813.3,1989.7,13.11,1985,1987
72,0.055098,0.053621,58108.4,3115.8,9.43,0.030006,0.029563,73823.6,2182.4,12.45,1985,1987
73,0.059854,0.058115,54992.5,3195.9,8.94,0.032753,0.032226,71641.1,2308.7,11.81,1985,1987
74,0.066043,0.063932,51796.6,3311.5,8.46,0.036418,0.035767,69332.5,2479.8,11.19,1985,1987
75,0.072563,0.070022,48485.2,3395.0,8.0,0.040438,0.039636,66852.7,2649.8,10.58,1985,1987
76,0.080967,0.077817,45090.1,3508.8,7.57,0.044235,0.043278,64202.9,2778.6,10.0,1985,1987
77,0.087135,0.083497,41581.3,3471.9,7.16,0.048744,0.047584,61424.3,2922.8,9.43,1985,1987
78,0.094431,0.090174,38109.4,3436.5,6.77,0.053967,0.052549,58501.5,3074.2,8.88,1985,1987
79,0.103886,0.098756,34673.0,3424.2,6.39,0.060847,0.05905,55427.2,3273.0,8.34,1985,1987
80,0.113056,0.107008,31248.8,3343.9,6.04,0.0679,0.065671,52154.3,3425.0,7.83,1985,1987
81,0.122113,0.115087,27904.9,3211.5,5.7,0.075144,0.072423,48729.3,3529.1,7.35,1985,1987
82,0.132805,0.124535,24693.5,3075.2,5.37,0.083932,0.080551,45200.2,3640.9,6.88,1985,1987
83,0.145688,0.135796,21618.3,2935.7,5.07,0.093498,0.089323,41559.2,3712.2,6.44,1985,1987
84,0.157446,0.145956,18682.6,2726.8,4.79,0.104537,0.099344,37847.0,3759.9,6.02,1985,1987
85,0.171408,0.157877,15955.7,2519.1,4.52,0.11529,0.109006,34087.2,3715.7,5.63,1985,1987
86,0.187463,0.171398,13436.7,2303.0,4.27,0.129453,0.121584,30371.5,3692.7,5.26,1985,1987
87,0.195657,0.178222,11133.7,1984.3,4.05,0.143296,0.133716,26678.8,3567.4,4.92,1985,1987
88,0.214735,0.193914,9149.4,1774.2,3.82,0.156499,0.145142,23111.4,3354.4,4.6,1985,1987
89,0.229867,0.206171,7375.2,1520.6,3.62,0.174757,0.160714,19757.0,3175.2,4.3,1985,1987
90,0.240846,0.21496,5854.7,1258.5,3.43,0.192068,0.175239,16581.8,2905.8,4.03,1985,1987
91,0.260623,0.230576,4596.1,1059.8,3.23,0.204017,0.185132,13676.0,2531.9,3.78,1985,1987
92,0.280767,0.246204,3536.4,870.7,3.05,0.229765,0.206089,11144.1,2296.7,3.52,1985,1987
93,0.303837,0.263766,2665.7,703.1,2.89,0.253068,0.224643,8847.4,1987.5,3.31,1985,1987
94,0.326455,0.280646,1962.6,550.8,2.74,0.27186,0.239328,6859.9,1641.8,3.12,1985,1987
95,0.341338,0.291575,1411.8,411.6,2.62,0.29111,0.254121,5218.1,1326.0,2.94,1985,1987
96,0.374394,0.315359,1000.1,315.4,2.49,0.319827,0.275734,3892.1,1073.2,2.78,1985,1987
97,0.387486,0.324597,684.7,222.3,2.4,0.334748,0.286753,2818.9,808.3,2.64,1985,1987
98,0.419453,0.346734,462.5,160.4,2.32,0.350701,0.29838,2010.6,599.9,2.5,1985,1987
99,0.390194,0.326496,302.1,98.6,2.28,0.370457,0.312561,1410.7,440.9,2.35,1985,1987
100,0.439799,0.360521,203.5,73.4,2.14,0.423106,0.349226,969.7,338.7,2.2,1985,1987
0,0.010547,0.010491,100000.0,1049.1,72.15,0.007919,0.007888,100000.0,788.8,77.92,1986,1988
1,0.000697,0.000697,98950.9,69.0,71.92,0.00063,0.00063,99211.2,62.5,77.53,1986,1988
2,0.000441,0.000441,98881.9,43.6,70.96,0.000387,0.000387,99148.6,38.4,76.58,1986,1988
3,0.00035,0.00035,98838.3,34.6,70.0,0.000296,0.000296,99110.2,29.3,75.61,1986,1988
4,0.000276,0.000276,98803.6,27.2,69.02,0.000232,0.000232,99080.9,23.0,74.63,1986,1988
5,0.000248,0.000248,98776.4,24.5,68.04,0.000177,0.000177,99058.0,17.5,73.65,1986,1988
6,0.000222,0.000222,98751.9,22.0,67.06,0.00017,0.00017,99040.4,16.8,72.67,1986,1988
7,0.00022,0.00022,98729.9,21.8,66.07,0.000151,0.000151,99023.6,15.0,71.68,1986,1988
8,0.000221,0.000221,98708.2,21.8,65.09,0.000139,0.000139,99008.6,13.8,70.69,1986,1988
9,0.000184,0.000184,98686.4,18.2,64.1,0.000138,0.000138,98994.8,13.6,69.7,1986,1988
10,0.000191,0.000191,98668.2,18.9,63.11,0.000135,0.000135,98981.2,13.3,68.71,1986,1988
11,0.000215,0.000215,98649.3,21.2,62.12,0.000143,0.000143,98967.8,14.1,67.72,1986,1988
12,0.000217,0.000217,98628.1,21.4,61.14,0.000162,0.000162,98953.7,16.0,66.73,1986,1988
13,0.000305,0.000305,98606.7,30.1,60.15,0.000178,0.000178,98937.7,17.6,65.74,1986,1988
14,0.000322,0.000322,98576.6,31.8,59.17,0.000197,0.000197,98920.1,19.5,64.75,1986,1988
15,0.000403,0.000403,98544.8,39.7,58.19,0.000235,0.000235,98900.6,23.2,63.76,1986,1988
16,0.000524,0.000523,98505.2,51.6,57.21,0.000253,0.000253,98877.4,25.1,62.78,1986,1988
17,0.00082,0.00082,98453.6,80.7,56.24,0.000299,0.000299,98852.4,29.6,61.79,1986,1988
18,0.000928,0.000927,98372.9,91.2,55.29,0.000347,0.000347,98822.8,34.3,60.81,1986,1988
19,0.000918,0.000917,98281.7,90.2,54.34,0.000317,0.000317,98788.5,31.3,59.83,1986,1988
20,0.000942,0.000941,98191.5,92.4,53.39,0.000333,0.000333,98757.2,32.9,58.85,1986,1988
21,0.000917,0.000917,98099.1,90.0,52.44,0.000302,0.000301,98724.4,29.8,57.87,1986,1988
22,0.000898,0.000897,98009.1,87.9,51.48,0.000313,0.000313,98694.6,30.8,56.89,1986,1988
23,0.000868,0.000867,97921.2,84.9,50.53,0.00033,0.00033,98663.8,32.6,55.9,1986,1988
24,0.00082,0.000819,97836.3,80.1,49.57,0.000321,0.000321,98631.2,31.7,54.92,1986,1988
25,0.000797,0.000797,97756.2,77.9,48.61,0.000334,0.000334,98599.5,32.9,53.94,1986,1988
26,0.000833,0.000833,97678.3,81.4,47.65,0.000357,0.000357,98566.6,35.2,52.96,1986,1988
27,0.000825,0.000825,97596.9,80.5,46.69,0.000366,0.000366,98531.4,36.1,51.98,1986,1988
28,0.000886,0.000886,97516.4,86.4,45.73,0.000386,0.000386,98495.3,38.0,51.0,1986,1988
29,0.000847,0.000846,97430.0,82.5,44.77,0.000435,0.000435,98457.3,42.8,50.01,1986,1988
30,0.00093,0.00093,97347.6,90.5,43.81,0.00048,0.00048,98414.5,47.2,49.04,1986,1988
31,0.000945,0.000945,97257.0,91.9,42.85,0.000537,0.000537,98367.3,52.8,48.06,1986,1988
32,0.001031,0.001031,97165.1,100.2,41.89,0.000571,0.000571,98314.4,56.1,47.09,1986,1988
33,0.001097,0.001097,97065.0,106.5,40.93,0.000616,0.000615,98258.3,60.5,46.11,1986,1988
34,0.001166,0.001165,96958.5,112.9,39.97,0.000717,0.000717,98197.9,70.4,45.14,1986,1988
35,0.001138,0.001137,96845.6,110.1,39.02,0.000735,0.000735,98127.5,72.1,44.17,1986,1988
36,0.001254,0.001253,96735.4,121.2,38.06,0.000776,0.000776,98055.3,76.1,43.2,1986,1988
37,0.001345,0.001344,96614.2,129.9,37.11,0.000907,0.000907,97979.2,88.8,42.24,1986,1988
38,0.00143,0.001429,96484.4,137.9,36.16,0.00093,0.00093,97890.4,91.0,41.28,1986,1988
39,0.001505,0.001504,96346.5,144.9,35.21,0.001044,0.001044,97799.4,102.1,40.31,1986,1988
40,0.00171,0.001709,96201.6,164.4,34.26,0.001176,0.001175,97697.3,114.8,39.35,1986,1988
41,0.001918,0.001916,96037.2,184.0,33.32,0.001298,0.001297,97582.5,126.6,38.4,1986,1988
42,0.002181,0.002178,95853.2,208.8,32.38,0.001444,0.001443,97455.9,140.7,37.45,1986,1988
43,0.002412,0.002409,95644.4,230.4,31.45,0.001602,0.001601,97315.3,155.8,36.5,1986,1988
44,0.002706,0.002702,95414.0,257.8,30.53,0.001741,0.001739,97159.5,169.0,35.56,1986,1988
45,0.003071,0.003067,95156.1,291.8,29.61,0.002041,0.002039,96990.5,197.8,34.62,1986,1988
46,0.003487,0.003481,94864.3,330.2,28.7,0.002303,0.002301,96792.8,222.7,33.69,1986,1988
47,0.003865,0.003858,94534.1,364.7,27.8,0.002425,0.002422,96570.1,233.9,32.77,1986,1988
48,0.004192,0.004183,94169.5,393.9,26.9,0.002703,0.002699,96336.2,260.0,31.85,1986,1988
49,0.004689,0.004678,93775.5,438.7,26.01,0.002952,0.002947,96076.1,283.2,30.93,1986,1988
50,0.005372,0.005358,93336.8,500.1,25.13,0.003282,0.003277,95793.0,313.9,30.02,1986,1988
51,0.005953,0.005935,92836.8,551.0,24.27,0.003634,0.003627,95479.1,346.3,29.12,1986,1988
52,0.006502,0.006481,92285.7,598.1,23.41,0.004046,0.004038,95132.8,384.1,28.22,1986,1988
53,0.007485,0.007457,91687.6,683.7,22.56,0.004558,0.004547,94748.7,430.9,27.33,1986,1988
54,0.008413,0.008378,91003.9,762.4,21.72,0.004895,0.004884,94317.8,460.6,26.46,1986,1988
55,0.009398,0.009354,90241.5,844.1,20.9,0.005492,0.005477,93857.2,514.1,25.58,1986,1988
56,0.010652,0.010596,89397.4,947.2,20.1,0.006188,0.006169,93343.1,575.8,24.72,1986,1988
57,0.011983,0.011912,88450.2,1053.6,19.31,0.006702,0.00668,92767.3,619.7,23.87,1986,1988
58,0.013243,0.013156,87396.6,1149.8,18.53,0.007699,0.007669,92147.6,706.7,23.03,1986,1988
59,0.015167,0.015053,86246.8,1298.2,17.77,0.00855,0.008514,91441.0,778.5,22.2,1986,1988
60,0.016813,0.016673,84948.5,1416.4,17.04,0.009448,0.009403,90662.4,852.5,21.39,1986,1988
61,0.018994,0.018816,83532.2,1571.7,16.32,0.010509,0.010454,89809.9,938.9,20.59,1986,1988
62,0.020788,0.020575,81960.5,1686.3,15.62,0.01172,0.011652,88871.1,1035.5,19.8,1986,1988
63,0.022873,0.022614,80274.2,1815.4,14.94,0.01279,0.012708,87835.5,1116.2,19.03,1986,1988
64,0.025412,0.025093,78458.8,1968.8,14.27,0.013828,0.013733,86719.3,1190.9,18.27,1986,1988
65,0.02805,0.027662,76490.0,2115.9,13.63,0.01525,0.015134,85528.4,1294.4,17.52,1986,1988
66,0.030235,0.029785,74374.2,2215.2,13.0,0.016388,0.016255,84234.0,1369.2,16.78,1986,1988
67,0.033322,0.032776,72159.0,2365.1,12.38,0.017934,0.017775,82864.8,1472.9,16.05,1986,1988
68,0.036476,0.035822,69793.9,2500.2,11.79,0.019655,0.019464,81391.9,1584.2,15.33,1986,1988
69,0.041117,0.040289,67293.7,2711.2,11.21,0.022454000000000002,0.022205,79807.7,1772.1,14.62,1986,1988
70,0.044502,0.043534,64582.5,2811.5,10.66,0.023889,0.023607,78035.6,1842.2,13.94,1986,1988
71,0.048077,0.046948,61771.0,2900.0,10.12,0.026446,0.026101,76193.4,1988.7,13.27,1986,1988
72,0.053965,0.052547,58871.0,3093.5,9.59,0.029028,0.028613,74204.7,2123.2,12.61,1986,1988
73,0.058756,0.057079,55777.5,3183.7,9.1,0.031984,0.03148,72081.5,2269.1,11.97,1986,1988
74,0.064364,0.062357,52593.7,3279.6,8.62,0.035911,0.035278,69812.4,2462.8,11.34,1986,1988
75,0.070478,0.068079,49314.1,3357.3,8.16,0.039252,0.038497,67349.6,2592.7,10.73,1986,1988
76,0.078258,0.075311,45956.8,3461.1,7.72,0.043301,0.042383,64756.8,2744.6,10.14,1986,1988
77,0.08469,0.08125,42495.8,3452.8,7.3,0.047603,0.046496,62012.2,2883.3,9.57,1986,1988
78,0.091885,0.087849,39043.0,3429.9,6.9,0.052723,0.051369,59128.9,3037.4,9.01,1986,1988
79,0.100727,0.095897,35613.1,3415.2,6.52,0.059562,0.057839,56091.5,3244.3,8.47,1986,1988
80,0.110608,0.104811,32197.9,3374.7,6.16,0.065739,0.063647,52847.3,3363.6,7.96,1986,1988
81,0.119433,0.112703,28823.2,3248.5,5.82,0.073325,0.070732,49483.7,3500.1,7.47,1986,1988
82,0.128632,0.120859,25574.8,3090.9,5.5,0.082203,0.078957,45983.6,3630.7,7.0,1986,1988
83,0.140816,0.131553,22483.8,2957.8,5.19,0.091327,0.087338,42352.9,3699.0,6.56,1986,1988
84,0.15267,0.141842,19526.0,2769.6,4.9,0.101252,0.096373,38653.8,3725.2,6.14,1986,1988
85,0.166262,0.153501,16756.4,2572.1,4.62,0.11213,0.106177,34928.6,3708.6,5.74,1986,1988
86,0.181959,0.166785,14184.3,2365.7,4.37,0.125519,0.118107,31220.0,3687.3,5.36,1986,1988
87,0.193504,0.176434,11818.5,2085.2,4.14,0.139117,0.13007,27532.7,3581.2,5.01,1986,1988
88,0.208479,0.188799,9733.3,1837.6,3.92,0.152172,0.141413,23951.5,3387.1,4.69,1986,1988
89,0.225742,0.202846,7895.7,1601.6,3.72,0.170676,0.157256,20564.5,3233.9,4.38,1986,1988
90,0.231238,0.207274,6294.1,1304.6,3.54,0.186073,0.170235,17330.6,2950.3,4.1,1986,1988
91,0.248291,0.220871,4989.5,1102.0,3.34,0.199595,0.181483,14380.3,2609.8,3.84,1986,1988
92,0.268599,0.236798,3887.5,920.5,3.14,0.223017,0.200643,11770.5,2361.7,3.58,1986,1988
93,0.294568,0.256752,2966.9,761.8,2.96,0.245952,0.219018,9408.9,2060.7,3.36,1986,1988
94,0.312139,0.27,2205.2,595.4,2.81,0.265826,0.234639,7348.2,1724.2,3.16,1986,1988
95,0.334969,0.286915,1609.8,461.9,2.66,0.285368,0.249735,5624.0,1404.5,2.98,1986,1988
96,0.359346,0.304615,1147.9,349.7,2.53,0.313158,0.270763,4219.5,1142.5,2.8,1986,1988
97,0.37446,0.315407,798.2,251.8,2.42,0.335975,0.287653,3077.0,885.1,2.65,1986,1988
98,0.419206,0.346565,546.5,189.4,2.31,0.346762,0.295524,2191.9,647.8,2.52,1986,1988
99,0.388889,0.325581,357.1,116.3,2.27,0.368953,0.311491,1544.1,481.0,2.37,1986,1988
100,0.433121,0.356021,240.8,85.7,2.12,0.416977,0.34504,1063.2,366.8,2.22,1986,1988
0,0.010086,0.010035,100000.0,1003.5,72.41,0.007638,0.007609,100000.0,760.9,78.05,1987,1989
1,0.000704,0.000703,98996.5,69.6,72.14,0.000599,0.000599,99239.1,59.4,77.65,1987,1989
2,0.000454,0.000454,98926.8,44.9,71.19,0.000377,0.000377,99179.7,37.4,76.7,1987,1989
3,0.000346,0.000346,98881.9,34.2,70.22,0.000302,0.000302,99142.2,29.9,75.73,1987,1989
4,0.000273,0.000273,98847.7,27.0,69.25,0.000234,0.000234,99112.3,23.2,74.75,1987,1989
5,0.000254,0.000254,98820.7,25.1,68.27,0.000183,0.000183,99089.1,18.1,73.77,1987,1989
6,0.000226,0.000226,98795.6,22.3,67.28,0.000162,0.000162,99071.0,16.0,72.78,1987,1989
7,0.000225,0.000225,98773.3,22.2,66.3,0.000146,0.000146,99055.0,14.5,71.79,1987,1989
8,0.000218,0.000217,98751.1,21.5,65.31,0.000134,0.000134,99040.5,13.3,70.8,1987,1989
9,0.000188,0.000188,98729.7,18.6,64.33,0.000136,0.000136,99027.2,13.5,69.81,1987,1989
10,0.000196,0.000196,98711.1,19.3,63.34,0.000133,0.000133,99013.7,13.2,68.82,1987,1989
11,0.000215,0.000215,98691.8,21.2,62.35,0.000135,0.000135,99000.5,13.3,67.83,1987,1989
12,0.000226,0.000226,98670.6,22.3,61.36,0.00016,0.00016,98987.2,15.8,66.84,1987,1989
13,0.000299,0.000299,98648.3,29.5,60.38,0.00017,0.00017,98971.4,16.9,65.85,1987,1989
14,0.000316,0.000316,98618.8,31.2,59.4,0.000203,0.000203,98954.5,20.1,64.86,1987,1989
15,0.000398,0.000398,98587.6,39.2,58.41,0.000231,0.000231,98934.4,22.9,63.87,1987,1989
16,0.000527,0.000526,98548.4,51.9,57.44,0.000255,0.000255,98911.6,25.2,62.89,1987,1989
17,0.000831,0.000831,98496.5,81.8,56.47,0.000305,0.000305,98886.3,30.2,61.9,1987,1989
18,0.000906,0.000905,98414.7,89.1,55.51,0.000349,0.000349,98856.2,34.5,60.92,1987,1989
19,0.000924,0.000924,98325.6,90.8,54.56,0.000324,0.000324,98821.6,32.0,59.94,1987,1989
20,0.000953,0.000952,98234.8,93.5,53.61,0.000331,0.000331,98789.6,32.7,58.96,1987,1989
21,0.000927,0.000927,98141.2,90.9,52.66,0.000321,0.000321,98756.9,31.7,57.98,1987,1989
22,0.000908,0.000908,98050.3,89.0,51.71,0.000301,0.0003,98725.3,29.7,57.0,1987,1989
23,0.000871,0.00087,97961.3,85.2,50.76,0.000321,0.000321,98695.6,31.7,56.02,1987,1989
24,0.000865,0.000864,97876.0,84.6,49.8,0.000342,0.000342,98663.9,33.7,55.04,1987,1989
25,0.000838,0.000838,97791.4,81.9,48.85,0.000348,0.000348,98630.2,34.3,54.05,1987,1989
26,0.000829,0.000829,97709.5,81.0,47.89,0.000343,0.000343,98595.9,33.8,53.07,1987,1989
27,0.000833,0.000833,97628.5,81.3,46.93,0.000353,0.000353,98562.1,34.8,52.09,1987,1989
28,0.000869,0.000869,97547.2,84.7,45.96,0.000394,0.000394,98527.3,38.8,51.11,1987,1989
29,0.000866,0.000866,97462.4,84.4,45.0,0.000439,0.000438,98488.5,43.2,50.13,1987,1989
30,0.000936,0.000935,97378.0,91.1,44.04,0.000454,0.000454,98445.3,44.7,49.15,1987,1989
31,0.000971,0.000971,97287.0,94.4,43.08,0.000544,0.000544,98400.6,53.5,48.17,1987,1989
32,0.001001,0.001,97192.5,97.2,42.13,0.000559,0.000559,98347.1,55.0,47.2,1987,1989
33,0.001129,0.001128,97095.3,109.5,41.17,0.000614,0.000614,98292.1,60.4,46.23,1987,1989
34,0.001146,0.001145,96985.8,111.1,40.21,0.000711,0.000711,98231.8,69.8,45.25,1987,1989
35,0.001195,0.001194,96874.7,115.7,39.26,0.000749,0.000749,98161.9,73.5,44.29,1987,1989
36,0.001291,0.00129,96759.1,124.9,38.3,0.000803,0.000803,98088.4,78.8,43.32,1987,1989
37,0.001335,0.001334,96634.2,128.9,37.35,0.000933,0.000933,98009.7,91.4,42.35,1987,1989
38,0.001423,0.001422,96505.3,137.3,36.4,0.00091,0.00091,97918.3,89.1,41.39,1987,1989
39,0.001558,0.001557,96368.0,150.0,35.45,0.001036,0.001035,97829.2,101.3,40.43,1987,1989
40,0.001682,0.00168,96218.0,161.7,34.51,0.001134,0.001134,97727.9,110.8,39.47,1987,1989
41,0.001874,0.001873,96056.3,179.9,33.57,0.001263,0.001262,97617.1,123.2,38.51,1987,1989
42,0.002117,0.002115,95876.4,202.8,32.63,0.001395,0.001394,97493.9,135.9,37.56,1987,1989
43,0.002328,0.002325,95673.6,222.4,31.7,0.001626,0.001625,97358.1,158.2,36.61,1987,1989
44,0.002669,0.002666,95451.2,254.4,30.77,0.001742,0.00174,97199.9,169.1,35.67,1987,1989
45,0.00294,0.002936,95196.8,279.5,29.85,0.001959,0.001957,97030.7,189.9,34.73,1987,1989
46,0.00334,0.003334,94917.3,316.5,28.94,0.002173,0.002171,96840.8,210.2,33.8,1987,1989
47,0.00381,0.003803,94600.8,359.7,28.03,0.002439,0.002436,96630.6,235.4,32.87,1987,1989
48,0.004125,0.004117,94241.1,388.0,27.14,0.002742,0.002738,96395.2,263.9,31.95,1987,1989
49,0.004573,0.004563,93853.1,428.2,26.25,0.002862,0.002858,96131.2,274.7,31.04,1987,1989
50,0.005177,0.005164,93424.9,482.4,25.36,0.003212,0.003207,95856.5,307.4,30.13,1987,1989
51,0.005678,0.005662,92942.4,526.2,24.49,0.003593,0.003587,95549.1,342.7,29.22,1987,1989
52,0.006224,0.006205,92416.2,573.4,23.63,0.003946,0.003938,95206.4,374.9,28.33,1987,1989
53,0.007268,0.007242,91842.8,665.1,22.77,0.004387,0.004378,94831.5,415.2,27.44,1987,1989
54,0.008099,0.008066,91177.7,735.5,21.94,0.00484,0.004828,94416.3,455.9,26.55,1987,1989
55,0.00902,0.008979,90442.2,812.1,21.11,0.005437,0.005422,93960.4,509.4,25.68,1987,1989
56,0.010277,0.010225,89630.1,916.4,20.3,0.006074,0.006056,93451.0,565.9,24.82,1987,1989
57,0.011572,0.011505,88713.6,1020.7,19.5,0.006693,0.006671,92885.1,619.6,23.97,1987,1989
58,0.012799,0.012717,87693.0,1115.2,18.72,0.007357,0.00733,92265.5,676.3,23.12,1987,1989
59,0.014366,0.014263,86577.8,1234.9,17.96,0.008347,0.008312,91589.1,761.3,22.29,1987,1989
60,0.016119,0.01599,85342.9,1364.6,17.21,0.009317,0.009274,90827.8,842.3,21.47,1987,1989
61,0.018363,0.018196,83978.3,1528.1,16.48,0.010383,0.01033,89985.5,929.5,20.67,1987,1989
62,0.020008,0.01981,82450.2,1633.4,15.78,0.011502,0.011436,89056.0,1018.4,19.88,1987,1989
63,0.022011,0.021771,80816.8,1759.5,15.09,0.012659,0.012579,88037.6,1107.4,19.1,1987,1989
64,0.02497,0.024662,79057.4,1949.7,14.41,0.013818,0.013723,86930.1,1193.0,18.34,1987,1989
65,0.027383,0.027013,77107.7,2082.9,13.76,0.015241,0.015125,85737.2,1296.8,17.59,1987,1989
66,0.030051,0.029606,75024.7,2221.2,13.13,0.016433,0.016299,84440.4,1376.3,16.85,1987,1989
67,0.032644,0.03212,72803.6,2338.4,12.52,0.017787,0.017631,83064.0,1464.5,16.12,1987,1989
68,0.035316,0.034704,70465.1,2445.4,11.92,0.019528,0.019339,81599.6,1578.1,15.4,1987,1989
69,0.039476,0.038712,68019.7,2633.2,11.33,0.021765,0.021531,80021.5,1722.9,14.7,1987,1989
70,0.044133,0.04318,65386.6,2823.4,10.76,0.024182,0.023893,78298.5,1870.8,14.01,1987,1989
71,0.047508,0.046405,62563.2,2903.3,10.23,0.02628,0.02594,76427.7,1982.5,13.34,1987,1989
72,0.052403,0.051065,59659.9,3046.6,9.7,0.028711,0.028305,74445.2,2107.2,12.68,1987,1989
73,0.057472,0.055867,56613.3,3162.8,9.19,0.031627,0.031135,72338.1,2252.2,12.04,1987,1989
74,0.062976,0.061054,53450.5,3263.4,8.71,0.035107,0.034501,70085.8,2418.0,11.41,1987,1989
75,0.069029,0.066726,50187.2,3348.8,8.24,0.038694,0.03796,67667.8,2568.7,10.8,1987,1989
76,0.07596,0.073181,46838.4,3427.7,7.8,0.043141,0.04223,65099.1,2749.1,10.2,1987,1989
77,0.082795,0.079504,43410.7,3451.3,7.37,0.047111,0.046027,62350.0,2869.8,9.63,1987,1989
78,0.089821,0.08596,39959.4,3434.9,6.97,0.052174,0.050848,59480.2,3024.4,9.07,1987,1989
79,0.098751,0.094105,36524.5,3437.1,6.57,0.058548,0.056883,56455.8,3211.4,8.53,1987,1989
80,0.108427,0.102851,33087.3,3403.1,6.2,0.065388,0.063318,53244.4,3371.3,8.02,1987,1989
81,0.118046,0.111467,29684.3,3308.8,5.86,0.072297,0.069775,49873.1,3479.9,7.52,1987,1989
82,0.12703,0.119443,26375.5,3150.4,5.53,0.081208,0.078039,46393.2,3620.5,7.05,1987,1989
83,0.139841,0.130702,23225.1,3035.6,5.21,0.090046,0.086166,42772.7,3685.6,6.61,1987,1989
84,0.150749,0.140183,20189.5,2830.2,4.92,0.099917,0.095162,39087.1,3719.6,6.18,1987,1989
85,0.165256,0.152643,17359.3,2649.8,4.64,0.110424,0.104646,35367.5,3701.1,5.78,1987,1989
86,0.178189,0.163612,14709.5,2406.7,4.39,0.123679,0.116476,31666.4,3688.4,5.4,1987,1989
87,0.193134,0.176126,12302.9,2166.9,4.15,0.136962,0.128184,27978.1,3586.3,5.04,1987,1989
88,0.206939,0.187535,10136.0,1900.9,3.93,0.150638,0.140087,24391.7,3417.0,4.71,1987,1989
89,0.227184,0.20401,8235.1,1680.1,3.72,0.168971,0.155808,20974.8,3268.0,4.39,1987,1989
90,0.230183,0.206425,6555.1,1353.1,3.55,0.182508,0.167246,17706.7,2961.4,4.11,1987,1989
91,0.246855,0.219734,5202.0,1143.0,3.34,0.199614,0.181499,14745.4,2676.3,3.84,1987,1989
92,0.268201,0.236488,4058.9,959.9,3.14,0.224067,0.201493,12069.1,2431.8,3.58,1987,1989
93,0.295153,0.257197,3099.0,797.1,2.95,0.243784,0.217297,9637.3,2094.1,3.36,1987,1989
94,0.310053,0.268438,2302.0,617.9,2.8,0.266485,0.235153,7543.1,1773.8,3.15,1987,1989
95,0.332001,0.284735,1684.0,479.5,2.65,0.283278,0.248133,5769.3,1431.6,2.97,1987,1989
96,0.364714,0.308463,1204.5,371.6,2.5,0.312083,0.269958,4337.8,1171.0,2.78,1987,1989
97,0.373695,0.314864,833.0,262.3,2.4,0.332649,0.285211,3166.8,903.2,2.62,1987,1989
98,0.411894,0.341553,570.7,194.9,2.27,0.351289,0.298805,2263.6,676.4,2.47,1987,1989
99,0.405551,0.337179,375.8,126.7,2.19,0.377509,0.317567,1587.2,504.0,2.31,1987,1989
100,0.461997,0.375303,249.1,93.5,2.05,0.427506,0.352218,1083.2,381.5,2.15,1987,1989
0,0.009582,0.009536,100000.0,953.6,72.61,0.007287,0.007261,100000.0,726.1,78.23,1988,1990
1,0.000706,0.000705,99046.4,69.9,72.31,0.000584,0.000584,99273.9,58.0,77.8,1988,1990
2,0.000451,0.00045,98976.5,44.6,71.36,0.000338,0.000338,99216.0,33.5,76.85,1988,1990
3,0.000349,0.000348,98931.9,34.5,70.39,0.000294,0.000294,99182.4,29.2,75.87,1988,1990
4,0.000264,0.000264,98897.4,26.1,69.42,0.00022,0.00022,99153.3,21.8,74.9,1988,1990
5,0.000248,0.000248,98871.4,24.5,68.44,0.000168,0.000168,99131.5,16.7,73.91,1988,1990
6,0.000229,0.000229,98846.9,22.6,67.45,0.00016,0.00016,99114.8,15.8,72.92,1988,1990
7,0.000222,0.000222,98824.3,21.9,66.47,0.000146,0.000146,99099.0,14.4,71.94,1988,1990
8,0.000215,0.000215,98802.3,21.2,65.48,0.000139,0.000139,99084.5,13.7,70.95,1988,1990
9,0.000188,0.000188,98781.1,18.5,64.5,0.000127,0.000127,99070.8,12.6,69.96,1988,1990
10,0.000203,0.000203,98762.6,20.0,63.51,0.00013,0.00013,99058.2,12.9,68.96,1988,1990
11,0.000217,0.000217,98742.5,21.4,62.52,0.000146,0.000146,99045.3,14.5,67.97,1988,1990
12,0.000212,0.000212,98721.1,20.9,61.54,0.000159,0.000159,99030.8,15.8,66.98,1988,1990
13,0.000276,0.000276,98700.2,27.2,60.55,0.000162,0.000162,99015.0,16.0,65.99,1988,1990
14,0.000302,0.000302,98673.0,29.8,59.57,0.0002,0.000199,98999.0,19.7,65.0,1988,1990
15,0.000406,0.000406,98643.3,40.1,58.58,0.000227,0.000227,98979.3,22.4,64.02,1988,1990
16,0.000555,0.000555,98603.2,54.7,57.61,0.000272,0.000272,98956.8,26.9,63.03,1988,1990
17,0.000855,0.000855,98548.5,84.2,56.64,0.0003,0.0003,98929.9,29.6,62.05,1988,1990
18,0.000908,0.000908,98464.2,89.4,55.69,0.000333,0.000333,98900.3,33.0,61.07,1988,1990
19,0.000879,0.000879,98374.9,86.4,54.74,0.000321,0.000321,98867.3,31.7,60.09,1988,1990
20,0.000978,0.000977,98288.5,96.0,53.78,0.00032,0.000319,98835.6,31.6,59.11,1988,1990
21,0.000913,0.000913,98192.4,89.6,52.84,0.000338,0.000338,98804.0,33.4,58.13,1988,1990
22,0.000947,0.000947,98102.8,92.9,51.88,0.000306,0.000306,98770.7,30.2,57.15,1988,1990
23,0.000927,0.000926,98009.9,90.8,50.93,0.000314,0.000314,98740.5,31.0,56.16,1988,1990
24,0.000884,0.000883,97919.1,86.5,49.98,0.00034,0.00034,98709.4,33.5,55.18,1988,1990
25,0.000881,0.000881,97832.6,86.2,49.02,0.000341,0.000341,98675.9,33.6,54.2,1988,1990
26,0.00088,0.00088,97746.4,86.0,48.07,0.000352,0.000351,98642.3,34.7,53.22,1988,1990
27,0.000873,0.000873,97660.4,85.2,47.11,0.000363,0.000363,98607.6,35.8,52.24,1988,1990
28,0.000906,0.000906,97575.2,88.4,46.15,0.000401,0.000401,98571.8,39.5,51.25,1988,1990
29,0.000948,0.000948,97486.8,92.4,45.19,0.000422,0.000422,98532.3,41.6,50.27,1988,1990
30,0.000927,0.000927,97394.4,90.3,44.23,0.000434,0.000434,98490.7,42.8,49.3,1988,1990
31,0.000985,0.000985,97304.2,95.8,43.27,0.00053,0.00053,98447.9,52.2,48.32,1988,1990
32,0.001038,0.001037,97208.3,100.8,42.32,0.000534,0.000534,98395.7,52.5,47.34,1988,1990
33,0.001111,0.00111,97107.5,107.8,41.36,0.000575,0.000575,98343.2,56.6,46.37,1988,1990
34,0.001115,0.001114,96999.7,108.1,40.4,0.000684,0.000684,98286.7,67.2,45.39,1988,1990
35,0.001201,0.0012,96891.6,116.3,39.45,0.000752,0.000752,98219.4,73.8,44.42,1988,1990
36,0.001321,0.00132,96775.4,127.8,38.5,0.0008,0.0008,98145.6,78.5,43.46,1988,1990
37,0.001389,0.001388,96647.6,134.2,37.55,0.000899,0.000899,98067.1,88.2,42.49,1988,1990
38,0.001467,0.001466,96513.4,141.5,36.6,0.000941,0.00094,97978.9,92.1,41.53,1988,1990
39,0.001596,0.001594,96371.9,153.6,35.65,0.001033,0.001033,97886.8,101.1,40.57,1988,1990
40,0.001718,0.001716,96218.3,165.1,34.71,0.001107,0.001107,97785.7,108.2,39.61,1988,1990
41,0.001895,0.001893,96053.1,181.8,33.77,0.001266,0.001265,97677.5,123.6,38.65,1988,1990
42,0.002058,0.002055,95871.3,197.1,32.83,0.001397,0.001396,97553.9,136.2,37.7,1988,1990
43,0.002271,0.002268,95674.3,217.0,31.89,0.001535,0.001534,97417.7,149.4,36.75,1988,1990
44,0.002572,0.002569,95457.3,245.2,30.97,0.001736,0.001735,97268.3,168.7,35.81,1988,1990
45,0.002951,0.002947,95212.1,280.6,30.04,0.001921,0.001919,97099.5,186.3,34.87,1988,1990
46,0.003255,0.00325,94931.5,308.5,29.13,0.002038,0.002036,96913.2,197.3,33.94,1988,1990
47,0.003749,0.003742,94623.0,354.1,28.23,0.002398,0.002395,96715.9,231.6,33.0,1988,1990
48,0.004053,0.004045,94268.9,381.3,27.33,0.002705,0.002702,96484.2,260.7,32.08,1988,1990
49,0.004516,0.004506,93887.6,423.0,26.44,0.002837,0.002833,96223.6,272.6,31.17,1988,1990
50,0.005069,0.005056,93464.5,472.6,25.56,0.003163,0.003158,95950.9,303.0,30.26,1988,1990
51,0.005585,0.005569,92991.9,517.9,24.68,0.003528,0.003522,95647.9,336.9,29.35,1988,1990
52,0.006042,0.006024,92474.1,557.1,23.82,0.003805,0.003798,95311.0,362.0,28.45,1988,1990
53,0.007082,0.007057,91917.0,648.6,22.96,0.004214,0.004206,94949.0,399.3,27.56,1988,1990
54,0.007765,0.007735,91268.4,706.0,22.12,0.004613,0.004602,94549.7,435.2,26.67,1988,1990
55,0.008721,0.008683,90562.4,786.4,21.29,0.005303,0.005289,94114.5,497.7,25.79,1988,1990
56,0.009982,0.009932,89776.0,891.7,20.47,0.005869,0.005852,93616.8,547.8,24.93,1988,1990
57,0.010995,0.010935,88884.4,971.9,19.67,0.006685,0.006663,93069.0,620.1,24.07,1988,1990
58,0.0122,0.012126,87912.4,1066.0,18.88,0.00712,0.007095,92448.8,655.9,23.23,1988,1990
59,0.013706,0.013613,86846.4,1182.3,18.11,0.008155,0.008122,91792.9,745.5,22.39,1988,1990
60,0.015652,0.015531,85664.2,1330.4,17.35,0.009053,0.009012,91047.4,820.5,21.57,1988,1990
61,0.017679,0.017525,84333.7,1477.9,16.62,0.010103,0.010052,90226.9,907.0,20.76,1988,1990
62,0.019432,0.019245,82855.8,1594.6,15.9,0.011253,0.01119,89320.0,999.5,19.97,1988,1990
63,0.021483,0.021255,81261.2,1727.2,15.21,0.012508,0.012431,88320.5,1097.9,19.19,1988,1990
64,0.02422,0.02393,79534.0,1903.3,14.53,0.013771,0.013677,87222.6,1192.9,18.42,1988,1990
65,0.027008,0.026648,77630.8,2068.7,13.87,0.015034,0.014922,86029.6,1283.7,17.67,1988,1990
66,0.029434,0.029007,75562.0,2191.8,13.24,0.01623,0.0161,84745.9,1364.4,16.93,1988,1990
67,0.032553,0.032032,73370.2,2350.2,12.62,0.018008,0.017847,83381.5,1488.1,16.2,1988,1990
68,0.03463,0.03404,71020.0,2417.5,12.02,0.019241,0.019058,81893.4,1560.7,15.49,1988,1990
69,0.038681,0.037947,68602.5,2603.3,11.42,0.021462,0.021234,80332.7,1705.8,14.78,1988,1990
70,0.042265,0.04139,65999.2,2731.7,10.85,0.023369,0.0231,78626.9,1816.2,14.09,1988,1990
71,0.046845,0.045773,63267.5,2896.0,10.3,0.026031,0.025696,76810.6,1973.7,13.41,1988,1990
72,0.051709,0.050406,60371.5,3043.1,9.77,0.028526,0.028125,74836.9,2104.8,12.75,1988,1990
73,0.056419,0.054871,57328.5,3145.7,9.26,0.031515,0.031026,72732.1,2256.6,12.1,1988,1990
74,0.062017,0.060152,54182.8,3259.2,8.77,0.034535,0.033949,70475.5,2392.6,11.48,1988,1990
75,0.067687,0.065471,50923.6,3334.0,8.3,0.038061,0.03735,68083.0,2542.9,10.86,1988,1990
76,0.074246,0.071588,47589.6,3406.9,7.85,0.042348,0.04147,65540.1,2717.9,10.26,1988,1990
77,0.081172,0.078006,44182.7,3446.5,7.41,0.046681,0.045616,62822.1,2865.7,9.69,1988,1990
78,0.088887,0.085105,40736.2,3466.8,7.0,0.051487,0.050195,59956.4,3009.5,9.13,1988,1990
79,0.097677,0.093129,37269.4,3470.8,6.6,0.057935,0.056304,56946.9,3206.3,8.58,1988,1990
80,0.107317,0.101852,33798.5,3442.4,6.23,0.064447,0.062435,53740.6,3355.3,8.06,1988,1990
81,0.116012,0.109651,30356.1,3328.6,5.88,0.071655,0.069177,50385.3,3485.5,7.57,1988,1990
82,0.12614,0.118657,27027.5,3207.0,5.54,0.080332,0.07723,46899.8,3622.1,7.09,1988,1990
83,0.138209,0.129275,23820.5,3079.4,5.22,0.089472,0.085641,43277.7,3706.3,6.64,1988,1990
84,0.150165,0.139677,20741.1,2897.1,4.92,0.097807,0.093247,39571.4,3689.9,6.22,1988,1990
85,0.164383,0.151899,17844.0,2710.5,4.64,0.109372,0.103701,35881.5,3721.0,5.81,1988,1990
86,0.178108,0.163544,15133.6,2475.0,4.38,0.122302,0.115254,32160.5,3706.6,5.42,1988,1990
87,0.19188,0.175083,12658.6,2216.3,4.14,0.134856,0.126338,28453.9,3594.8,5.06,1988,1990
88,0.204187,0.185272,10442.3,1934.7,3.92,0.148682,0.138394,24859.1,3440.3,4.72,1988,1990
89,0.225642,0.202766,8507.6,1725.1,3.69,0.166735,0.153904,21418.8,3296.4,4.4,1988,1990
90,0.229664,0.206008,6782.5,1397.3,3.51,0.181201,0.166148,18122.3,3011.0,4.11,1988,1990
91,0.249297,0.221666,5385.3,1193.7,3.29,0.200471,0.182208,15111.3,2753.4,3.83,1988,1990
92,0.273642,0.240708,4191.6,1008.9,3.08,0.222483,0.200211,12357.9,2474.2,3.57,1988,1990
93,0.297811,0.259213,3182.6,825.0,2.9,0.24463,0.217969,9883.7,2154.3,3.34,1988,1990
94,0.314237,0.271569,2357.6,640.3,2.74,0.263921,0.233154,7729.4,1802.1,3.13,1988,1990
95,0.344636,0.293978,1717.4,504.9,2.57,0.289016,0.252524,5927.3,1496.8,2.93,1988,1990
96,0.369089,0.311588,1212.5,377.8,2.43,0.313991,0.271385,4430.5,1202.4,2.75,1988,1990
97,0.392845,0.32835,834.7,274.1,2.31,0.336418,0.287978,3228.1,929.6,2.59,1988,1990
98,0.417439,0.345356,560.6,193.6,2.19,0.350563,0.29828,2298.5,685.6,2.44,1988,1990
99,0.449912,0.367288,367.0,134.8,2.08,0.396139,0.330648,1612.9,533.3,2.26,1988,1990
100,0.474151,0.383284,232.2,89.0,2.0,0.422683,0.348938,1079.6,376.7,2.13,1988,1990
0,0.008942,0.008903,100000.0,890.3,72.86,0.006829,0.006806,100000.0,680.6,78.41,1989,1991
1,0.000689,0.000688,99109.7,68.2,72.51,0.000588,0.000588,99319.4,58.4,77.95,1989,1991
2,0.000433,0.000433,99041.5,42.9,71.56,0.000326,0.000326,99261.1,32.3,76.99,1989,1991
3,0.000341,0.00034,98998.6,33.7,70.59,0.000254,0.000254,99228.7,25.2,76.02,1989,1991
4,0.000249,0.000249,98964.9,24.7,69.61,0.000214,0.000214,99203.5,21.3,75.04,1989,1991
5,0.000246,0.000246,98940.2,24.3,68.63,0.000169,0.000169,99182.2,16.8,74.05,1989,1991
6,0.00022,0.000219,98915.9,21.7,67.65,0.000158,0.000158,99165.4,15.6,73.07,1989,1991
7,0.00021,0.00021,98894.2,20.8,66.66,0.000143,0.000143,99149.8,14.2,72.08,1989,1991
8,0.000197,0.000197,98873.4,19.5,65.68,0.000134,0.000134,99135.6,13.3,71.09,1989,1991
9,0.000189,0.000189,98853.9,18.6,64.69,0.000146,0.000146,99122.3,14.5,70.1,1989,1991
10,0.000192,0.000192,98835.3,19.0,63.7,0.000134,0.000134,99107.8,13.2,69.11,1989,1991
11,0.000199,0.000199,98816.3,19.6,62.71,0.00015,0.00015,99094.6,14.9,68.12,1989,1991
12,0.000198,0.000198,98796.6,19.6,61.73,0.000158,0.000158,99079.7,15.7,67.13,1989,1991
13,0.000257,0.000257,98777.1,25.4,60.74,0.00015,0.00015,99064.0,14.8,66.14,1989,1991
14,0.000305,0.000305,98751.7,30.1,59.75,0.000213,0.000213,99049.2,21.1,65.15,1989,1991
15,0.000437,0.000437,98721.6,43.1,58.77,0.00021,0.00021,99028.1,20.8,64.16,1989,1991
16,0.000571,0.000571,98678.5,56.4,57.8,0.00027,0.00027,99007.3,26.7,63.17,1989,1991
17,0.000826,0.000825,98622.1,81.4,56.83,0.000316,0.000316,98980.6,31.3,62.19,1989,1991
18,0.000929,0.000929,98540.7,91.5,55.88,0.000317,0.000317,98949.3,31.3,61.21,1989,1991
19,0.000896,0.000896,98449.2,88.2,54.93,0.000336,0.000336,98918.0,33.3,60.23,1989,1991
20,0.000935,0.000935,98361.0,91.9,53.98,0.000306,0.000306,98884.7,30.2,59.25,1989,1991
21,0.000916,0.000916,98269.0,90.0,53.03,0.000335,0.000335,98854.5,33.1,58.27,1989,1991
22,0.000937,0.000936,98179.0,91.9,52.07,0.000328,0.000327,98821.4,32.4,57.29,1989,1991
23,0.000947,0.000946,98087.1,92.8,51.12,0.000329,0.000329,98789.0,32.5,56.3,1989,1991
24,0.000913,0.000913,97994.3,89.5,50.17,0.000342,0.000342,98756.5,33.8,55.32,1989,1991
25,0.000911,0.00091,97904.8,89.1,49.22,0.000344,0.000344,98722.7,34.0,54.34,1989,1991
26,0.000922,0.000921,97815.7,90.1,48.26,0.00035,0.00035,98688.8,34.6,53.36,1989,1991
27,0.000879,0.000878,97725.6,85.9,47.3,0.000376,0.000376,98654.2,37.1,52.38,1989,1991
28,0.000896,0.000895,97639.7,87.4,46.35,0.000411,0.000411,98617.1,40.5,51.4,1989,1991
29,0.000956,0.000956,97552.3,93.2,45.39,0.000418,0.000418,98576.6,41.2,50.42,1989,1991
30,0.000932,0.000932,97459.1,90.8,44.43,0.00043,0.00043,98535.3,42.4,49.44,1989,1991
31,0.001008,0.001008,97368.3,98.1,43.47,0.000492,0.000491,98493.0,48.4,48.46,1989,1991
32,0.001032,0.001032,97270.2,100.3,42.51,0.000534,0.000534,98444.5,52.6,47.49,1989,1991
33,0.001062,0.001062,97169.8,103.1,41.56,0.000566,0.000566,98391.9,55.6,46.51,1989,1991
34,0.001085,0.001085,97066.7,105.3,40.6,0.000668,0.000668,98336.3,65.7,45.54,1989,1991
35,0.001212,0.001211,96961.4,117.4,39.64,0.000717,0.000717,98270.6,70.5,44.57,1989,1991
36,0.001323,0.001322,96843.9,128.1,38.69,0.00079,0.00079,98200.1,77.6,43.6,1989,1991
37,0.001443,0.001442,96715.9,139.5,37.74,0.000857,0.000856,98122.5,84.0,42.63,1989,1991
38,0.001499,0.001498,96576.4,144.6,36.8,0.000931,0.00093,98038.5,91.2,41.67,1989,1991
39,0.00166,0.001659,96431.7,160.0,35.85,0.001028,0.001027,97947.3,100.6,40.71,1989,1991
40,0.001728,0.001726,96271.8,166.2,34.91,0.001067,0.001066,97846.7,104.3,39.75,1989,1991
41,0.001897,0.001895,96105.6,182.2,33.97,0.00119,0.001189,97742.4,116.2,38.79,1989,1991
42,0.002089,0.002087,95923.4,200.2,33.03,0.001356,0.001355,97626.2,132.3,37.84,1989,1991
43,0.002251,0.002248,95723.2,215.2,32.1,0.001455,0.001454,97493.9,141.8,36.89,1989,1991
44,0.002456,0.002453,95508.0,234.2,31.17,0.001694,0.001693,97352.1,164.8,35.94,1989,1991
45,0.0028770000000000002,0.002873,95273.8,273.7,30.25,0.001894,0.001892,97187.3,183.9,35.0,1989,1991
46,0.003284,0.003278,95000.1,311.4,29.33,0.00197,0.001968,97003.4,190.9,34.06,1989,1991
47,0.003517,0.003511,94688.7,332.5,28.43,0.002336,0.002333,96812.6,225.9,33.13,1989,1991
48,0.003932,0.003925,94356.2,370.3,27.53,0.002628,0.002624,96586.7,253.5,32.21,1989,1991
49,0.004421,0.004411,93985.9,414.6,26.63,0.002804,0.0028,96333.2,269.8,31.29,1989,1991
50,0.004942,0.004929,93571.3,461.2,25.75,0.00313,0.003125,96063.5,300.2,30.38,1989,1991
51,0.005494,0.005479,93110.1,510.2,24.87,0.003483,0.003477,95763.2,333.0,29.47,1989,1991
52,0.005956,0.005939,92599.9,549.9,24.01,0.003787,0.00378,95430.3,360.7,28.57,1989,1991
53,0.006851,0.006828,92049.9,628.5,23.15,0.004041,0.004033,95069.5,383.4,27.68,1989,1991
54,0.007534,0.007505,91421.5,686.1,22.3,0.004483,0.004473,94686.1,423.6,26.79,1989,1991
55,0.008409,0.008374,90735.3,759.8,21.47,0.00519,0.005177,94262.5,488.0,25.91,1989,1991
56,0.009531,0.009485,89975.5,853.5,20.65,0.005747,0.005731,93774.5,537.4,25.04,1989,1991
57,0.010669,0.010613,89122.1,945.8,19.84,0.006395,0.006375,93237.2,594.4,24.18,1989,1991
58,0.011892,0.011821,88176.2,1042.4,19.05,0.006841,0.006818,92642.8,631.6,23.33,1989,1991
59,0.013181,0.013095,87133.9,1141.0,18.27,0.007935,0.007904,92011.2,727.2,22.49,1989,1991
60,0.014897,0.014787,85992.9,1271.6,17.5,0.008925,0.008885,91283.9,811.1,21.66,1989,1991
61,0.016931,0.016789,84721.3,1422.3,16.76,0.009929,0.00988,90472.9,893.9,20.85,1989,1991
62,0.018606,0.018435,83299.0,1535.6,16.04,0.010732,0.010675,89579.0,956.3,20.06,1989,1991
63,0.020859,0.020644,81763.4,1687.9,15.33,0.012073,0.012001,88622.7,1063.5,19.27,1989,1991
64,0.023403,0.023133,80075.5,1852.4,14.64,0.013507,0.013417,87559.2,1174.8,18.5,1989,1991
65,0.026312,0.02597,78223.1,2031.4,13.98,0.014801,0.014692,86384.4,1269.2,17.74,1989,1991
66,0.028695,0.028289,76191.7,2155.4,13.34,0.015954,0.015828,85115.2,1347.2,17.0,1989,1991
67,0.032082,0.031575,74036.3,2337.7,12.71,0.017917,0.017757,83768.0,1487.5,16.26,1989,1991
68,0.034388,0.033806,71698.5,2423.9,12.11,0.019279,0.019095,82280.5,1571.1,15.55,1989,1991
69,0.037815,0.037113,69274.7,2571.0,11.51,0.021023,0.020804,80709.4,1679.1,14.84,1989,1991
70,0.041579,0.040732,66703.7,2717.0,10.94,0.023219,0.022952,79030.3,1813.9,14.15,1989,1991
71,0.045743,0.04472,63986.7,2861.5,10.38,0.025005,0.024696,77216.3,1906.9,13.47,1989,1991
72,0.05115,0.049875,61125.2,3048.6,9.84,0.028892,0.028481,75309.4,2144.9,12.79,1989,1991
73,0.0553,0.053812,58076.6,3125.2,9.33,0.03159,0.031099,73164.5,2275.4,12.15,1989,1991
74,0.06092,0.059119,54951.4,3248.7,8.84,0.034043,0.033473,70889.2,2372.9,11.53,1989,1991
75,0.066152,0.064034,51702.7,3310.7,8.36,0.037466,0.036777,68516.3,2519.8,10.91,1989,1991
76,0.072698,0.070148,48392.0,3394.6,7.9,0.041537,0.040691,65996.5,2685.5,10.31,1989,1991
77,0.079844,0.076779,44997.4,3454.8,7.46,0.046502,0.045446,63311.0,2877.2,9.72,1989,1991
78,0.08725,0.083603,41542.5,3473.1,7.03,0.051549,0.050254,60433.8,3037.0,9.16,1989,1991
79,0.096497,0.092056,38069.5,3504.5,6.63,0.057419,0.055816,57396.8,3203.7,8.62,1989,1991
80,0.105564,0.100272,34565.0,3465.9,6.25,0.064478,0.062464,54193.1,3385.1,8.1,1989,1991
81,0.114301,0.108122,31099.1,3362.5,5.89,0.070823,0.068401,50808.0,3475.3,7.61,1989,1991
82,0.125165,0.117793,27736.6,3267.2,5.55,0.07943,0.076396,47332.6,3616.0,7.13,1989,1991
83,0.136839,0.128076,24469.4,3133.9,5.22,0.087941,0.084237,43716.6,3682.6,6.68,1989,1991
84,0.150351,0.139839,21335.5,2983.5,4.91,0.097064,0.092571,40034.1,3706.0,6.25,1989,1991
85,0.162679,0.150442,18351.9,2760.9,4.63,0.108296,0.102733,36328.0,3732.1,5.83,1989,1991
86,0.176137,0.16188,15591.0,2523.9,4.36,0.121149,0.11423,32595.9,3723.4,5.44,1989,1991
87,0.19207,0.175241,13067.1,2289.9,4.11,0.133449,0.125102,28872.5,3612.0,5.08,1989,1991
88,0.205237,0.186136,10777.2,2006.0,3.88,0.14668,0.136658,25260.5,3452.0,4.74,1989,1991
89,0.224543,0.201878,8771.2,1770.7,3.65,0.164051,0.151615,21808.5,3306.5,4.41,1989,1991
90,0.235312,0.21054,7000.5,1473.9,3.45,0.181297,0.166229,18502.0,3075.6,4.1,1989,1991
91,0.253407,0.22491,5526.6,1243.0,3.23,0.201435,0.183004,15426.4,2823.1,3.82,1989,1991
92,0.276015,0.242542,4283.6,1039.0,3.02,0.221185,0.199159,12603.3,2510.1,3.57,1989,1991
93,0.304381,0.264176,3244.7,857.2,2.83,0.244421,0.217803,10093.3,2198.3,3.33,1989,1991
94,0.327118,0.281135,2387.5,671.2,2.67,0.267288,0.235778,7894.9,1861.4,3.12,1989,1991
95,0.349571,0.297562,1716.3,510.7,2.52,0.290446,0.253615,6033.5,1530.2,2.93,1989,1991
96,0.386815,0.324127,1205.6,390.8,2.37,0.31685,0.273518,4503.3,1231.7,2.75,1989,1991
97,0.3957,0.330342,814.8,269.2,2.27,0.33197,0.284712,3271.6,931.5,2.6,1989,1991
98,0.418904,0.346359,545.7,189.0,2.14,0.351287,0.298804,2340.1,699.2,2.44,1989,1991
99,0.472985,0.382521,356.7,136.4,2.01,0.397785,0.331794,1640.9,544.4,2.26,1989,1991
100,0.497024,0.398093,220.2,87.7,1.95,0.425629,0.350943,1096.4,384.8,2.14,1989,1991
0,0.00821,0.008176,100000.0,817.6,73.16,0.006323,0.006303,100000.0,630.3,78.7,1990,1992
1,0.000638,0.000638,99182.4,63.3,72.76,0.000565,0.000564,99369.7,56.1,78.19,1990,1992
2,0.00039,0.00039,99119.1,38.7,71.81,0.000311,0.000311,99313.6,30.9,77.24,1990,1992
3,0.000308,0.000308,99080.4,30.5,70.83,0.000232,0.000232,99282.7,23.1,76.26,1990,1992
4,0.000245,0.000245,99049.8,24.2,69.86,0.000178,0.000178,99259.6,17.7,75.28,1990,1992
5,0.000229,0.000229,99025.6,22.7,68.87,0.000147,0.000147,99242.0,14.6,74.29,1990,1992
6,0.00021,0.00021,99002.9,20.8,67.89,0.000156,0.000156,99227.4,15.5,73.3,1990,1992
7,0.000188,0.000188,98982.1,18.6,66.9,0.000141,0.000141,99211.9,13.9,72.31,1990,1992
8,0.000186,0.000186,98963.5,18.4,65.91,0.000137,0.000137,99197.9,13.5,71.32,1990,1992
9,0.00018,0.00018,98945.1,17.8,64.93,0.000144,0.000144,99184.4,14.3,70.33,1990,1992
10,0.000181,0.00018,98927.3,17.9,63.94,0.000124,0.000124,99170.1,12.3,69.34,1990,1992
11,0.000186,0.000186,98909.5,18.4,62.95,0.000137,0.000137,99157.7,13.6,68.35,1990,1992
12,0.000198,0.000198,98891.0,19.6,61.96,0.000145,0.000145,99144.2,14.4,67.36,1990,1992
13,0.000255,0.000255,98871.5,25.2,60.97,0.000138,0.000138,99129.8,13.6,66.37,1990,1992
14,0.000297,0.000297,98846.3,29.4,59.99,0.000209,0.000209,99116.1,20.8,65.38,1990,1992
15,0.000414,0.000414,98816.9,40.9,59.01,0.000208,0.000208,99095.4,20.6,64.39,1990,1992
16,0.000538,0.000537,98776.0,53.1,58.03,0.00026,0.00026,99074.8,25.7,63.41,1990,1992
17,0.000772,0.000771,98723.0,76.2,57.06,0.000323,0.000322,99049.1,31.9,62.42,1990,1992
18,0.0009,0.000899,98646.8,88.7,56.11,0.000301,0.000301,99017.1,29.8,61.44,1990,1992
19,0.000868,0.000867,98558.1,85.5,55.16,0.000328,0.000327,98987.3,32.4,60.46,1990,1992
20,0.000894,0.000894,98472.6,88.0,54.2,0.000307,0.000307,98954.9,30.4,59.48,1990,1992
21,0.000915,0.000914,98384.6,89.9,53.25,0.000325,0.000325,98924.5,32.2,58.5,1990,1992
22,0.000933,0.000933,98294.7,91.7,52.3,0.000325,0.000325,98892.3,32.1,57.52,1990,1992
23,0.000946,0.000945,98203.0,92.8,51.35,0.000326,0.000326,98860.2,32.2,56.54,1990,1992
24,0.000912,0.000912,98110.2,89.5,50.4,0.000337,0.000337,98828.0,33.3,55.56,1990,1992
25,0.000896,0.000896,98020.7,87.8,49.44,0.000338,0.000338,98794.7,33.4,54.57,1990,1992
26,0.000949,0.000948,97932.9,92.9,48.49,0.000356,0.000356,98761.3,35.1,53.59,1990,1992
27,0.000907,0.000907,97840.1,88.7,47.53,0.000374,0.000373,98726.2,36.9,52.61,1990,1992
28,0.000925,0.000924,97751.4,90.4,46.57,0.00041,0.00041,98689.3,40.5,51.63,1990,1992
29,0.000973,0.000972,97661.0,94.9,45.62,0.000408,0.000408,98648.8,40.2,50.65,1990,1992
30,0.000955,0.000955,97566.1,93.2,44.66,0.000402,0.000402,98608.6,39.6,49.67,1990,1992
31,0.001034,0.001034,97472.9,100.7,43.7,0.000483,0.000483,98569.0,47.6,48.69,1990,1992
32,0.001042,0.001042,97372.2,101.4,42.75,0.000545,0.000545,98521.4,53.7,47.72,1990,1992
33,0.001045,0.001044,97270.7,101.6,41.79,0.000566,0.000566,98467.6,55.8,46.74,1990,1992
34,0.001101,0.0011,97169.1,106.9,40.83,0.000638,0.000638,98411.9,62.8,45.77,1990,1992
35,0.001222,0.001221,97062.2,118.6,39.88,0.000719,0.000719,98349.1,70.7,44.8,1990,1992
36,0.001313,0.001313,96943.7,127.3,38.93,0.000763,0.000763,98278.4,75.0,43.83,1990,1992
37,0.001426,0.001425,96816.4,138.0,37.98,0.00083,0.00083,98203.4,81.5,42.86,1990,1992
38,0.001566,0.001565,96678.5,151.3,37.03,0.000918,0.000918,98121.9,90.1,41.9,1990,1992
39,0.001687,0.001686,96527.2,162.7,36.09,0.001036,0.001036,98031.8,101.5,40.93,1990,1992
40,0.00172,0.001719,96364.5,165.6,35.15,0.001067,0.001067,97930.3,104.4,39.98,1990,1992
41,0.00196,0.001959,96198.9,188.4,34.21,0.001188,0.001187,97825.8,116.2,39.02,1990,1992
42,0.002098,0.002096,96010.5,201.2,33.27,0.001373,0.001372,97709.7,134.1,38.06,1990,1992
43,0.002252,0.002249,95809.2,215.5,32.34,0.001371,0.00137,97575.6,133.7,37.12,1990,1992
44,0.002408,0.002405,95593.7,229.9,31.41,0.001636,0.001635,97441.9,159.3,36.17,1990,1992
45,0.002739,0.002735,95363.9,260.8,30.49,0.001828,0.001827,97282.6,177.7,35.22,1990,1992
46,0.003207,0.003202,95103.0,304.5,29.57,0.002025,0.002023,97104.9,196.4,34.29,1990,1992
47,0.00339,0.003384,94798.5,320.8,28.66,0.002265,0.002262,96908.4,219.2,33.36,1990,1992
48,0.003803,0.003796,94477.7,358.6,27.76,0.002493,0.00249,96689.2,240.7,32.43,1990,1992
49,0.004302,0.004292,94119.1,404.0,26.86,0.002683,0.002679,96448.5,258.4,31.51,1990,1992
50,0.004869,0.004857,93715.1,455.2,25.98,0.00305,0.003045,96190.1,292.9,30.59,1990,1992
51,0.005409,0.005395,93260.0,503.1,25.1,0.003366,0.00336,95897.2,322.2,29.69,1990,1992
52,0.005913,0.005896,92756.9,546.9,24.24,0.003737,0.00373,95574.9,356.5,28.78,1990,1992
53,0.006681,0.006659,92210.0,614.0,23.38,0.00398,0.003972,95218.5,378.2,27.89,1990,1992
54,0.007257,0.00723,91596.0,662.3,22.53,0.004356,0.004347,94840.2,412.3,27.0,1990,1992
55,0.008285,0.008251,90933.7,750.3,21.69,0.004884,0.004872,94428.0,460.0,26.12,1990,1992
56,0.009139,0.009097,90183.4,820.4,20.87,0.0054730000000000004,0.005458,93967.9,512.9,25.24,1990,1992
57,0.010284,0.010231,89363.0,914.3,20.05,0.006225,0.006206,93455.0,580.0,24.38,1990,1992
58,0.011533,0.011466,88448.8,1014.2,19.26,0.006764,0.006741,92875.1,626.1,23.53,1990,1992
59,0.01275,0.01267,87434.6,1107.8,18.47,0.007612,0.007583,92249.0,699.6,22.68,1990,1992
60,0.014352,0.01425,86326.8,1230.2,17.7,0.008614,0.008577,91549.4,785.2,21.85,1990,1992
61,0.016171,0.016041,85096.6,1365.0,16.95,0.009637,0.009591,90764.2,870.5,21.04,1990,1992
62,0.017993,0.017832,83731.6,1493.1,16.22,0.010426,0.010372,89893.7,932.3,20.24,1990,1992
63,0.020428,0.020221,82238.5,1663.0,15.51,0.011617,0.01155,88961.4,1027.5,19.44,1990,1992
64,0.022717,0.022462,80575.5,1809.9,14.82,0.013078,0.012993,87933.8,1142.6,18.66,1990,1992
65,0.025343,0.025026,78765.6,1971.2,14.14,0.014541,0.014437,86791.3,1253.0,17.9,1990,1992
66,0.027848,0.027466,76794.4,2109.2,13.5,0.015531,0.015411,85538.3,1318.2,17.16,1990,1992
67,0.031364,0.030879,74685.2,2306.2,12.86,0.017403,0.017252,84220.1,1453.0,16.42,1990,1992
68,0.033982,0.033414,72379.0,2418.5,12.26,0.019018,0.018839,82767.1,1559.2,15.7,1990,1992
69,0.037637,0.036941,69960.5,2584.4,11.66,0.020878,0.020663,81207.9,1678.0,14.99,1990,1992
70,0.040399,0.039599,67376.1,2668.0,11.09,0.02262,0.022368,79529.9,1778.9,14.29,1990,1992
71,0.044767,0.043787,64708.1,2833.4,10.53,0.024545,0.024247,77751.0,1885.3,13.61,1990,1992
72,0.049188,0.048007,61874.7,2970.4,9.99,0.027915,0.02753,75865.8,2088.6,12.94,1990,1992
73,0.054591,0.05314,58904.2,3130.2,9.46,0.031515,0.031026,73777.1,2289.0,12.29,1990,1992
74,0.059938,0.058194,55774.0,3245.7,8.97,0.033908,0.033343,71488.1,2383.6,11.67,1990,1992
75,0.064147,0.062153,52528.3,3264.8,8.49,0.036942,0.036272,69104.5,2506.6,11.05,1990,1992
76,0.070996,0.068562,49263.5,3377.6,8.02,0.040651,0.039841,66597.9,2653.3,10.45,1990,1992
77,0.07785,0.074933,45885.9,3438.4,7.57,0.045463,0.044453,63944.6,2842.5,9.86,1990,1992
78,0.085232,0.081748,42447.5,3470.0,7.15,0.050265,0.049033,61102.1,2996.0,9.3,1990,1992
79,0.093627,0.08944,38977.5,3486.2,6.74,0.05608,0.054551,58106.1,3169.7,8.75,1990,1992
80,0.103336,0.098259,35491.4,3487.3,6.35,0.062497,0.060603,54936.4,3329.3,8.23,1990,1992
81,0.111242,0.105381,32004.0,3372.6,5.99,0.069455,0.067124,51607.0,3464.1,7.72,1990,1992
82,0.122312,0.115263,28631.4,3300.1,5.64,0.077158,0.074292,48142.9,3576.6,7.24,1990,1992
83,0.133979,0.125567,25331.3,3180.8,5.31,0.085791,0.082263,44566.3,3666.1,6.79,1990,1992
84,0.146827,0.136785,22150.5,3029.9,5.0,0.094992,0.090685,40900.2,3709.0,6.35,1990,1992
85,0.157681,0.146158,19120.6,2794.6,4.71,0.106099,0.100754,37191.1,3747.1,5.93,1990,1992
86,0.17233,0.158659,16326.0,2590.3,4.43,0.118881,0.112211,33444.0,3752.8,5.54,1990,1992
87,0.187671,0.171571,13735.7,2356.7,4.17,0.130624,0.122616,29691.2,3640.6,5.18,1990,1992
88,0.199674,0.181549,11379.1,2065.9,3.93,0.141905,0.132504,26050.6,3451.8,4.83,1990,1992
89,0.21849,0.196972,9313.2,1834.4,3.69,0.158779,0.147101,22598.8,3324.3,4.49,1990,1992
90,0.232648,0.208406,7478.8,1558.6,3.47,0.178213,0.163633,19274.5,3153.9,4.18,1990,1992
91,0.250884,0.22292,5920.2,1319.7,3.25,0.195692,0.178251,16120.6,2873.5,3.9,1990,1992
92,0.273323,0.240461,4600.4,1106.2,3.04,0.215656,0.194666,13247.1,2578.7,3.64,1990,1992
93,0.298209,0.259515,3494.2,906.8,2.85,0.236497,0.211488,10668.3,2256.2,3.4,1990,1992
94,0.328127,0.28188,2587.4,729.3,2.67,0.256908,0.227664,8412.1,1915.1,3.18,1990,1992
95,0.350937,0.298551,1858.1,554.7,2.53,0.288095,0.251821,6497.0,1636.1,2.97,1990,1992
96,0.37943,0.318925,1303.3,415.7,2.39,0.310231,0.268571,4860.9,1305.5,2.8,1990,1992
97,0.396609,0.330975,887.7,293.8,2.27,0.332262,0.284927,3555.4,1013.0,2.64,1990,1992
98,0.413271,0.342498,593.9,203.4,2.15,0.343644,0.293256,2542.4,745.6,2.49,1990,1992
99,0.470996,0.381219,390.5,148.9,2.01,0.387415,0.324548,1796.8,583.1,2.32,1990,1992
100,0.494012,0.396158,241.6,95.7,1.94,0.405464,0.337119,1213.7,409.1,2.2,1990,1992
0,0.007605,0.007576,100000.0,757.6,73.36,0.005914,0.005897,100000.0,589.7,78.78,1991,1993
1,0.000592,0.000592,99242.4,58.7,72.92,0.000512,0.000511,99410.3,50.8,78.25,1991,1993
2,0.000375,0.000375,99183.7,37.2,71.96,0.000313,0.000313,99359.5,31.1,77.29,1991,1993
3,0.000291,0.000291,99146.5,28.9,70.99,0.000224,0.000224,99328.4,22.2,76.31,1991,1993
4,0.000235,0.000235,99117.7,23.3,70.01,0.000177,0.000177,99306.1,17.5,75.33,1991,1993
5,0.000209,0.000209,99094.4,20.7,69.02,0.000155,0.000155,99288.6,15.4,74.34,1991,1993
6,0.000186,0.000186,99073.7,18.4,68.04,0.000154,0.000154,99273.2,15.3,73.36,1991,1993
7,0.000184,0.000184,99055.3,18.3,67.05,0.000136,0.000136,99257.9,13.5,72.37,1991,1993
8,0.000178,0.000178,99037.1,17.6,66.06,0.000125,0.000125,99244.4,12.4,71.38,1991,1993
9,0.000179,0.000179,99019.4,17.7,65.07,0.000137,0.000137,99232.0,13.6,70.39,1991,1993
10,0.000175,0.000175,99001.7,17.3,64.08,0.000131,0.000131,99218.4,13.0,69.4,1991,1993
11,0.000183,0.000183,98984.4,18.1,63.1,0.000117,0.000117,99205.4,11.6,68.4,1991,1993
12,0.000203,0.000203,98966.3,20.1,62.11,0.000136,0.000136,99193.8,13.5,67.41,1991,1993
13,0.000244,0.000244,98946.1,24.1,61.12,0.000146,0.000146,99180.3,14.5,66.42,1991,1993
14,0.000286,0.000286,98922.0,28.3,60.13,0.000213,0.000213,99165.9,21.1,65.43,1991,1993
15,0.000395,0.000394,98893.7,39.0,59.15,0.000211,0.000211,99144.8,20.9,64.44,1991,1993
16,0.000477,0.000477,98854.7,47.1,58.17,0.000263,0.000263,99123.9,26.0,63.46,1991,1993
17,0.000701,0.0007,98807.6,69.2,57.2,0.000328,0.000328,99097.8,32.5,62.47,1991,1993
18,0.000869,0.000869,98738.4,85.8,56.24,0.000297,0.000297,99065.3,29.4,61.5,1991,1993
19,0.000864,0.000863,98652.6,85.2,55.29,0.000333,0.000333,99035.9,32.9,60.51,1991,1993
20,0.000863,0.000863,98567.4,85.1,54.34,0.000324,0.000324,99002.9,32.1,59.53,1991,1993
21,0.000897,0.000897,98482.3,88.3,53.38,0.000319,0.000319,98970.9,31.5,58.55,1991,1993
22,0.000906,0.000906,98394.0,89.1,52.43,0.000323,0.000323,98939.3,31.9,57.57,1991,1993
23,0.000901,0.000901,98304.9,88.5,51.48,0.000322,0.000322,98907.4,31.8,56.59,1991,1993
24,0.000912,0.000912,98216.4,89.6,50.53,0.00034,0.00034,98875.6,33.6,55.61,1991,1993
25,0.000882,0.000882,98126.8,86.5,49.57,0.000339,0.000339,98842.0,33.5,54.63,1991,1993
26,0.000905,0.000904,98040.3,88.6,48.61,0.000361,0.000361,98808.4,35.7,53.64,1991,1993
27,0.000918,0.000918,97951.6,89.9,47.66,0.000389,0.000389,98772.8,38.5,52.66,1991,1993
28,0.00091,0.000909,97861.7,89.0,46.7,0.000408,0.000408,98734.3,40.3,51.68,1991,1993
29,0.000963,0.000963,97772.7,94.1,45.74,0.000399,0.000399,98694.0,39.4,50.7,1991,1993
30,0.000969,0.000968,97678.6,94.6,44.79,0.000429,0.000428,98654.6,42.3,49.72,1991,1993
31,0.001052,0.001051,97584.0,102.6,43.83,0.000499,0.000499,98612.3,49.2,48.75,1991,1993
32,0.000992,0.000992,97481.4,96.7,42.88,0.00055,0.00055,98563.1,54.2,47.77,1991,1993
33,0.001078,0.001077,97384.7,104.9,41.92,0.000546,0.000546,98508.9,53.8,46.8,1991,1993
34,0.001132,0.001131,97279.8,110.1,40.96,0.000645,0.000645,98455.1,63.5,45.82,1991,1993
35,0.001229,0.001229,97169.8,119.4,40.01,0.000687,0.000686,98391.6,67.5,44.85,1991,1993
36,0.001307,0.001306,97050.4,126.8,39.06,0.000754,0.000754,98324.1,74.1,43.88,1991,1993
37,0.001371,0.00137,96923.6,132.8,38.11,0.000827,0.000827,98250.0,81.2,42.91,1991,1993
38,0.001563,0.001561,96790.8,151.1,37.16,0.000865,0.000865,98168.7,84.9,41.95,1991,1993
39,0.00169,0.001688,96639.7,163.1,36.22,0.00099,0.000989,98083.8,97.0,40.98,1991,1993
40,0.001778,0.001776,96476.6,171.4,35.28,0.001082,0.001081,97986.8,106.0,40.02,1991,1993
41,0.001927,0.001925,96305.2,185.4,34.34,0.001199,0.001198,97880.8,117.3,39.07,1991,1993
42,0.002086,0.002084,96119.8,200.3,33.4,0.00135,0.001349,97763.5,131.9,38.11,1991,1993
43,0.002225,0.002222,95919.5,213.1,32.47,0.00142,0.001419,97631.7,138.6,37.16,1991,1993
44,0.0024,0.002397,95706.4,229.4,31.54,0.001596,0.001595,97493.1,155.5,36.22,1991,1993
45,0.002655,0.002652,95477.0,253.2,30.62,0.001799,0.001797,97337.6,174.9,35.27,1991,1993
46,0.003036,0.003032,95223.8,288.7,29.7,0.001983,0.001981,97162.7,192.5,34.34,1991,1993
47,0.003287,0.003281,94935.1,311.5,28.79,0.002246,0.002243,96970.2,217.5,33.4,1991,1993
48,0.0038,0.003792,94623.6,358.9,27.88,0.002385,0.002382,96752.7,230.5,32.48,1991,1993
49,0.004152,0.004144,94264.8,390.6,26.98,0.002582,0.002579,96522.2,248.9,31.55,1991,1993
50,0.00475,0.004738,93874.2,444.8,26.09,0.003023,0.003019,96273.3,290.6,30.63,1991,1993
51,0.005281,0.005267,93429.4,492.1,25.22,0.0033,0.003295,95982.6,316.2,29.73,1991,1993
52,0.005906,0.005889,92937.3,547.3,24.35,0.003743,0.003736,95666.4,357.4,28.82,1991,1993
53,0.006632,0.00661,92390.0,610.7,23.49,0.003937,0.003929,95309.0,374.5,27.93,1991,1993
54,0.007168,0.007142,91779.3,655.5,22.64,0.004306,0.004297,94934.5,407.9,27.04,1991,1993
55,0.008039,0.008006,91123.7,729.6,21.8,0.004801,0.004789,94526.6,452.7,26.15,1991,1993
56,0.008793,0.008755,90394.2,791.4,20.97,0.005272,0.005258,94073.9,494.7,25.27,1991,1993
57,0.010144,0.010093,89602.8,904.4,20.15,0.005962,0.005945,93579.2,556.3,24.41,1991,1993
58,0.011278,0.011215,88698.4,994.8,19.35,0.006626,0.006605,93022.9,614.4,23.55,1991,1993
59,0.012518,0.01244,87703.7,1091.0,18.57,0.007469,0.007441,92408.5,687.6,22.7,1991,1993
60,0.014006,0.013908,86612.6,1204.6,17.79,0.008463,0.008428,91720.9,773.0,21.87,1991,1993
61,0.015678,0.015556,85408.0,1328.6,17.04,0.009416,0.009372,90947.9,852.4,21.05,1991,1993
62,0.017471,0.01732,84079.4,1456.2,16.3,0.010198,0.010146,90095.5,914.1,20.24,1991,1993
63,0.019875,0.019679,82623.1,1626.0,15.58,0.011374,0.011309,89181.4,1008.6,19.45,1991,1993
64,0.022322,0.022076,80997.1,1788.1,14.88,0.012516,0.012438,88172.9,1096.7,18.66,1991,1993
65,0.024597,0.024298,79209.0,1924.6,14.21,0.014366,0.014263,87076.2,1242.0,17.89,1991,1993
66,0.027439,0.027067,77284.5,2091.9,13.55,0.01547,0.015351,85834.2,1317.7,17.14,1991,1993
67,0.030846,0.030378,75192.6,2284.2,12.91,0.017053,0.016909,84516.5,1429.1,16.4,1991,1993
68,0.033447,0.032897,72908.4,2398.4,12.3,0.018908,0.018731,83087.4,1556.3,15.68,1991,1993
69,0.036997,0.036325,70509.9,2561.3,11.7,0.0207,0.020488,81531.1,1670.4,14.97,1991,1993
70,0.040577,0.03977,67948.6,2702.3,11.12,0.023066,0.022803,79860.7,1821.1,14.27,1991,1993
71,0.04437,0.043407,65246.3,2832.1,10.56,0.024604,0.024305,78039.6,1896.8,13.59,1991,1993
72,0.048526,0.047377,62414.2,2957.0,10.02,0.0277,0.027321,76142.9,2080.3,12.92,1991,1993
73,0.053125,0.05175,59457.2,3076.9,9.49,0.030896,0.030426,74062.5,2253.4,12.27,1991,1993
74,0.059856,0.058117,56380.3,3276.7,8.98,0.034294,0.033716,71809.1,2421.1,11.63,1991,1993
75,0.063889,0.061911,53103.6,3287.7,8.51,0.037044,0.03637,69388.0,2523.6,11.02,1991,1993
76,0.069996,0.067629,49815.9,3369.0,8.04,0.040932,0.040111,66864.4,2682.0,10.42,1991,1993
77,0.077349,0.074469,46446.9,3458.8,7.58,0.045527,0.044514,64182.4,2857.0,9.83,1991,1993
78,0.084642,0.081205,42988.0,3490.8,7.15,0.050116,0.048891,61325.4,2998.2,9.27,1991,1993
79,0.092883,0.088761,39497.2,3505.8,6.74,0.055953,0.05443,58327.1,3174.7,8.72,1991,1993
80,0.102001,0.097051,35991.4,3493.0,6.35,0.062698,0.060792,55152.4,3352.8,8.19,1991,1993
81,0.111045,0.105204,32498.4,3419.0,5.98,0.069536,0.0672,51799.6,3480.9,7.69,1991,1993
82,0.122204,0.115167,29079.4,3349.0,5.62,0.077273,0.074398,48318.7,3594.8,7.21,1991,1993
83,0.132647,0.124396,25730.4,3200.8,5.29,0.085773,0.082246,44723.8,3678.4,6.75,1991,1993
84,0.14735,0.137239,22529.7,3091.9,4.97,0.095705,0.091335,41045.5,3748.9,6.31,1991,1993
85,0.15827,0.146664,19437.7,2850.8,4.68,0.106423,0.101046,37296.6,3768.7,5.89,1991,1993
86,0.172404,0.158722,16586.9,2632.7,4.39,0.118949,0.112272,33527.9,3764.2,5.5,1991,1993
87,0.189193,0.172843,13954.2,2411.9,4.13,0.133006,0.124712,29763.7,3711.9,5.13,1991,1993
88,0.20358,0.184772,11542.3,2132.7,3.89,0.143918,0.134257,26051.8,3497.6,4.79,1991,1993
89,0.219982,0.198183,9409.6,1864.8,3.65,0.160501,0.148577,22554.1,3351.0,4.46,1991,1993
90,0.237718,0.212465,7544.8,1603.0,3.43,0.179446,0.164671,19203.1,3162.2,4.15,1991,1993
91,0.251149,0.22313,5941.8,1325.8,3.22,0.19657,0.178979,16040.9,2871.0,3.87,1991,1993
92,0.277071,0.243357,4616.0,1123.3,3.01,0.218412,0.196909,13169.9,2593.3,3.6,1991,1993
93,0.306975,0.266128,3492.7,929.5,2.81,0.239303,0.21373,10576.7,2260.6,3.36,1991,1993
94,0.331285,0.284208,2563.2,728.5,2.65,0.260871,0.23077,8316.1,1919.1,3.14,1991,1993
95,0.347886,0.29634,1834.7,543.7,2.5,0.288773,0.252339,6397.0,1614.2,2.93,1991,1993
96,0.380226,0.319487,1291.0,412.5,2.35,0.317429,0.273949,4782.8,1310.2,2.75,1991,1993
97,0.410674,0.340713,878.5,299.3,2.22,0.338853,0.28976,3472.5,1006.2,2.59,1991,1993
98,0.422444,0.348775,579.2,202.0,2.1,0.356169,0.302329,2466.3,745.6,2.45,1991,1993
99,0.487743,0.392117,377.2,147.9,1.96,0.388014,0.324968,1720.7,559.2,2.29,1991,1993
100,0.498584,0.399093,229.3,91.5,1.91,0.424741,0.350339,1161.5,406.9,2.16,1991,1993
0,0.00711,0.007085,100000.0,708.5,73.67,0.005602,0.005586,100000.0,558.6,79.02,1992,1994
1,0.000545,0.000545,99291.5,54.1,73.2,0.000477,0.000477,99441.4,47.4,78.46,1992,1994
2,0.00035,0.00035,99237.4,34.7,72.24,0.000291,0.000291,99394.0,28.9,77.5,1992,1994
3,0.000253,0.000253,99202.7,25.1,71.26,0.000216,0.000216,99365.1,21.4,76.52,1992,1994
4,0.000234,0.000234,99177.6,23.2,70.28,0.000153,0.000153,99343.6,15.2,75.54,1992,1994
5,0.000177,0.000177,99154.4,17.5,69.3,0.000146,0.000146,99328.4,14.5,74.55,1992,1994
6,0.000174,0.000174,99136.9,17.3,68.31,0.000144,0.000144,99313.9,14.3,73.56,1992,1994
7,0.000169,0.000169,99119.6,16.8,67.32,0.000114,0.000114,99299.6,11.3,72.57,1992,1994
8,0.000174,0.000174,99102.9,17.2,66.33,0.000112,0.000112,99288.3,11.1,71.58,1992,1994
9,0.000161,0.000161,99085.6,15.9,65.34,0.000122,0.000122,99277.2,12.1,70.59,1992,1994
10,0.000157,0.000157,99069.7,15.5,64.35,0.000122,0.000122,99265.1,12.1,69.6,1992,1994
11,0.000184,0.000184,99054.2,18.2,63.36,0.000102,0.000102,99253.0,10.1,68.6,1992,1994
12,0.000223,0.000223,99036.0,22.1,62.37,0.000132,0.000132,99242.9,13.1,67.61,1992,1994
13,0.000222,0.000222,99013.9,22.0,61.39,0.000151,0.000151,99229.8,15.0,66.62,1992,1994
14,0.000277,0.000277,98991.9,27.4,60.4,0.000195,0.000195,99214.8,19.4,65.63,1992,1994
15,0.000349,0.000349,98964.5,34.5,59.42,0.000194,0.000194,99195.5,19.2,64.64,1992,1994
16,0.000434,0.000434,98929.9,42.9,58.44,0.000251,0.000251,99176.2,24.9,63.66,1992,1994
17,0.00068,0.00068,98887.0,67.2,57.46,0.000296,0.000296,99151.3,29.3,62.67,1992,1994
18,0.000795,0.000795,98819.8,78.5,56.5,0.000289,0.000289,99122.0,28.7,61.69,1992,1994
19,0.000824,0.000824,98741.3,81.3,55.55,0.000312,0.000312,99093.3,30.9,60.71,1992,1994
20,0.00087,0.00087,98659.9,85.8,54.59,0.000311,0.000311,99062.4,30.8,59.73,1992,1994
21,0.000877,0.000877,98574.1,86.4,53.64,0.000325,0.000325,99031.6,32.2,58.74,1992,1994
22,0.000909,0.000909,98487.7,89.5,52.69,0.000305,0.000305,98999.5,30.2,57.76,1992,1994
23,0.000861,0.00086,98398.2,84.7,51.73,0.000305,0.000305,98969.3,30.2,56.78,1992,1994
24,0.000909,0.000908,98313.6,89.3,50.78,0.000335,0.000334,98939.1,33.1,55.8,1992,1994
25,0.000872,0.000871,98224.3,85.6,49.82,0.000331,0.000331,98906.0,32.7,54.82,1992,1994
26,0.000918,0.000918,98138.7,90.1,48.87,0.000362,0.000362,98873.3,35.8,53.83,1992,1994
27,0.000939,0.000939,98048.6,92.0,47.91,0.000382,0.000382,98837.5,37.7,52.85,1992,1994
28,0.000932,0.000932,97956.5,91.3,46.96,0.000397,0.000397,98799.8,39.2,51.87,1992,1994
29,0.000953,0.000952,97865.3,93.2,46.0,0.000414,0.000414,98760.6,40.9,50.89,1992,1994
30,0.000988,0.000988,97772.1,96.6,45.04,0.00044,0.00044,98719.7,43.4,49.92,1992,1994
31,0.001071,0.001071,97675.5,104.6,44.09,0.000505,0.000505,98676.2,49.8,48.94,1992,1994
32,0.00101,0.00101,97570.9,98.5,43.13,0.000549,0.000549,98626.4,54.2,47.96,1992,1994
33,0.001132,0.001132,97472.4,110.3,42.18,0.000565,0.000564,98572.2,55.6,46.99,1992,1994
34,0.001163,0.001162,97362.1,113.2,41.22,0.000601,0.000601,98516.6,59.2,46.01,1992,1994
35,0.001215,0.001214,97248.9,118.1,40.27,0.000684,0.000684,98457.4,67.4,45.04,1992,1994
36,0.001296,0.001295,97130.8,125.8,39.32,0.000759,0.000759,98390.0,74.7,44.07,1992,1994
37,0.001337,0.001337,97005.0,129.7,38.37,0.000837,0.000836,98315.4,82.2,43.11,1992,1994
38,0.001524,0.001523,96875.3,147.5,37.42,0.000851,0.000851,98233.2,83.5,42.14,1992,1994
39,0.001654,0.001653,96727.8,159.9,36.48,0.001003,0.001002,98149.6,98.3,41.18,1992,1994
40,0.001762,0.00176,96567.9,170.0,35.54,0.001127,0.001127,98051.3,110.5,40.22,1992,1994
41,0.001941,0.001939,96397.9,186.9,34.6,0.001252,0.001251,97940.8,122.5,39.26,1992,1994
42,0.002034,0.002032,96211.0,195.5,33.66,0.001351,0.00135,97818.2,132.1,38.31,1992,1994
43,0.002194,0.002192,96015.5,210.4,32.73,0.001463,0.001462,97686.2,142.8,37.36,1992,1994
44,0.00244,0.002437,95805.1,233.5,31.8,0.001594,0.001593,97543.3,155.4,36.42,1992,1994
45,0.002571,0.002568,95571.6,245.4,30.88,0.001784,0.001783,97387.9,173.6,35.47,1992,1994
46,0.002849,0.002845,95326.1,271.2,29.96,0.001975,0.001973,97214.3,191.8,34.54,1992,1994
47,0.003173,0.003168,95055.0,301.2,29.04,0.002173,0.002171,97022.5,210.6,33.6,1992,1994
48,0.003584,0.003577,94753.8,339.0,28.13,0.002335,0.002332,96811.9,225.8,32.67,1992,1994
49,0.004036,0.004027,94414.8,380.3,27.23,0.002533,0.00253,96586.1,244.3,31.75,1992,1994
50,0.00451,0.0045,94034.6,423.2,26.34,0.002981,0.002977,96341.8,286.8,30.83,1992,1994
51,0.005119,0.005105,93611.4,477.9,25.46,0.003166,0.003161,96055.0,303.6,29.92,1992,1994
52,0.005784,0.005768,93133.5,537.2,24.58,0.00367,0.003663,95751.4,350.8,29.01,1992,1994
53,0.006463,0.006442,92596.3,596.5,23.72,0.003989,0.003981,95400.7,379.8,28.12,1992,1994
54,0.006899,0.006875,91999.8,632.5,22.87,0.004258,0.004249,95020.9,403.7,27.23,1992,1994
55,0.007791,0.007761,91367.3,709.1,22.03,0.004605,0.004594,94617.2,434.7,26.34,1992,1994
56,0.008589,0.008553,90658.2,775.4,21.2,0.005075,0.005062,94182.5,476.7,25.46,1992,1994
57,0.009885,0.009837,89882.8,884.1,20.38,0.005877,0.00586,93705.8,549.1,24.59,1992,1994
58,0.010843,0.010785,88998.7,959.8,19.57,0.006337,0.006317,93156.7,588.5,23.73,1992,1994
59,0.01206,0.011987,88038.8,1055.4,18.78,0.007208,0.007182,92568.2,664.8,22.88,1992,1994
60,0.013607,0.013515,86983.5,1175.6,18.0,0.008097,0.008065,91903.4,741.2,22.04,1992,1994
61,0.015203,0.015088,85807.9,1294.7,17.24,0.009013,0.008972,91162.2,817.9,21.21,1992,1994
62,0.017069,0.016924,84513.2,1430.3,16.5,0.009944,0.009895,90344.3,893.9,20.4,1992,1994
63,0.018957,0.018779,83082.9,1560.2,15.78,0.011094,0.011033,89450.4,986.9,19.6,1992,1994
64,0.021577,0.021347,81522.7,1740.2,15.07,0.012152,0.012079,88463.5,1068.5,18.81,1992,1994
65,0.023843,0.023562,79782.4,1879.8,14.39,0.01394,0.013844,87395.0,1209.9,18.04,1992,1994
66,0.026562,0.026214,77902.6,2042.1,13.72,0.015194,0.01508,86185.1,1299.7,17.28,1992,1994
67,0.029905,0.029464,75860.5,2235.2,13.08,0.016655,0.016518,84885.4,1402.1,16.54,1992,1994
68,0.0326,0.032077,73625.3,2361.7,12.46,0.01854,0.01837,83483.3,1533.6,15.81,1992,1994
69,0.03592,0.035286,71263.7,2514.6,11.86,0.020268,0.020065,81949.7,1644.3,15.1,1992,1994
70,0.039362,0.038603,68749.1,2653.9,11.27,0.022668,0.022414,80305.4,1799.9,14.4,1992,1994
71,0.043887,0.042944,66095.2,2838.4,10.7,0.024714,0.024412,78505.5,1916.5,13.72,1992,1994
72,0.046808,0.045737,63256.8,2893.2,10.16,0.027062,0.026701,76589.0,2045.0,13.05,1992,1994
73,0.052206,0.050878,60363.6,3071.2,9.62,0.02999,0.029547,74544.0,2202.5,12.39,1992,1994
74,0.057139,0.055552,57292.4,3182.7,9.11,0.033153,0.032613,72341.5,2359.3,11.75,1992,1994
75,0.06294,0.06102,54109.7,3301.8,8.62,0.036845,0.036179,69982.2,2531.9,11.13,1992,1994
76,0.06894,0.066643,50807.9,3386.0,8.15,0.040495,0.039691,67450.3,2677.2,10.53,1992,1994
77,0.075524,0.072776,47421.9,3451.2,7.69,0.044656,0.043681,64773.2,2829.3,9.94,1992,1994
78,0.083201,0.079878,43970.8,3512.3,7.26,0.048969,0.047799,61943.8,2960.9,9.38,1992,1994
79,0.090384,0.086476,40458.5,3498.7,6.84,0.054586,0.053136,58983.0,3134.1,8.82,1992,1994
80,0.09976,0.09502,36959.8,3511.9,6.44,0.061384,0.059556,55848.9,3326.1,8.29,1992,1994
81,0.108281,0.102719,33447.9,3435.7,6.07,0.068214,0.065964,52522.7,3464.6,7.78,1992,1994
82,0.11942,0.112691,30012.1,3382.1,5.71,0.075854,0.073083,49058.1,3585.3,7.3,1992,1994
83,0.130291,0.122322,26630.0,3257.4,5.37,0.084666,0.081228,45472.8,3693.7,6.83,1992,1994
84,0.144151,0.13446,23372.6,3142.7,5.05,0.093819,0.089615,41779.2,3744.1,6.39,1992,1994
85,0.155378,0.144177,20229.9,2916.7,4.75,0.104333,0.09916,38035.1,3771.6,5.97,1992,1994
86,0.168872,0.155724,17313.2,2696.1,4.47,0.116357,0.10996,34263.5,3767.6,5.57,1992,1994
87,0.18417,0.16864,14617.1,2465.0,4.2,0.130332,0.122359,30495.9,3731.4,5.2,1992,1994
88,0.200186,0.181972,12152.1,2211.3,3.95,0.142871,0.133345,26764.5,3568.9,4.86,1992,1994
89,0.214795,0.193964,9940.8,1928.1,3.72,0.158059,0.146483,23195.6,3397.8,4.53,1992,1994
90,0.231971,0.207862,8012.6,1665.5,3.49,0.175042,0.160955,19797.8,3186.6,4.22,1992,1994
91,0.246076,0.219116,6347.1,1390.8,3.28,0.190542,0.173968,16611.3,2889.8,3.93,1992,1994
92,0.27439,0.241287,4956.3,1195.9,3.06,0.212534,0.192118,13721.4,2636.1,3.65,1992,1994
93,0.297714,0.259139,3760.4,974.5,2.87,0.234962,0.21026,11085.3,2330.8,3.4,1992,1994
94,0.316856,0.273523,2786.0,762.0,2.7,0.254799,0.226006,8754.5,1978.6,3.18,1992,1994
95,0.344764,0.294071,2023.9,595.2,2.53,0.282017,0.247164,6775.9,1674.8,2.96,1992,1994
96,0.37525,0.315967,1428.8,451.4,2.38,0.312045,0.26993,5101.2,1377.0,2.77,1992,1994
97,0.413718,0.342805,977.3,335.0,2.25,0.34137,0.291599,3724.2,1086.0,2.61,1992,1994
98,0.41273,0.342127,642.3,219.7,2.16,0.358209,0.303797,2638.2,801.5,2.47,1992,1994
99,0.45187,0.368592,422.5,155.7,2.02,0.376936,0.317161,1836.7,582.5,2.33,1992,1994
100,0.483562,0.38941,266.8,103.9,1.91,0.410857,0.340839,1254.2,427.5,2.18,1992,1994
0,0.006936,0.006912,100000.0,691.2,73.83,0.005498,0.005483,100000.0,548.3,79.11,1993,1995
1,0.000517,0.000517,99308.8,51.4,73.34,0.00046,0.00046,99451.7,45.7,78.55,1993,1995
2,0.000335,0.000335,99257.5,33.2,72.38,0.000262,0.000261,99405.9,26.0,77.58,1993,1995
3,0.000247,0.000247,99224.2,24.5,71.41,0.000203,0.000203,99380.0,20.2,76.6,1993,1995
4,0.0002,0.0002,99199.7,19.8,70.42,0.000151,0.000151,99359.7,15.0,75.62,1993,1995
5,0.000163,0.000163,99179.8,16.1,69.44,0.000156,0.000156,99344.7,15.5,74.63,1993,1995
6,0.000171,0.000171,99163.7,16.9,68.45,0.000135,0.000135,99329.2,13.4,73.64,1993,1995
7,0.000151,0.000151,99146.8,15.0,67.46,0.000108,0.000108,99315.8,10.7,72.65,1993,1995
8,0.000175,0.000175,99131.8,17.3,66.47,9.8e-05,9.8e-05,99305.1,9.7,71.66,1993,1995
9,0.000166,0.000166,99114.4,16.4,65.48,0.000106,0.000106,99295.4,10.5,70.67,1993,1995
10,0.000165,0.000165,99098.0,16.4,64.49,0.000132,0.000132,99284.9,13.1,69.67,1993,1995
11,0.000176,0.000176,99081.7,17.4,63.5,0.000118,0.000118,99271.8,11.7,68.68,1993,1995
12,0.000215,0.000215,99064.3,21.3,62.51,0.000132,0.000132,99260.0,13.1,67.69,1993,1995
13,0.000223,0.000223,99042.9,22.1,61.53,0.000157,0.000157,99247.0,15.6,66.7,1993,1995
14,0.000276,0.000276,99020.8,27.3,60.54,0.000191,0.000191,99231.4,18.9,65.71,1993,1995
15,0.000339,0.000339,98993.5,33.5,59.56,0.000203,0.000203,99212.4,20.1,64.72,1993,1995
16,0.000412,0.000412,98960.0,40.7,58.58,0.000252,0.000252,99192.3,25.0,63.74,1993,1995
17,0.000691,0.000691,98919.2,68.4,57.6,0.000279,0.000278,99167.3,27.6,62.75,1993,1995
18,0.000824,0.000824,98850.9,81.4,56.64,0.000281,0.000281,99139.7,27.8,61.77,1993,1995
19,0.000844,0.000844,98769.4,83.4,55.69,0.000313,0.000313,99111.9,31.0,60.79,1993,1995
20,0.000911,0.000911,98686.1,89.9,54.73,0.000297,0.000297,99080.8,29.5,59.81,1993,1995
21,0.000921,0.000921,98596.2,90.8,53.78,0.000322,0.000322,99051.4,31.9,58.82,1993,1995
22,0.0009,0.0009,98505.4,88.7,52.83,0.000304,0.000304,99019.4,30.1,57.84,1993,1995
23,0.000874,0.000873,98416.7,85.9,51.88,0.000299,0.000298,98989.4,29.5,56.86,1993,1995
24,0.000897,0.000896,98330.8,88.1,50.92,0.000334,0.000334,98959.8,33.1,55.88,1993,1995
25,0.000895,0.000894,98242.7,87.8,49.97,0.00032,0.00032,98926.8,31.6,54.89,1993,1995
26,0.000923,0.000923,98154.8,90.6,49.01,0.000367,0.000367,98895.1,36.3,53.91,1993,1995
27,0.000979,0.000978,98064.2,95.9,48.06,0.00043,0.00043,98858.8,42.5,52.93,1993,1995
28,0.000954,0.000954,97968.3,93.5,47.11,0.000378,0.000378,98816.3,37.3,51.95,1993,1995
29,0.000978,0.000978,97874.8,95.7,46.15,0.000404,0.000404,98778.9,39.9,50.97,1993,1995
30,0.001005,0.001004,97779.1,98.2,45.19,0.000458,0.000458,98739.0,45.2,49.99,1993,1995
31,0.001097,0.001096,97680.9,107.1,44.24,0.000493,0.000493,98693.8,48.6,49.02,1993,1995
32,0.001057,0.001056,97573.8,103.1,43.29,0.000556,0.000556,98645.2,54.8,48.04,1993,1995
33,0.001159,0.001158,97470.8,112.9,42.33,0.000583,0.000582,98590.4,57.4,47.07,1993,1995
34,0.001188,0.001187,97357.9,115.6,41.38,0.000613,0.000612,98532.9,60.3,46.09,1993,1995
35,0.001195,0.001194,97242.3,116.1,40.43,0.000677,0.000676,98472.6,66.6,45.12,1993,1995
36,0.00131,0.001309,97126.2,127.2,39.48,0.000734,0.000734,98406.0,72.2,44.15,1993,1995
37,0.00133,0.001329,96999.0,128.9,38.53,0.000813,0.000813,98333.8,79.9,43.18,1993,1995
38,0.001477,0.001475,96870.1,142.9,37.58,0.000853,0.000853,98253.9,83.8,42.22,1993,1995
39,0.00162,0.001619,96727.2,156.6,36.63,0.000991,0.000991,98170.1,97.3,41.25,1993,1995
40,0.001759,0.001758,96570.6,169.8,35.69,0.001129,0.001129,98072.8,110.7,40.29,1993,1995
41,0.001931,0.001929,96400.8,186.0,34.75,0.001278,0.001277,97962.1,125.1,39.34,1993,1995
42,0.002075,0.002073,96214.8,199.4,33.82,0.001326,0.001325,97837.0,129.7,38.39,1993,1995
43,0.002252,0.002249,96015.4,216.0,32.89,0.001486,0.001485,97707.3,145.1,37.44,1993,1995
44,0.002411,0.002409,95799.4,230.7,31.96,0.001617,0.001616,97562.2,157.6,36.49,1993,1995
45,0.002633,0.00263,95568.7,251.3,31.04,0.001817,0.001816,97404.6,176.8,35.55,1993,1995
46,0.002834,0.00283,95317.4,269.8,30.12,0.001928,0.001926,97227.8,187.3,34.62,1993,1995
47,0.003087,0.003082,95047.6,292.9,29.2,0.002147,0.002145,97040.5,208.1,33.68,1993,1995
48,0.003472,0.003466,94754.7,328.4,28.29,0.00229,0.002288,96832.3,221.5,32.75,1993,1995
49,0.003963,0.003955,94426.2,373.5,27.39,0.0026,0.002597,96610.8,250.9,31.83,1993,1995
50,0.004452,0.004442,94052.8,417.8,26.5,0.00298,0.002975,96359.9,286.7,30.91,1993,1995
51,0.004969,0.004957,93635.0,464.1,25.61,0.003215,0.00321,96073.2,308.4,30.0,1993,1995
52,0.005619,0.005603,93170.9,522.0,24.74,0.003609,0.003602,95764.9,345.0,29.1,1993,1995
53,0.006357,0.006337,92648.9,587.1,23.87,0.003977,0.003969,95419.9,378.7,28.2,1993,1995
54,0.006859,0.006835,92061.8,629.3,23.02,0.004238,0.004229,95041.2,401.9,27.31,1993,1995
55,0.007643,0.007614,91432.5,696.2,22.18,0.004651,0.00464,94639.3,439.2,26.42,1993,1995
56,0.008455,0.008419,90736.4,763.9,21.34,0.005063,0.005051,94200.1,475.8,25.54,1993,1995
57,0.009667,0.009621,89972.5,865.6,20.52,0.005649,0.005633,93724.4,528.0,24.67,1993,1995
58,0.010458,0.010404,89106.9,927.1,19.71,0.006176,0.006157,93196.4,573.8,23.81,1993,1995
59,0.011688,0.01162,88179.8,1024.6,18.92,0.006985,0.006961,92622.6,644.7,22.95,1993,1995
60,0.013251,0.013163,87155.2,1147.3,18.13,0.007827,0.007796,91977.8,717.1,22.11,1993,1995
61,0.014761,0.014653,86007.9,1260.2,17.37,0.008752,0.008714,91260.7,795.2,21.28,1993,1995
62,0.016535,0.0164,84747.7,1389.8,16.62,0.009617,0.009571,90465.5,865.8,20.46,1993,1995
63,0.018266,0.0181,83357.9,1508.8,15.89,0.010834,0.010776,89599.7,965.5,19.65,1993,1995
64,0.020971,0.020754,81849.0,1698.7,15.17,0.011786,0.011717,88634.2,1038.5,18.86,1993,1995
65,0.023308,0.023039,80150.4,1846.6,14.48,0.01358,0.013489,87595.7,1181.5,18.08,1993,1995
66,0.025973,0.02564,78303.8,2007.7,13.81,0.015016,0.014904,86414.1,1287.9,17.32,1993,1995
67,0.029155,0.028736,76296.1,2192.5,13.16,0.016264,0.016133,85126.2,1373.3,16.58,1993,1995
68,0.031675,0.031181,74103.6,2310.6,12.54,0.018173,0.018009,83752.9,1508.3,15.84,1993,1995
69,0.034966,0.034366,71793.0,2467.2,11.93,0.019973,0.019775,82244.6,1626.4,15.12,1993,1995
70,0.038606,0.037875,69325.8,2625.7,11.33,0.022574,0.022322,80618.2,1799.5,14.42,1993,1995
71,0.042938,0.042036,66700.1,2803.8,10.76,0.024627,0.024328,78818.7,1917.5,13.73,1993,1995
72,0.046793,0.045724,63896.3,2921.6,10.21,0.027091,0.026729,76901.2,2055.5,13.06,1993,1995
73,0.05129,0.050008,60974.7,3049.2,9.67,0.029644,0.029211,74845.7,2186.3,12.41,1993,1995
74,0.055994,0.054469,57925.5,3155.1,9.16,0.032636,0.032112,72659.4,2333.2,11.77,1993,1995
75,0.061333,0.059508,54770.4,3259.3,8.65,0.036008,0.035371,70326.2,2487.5,11.14,1993,1995
76,0.068407,0.066144,51511.1,3407.2,8.17,0.040327,0.03953,67838.6,2681.6,10.53,1993,1995
77,0.074828,0.072129,48104.0,3469.7,7.71,0.044513,0.043544,65157.0,2837.2,9.94,1993,1995
78,0.082442,0.079178,44634.3,3534.1,7.28,0.048918,0.04775,62319.8,2975.8,9.37,1993,1995
79,0.090591,0.086665,41100.2,3562.0,6.86,0.054483,0.053038,59344.1,3147.5,8.82,1993,1995
80,0.098574,0.093944,37538.3,3526.5,6.46,0.061045,0.059237,56196.6,3328.9,8.28,1993,1995
81,0.107714,0.102209,34011.8,3476.3,6.08,0.067681,0.065466,52867.7,3461.0,7.77,1993,1995
82,0.118924,0.11225,30535.4,3427.6,5.71,0.075659,0.072901,49406.7,3601.8,7.28,1993,1995
83,0.129721,0.12182,27107.9,3302.3,5.37,0.084296,0.080887,45804.9,3705.0,6.82,1993,1995
84,0.143341,0.133754,23805.6,3184.1,5.05,0.094138,0.089907,42099.9,3785.1,6.37,1993,1995
85,0.15439,0.143326,20621.5,2955.6,4.75,0.104158,0.099002,38314.8,3793.2,5.95,1993,1995
86,0.168686,0.155565,17665.9,2748.2,4.46,0.116032,0.109669,34521.6,3786.0,5.55,1993,1995
87,0.183593,0.168157,14917.7,2508.5,4.19,0.129766,0.12186,30735.6,3745.4,5.18,1993,1995
88,0.200666,0.182369,12409.2,2263.0,3.94,0.14397,0.134302,26990.2,3624.8,4.83,1993,1995
89,0.215126,0.194233,10146.1,1970.7,3.71,0.158971,0.147266,23365.3,3440.9,4.5,1993,1995
90,0.23142,0.20742,8175.4,1695.7,3.48,0.175341,0.161208,19924.4,3212.0,4.19,1993,1995
91,0.245421,0.218597,6479.7,1416.4,3.26,0.192183,0.175334,16712.4,2930.3,3.89,1993,1995
92,0.278218,0.244242,5063.2,1236.7,3.03,0.213155,0.192625,13782.2,2654.8,3.62,1993,1995
93,0.301371,0.261905,3826.6,1002.2,2.85,0.23725,0.212091,11127.4,2360.0,3.36,1993,1995
94,0.317073,0.273684,2824.4,773.0,2.69,0.263763,0.233031,8767.4,2043.1,3.13,1993,1995
95,0.350271,0.298069,2051.4,611.5,2.51,0.281987,0.247142,6724.3,1661.9,2.93,1993,1995
96,0.37703,0.317228,1439.9,456.8,2.36,0.318992,0.275113,5062.4,1392.7,2.73,1993,1995
97,0.418675,0.346202,983.1,340.4,2.23,0.34183,0.291934,3669.7,1071.3,2.57,1993,1995
98,0.416907,0.344992,642.8,221.8,2.14,0.366409,0.309675,2598.4,804.7,2.43,1993,1995
99,0.459184,0.373444,421.0,157.2,2.0,0.38717,0.324375,1793.7,581.8,2.29,1993,1995
100,0.466754,0.378436,263.8,99.8,1.9,0.420896,0.347719,1211.9,421.4,2.15,1993,1995
0,0.006872,0.006849,100000.0,684.9,74.08,0.005421,0.005407,100000.0,540.7,79.31,1994,1996
1,0.000502,0.000502,99315.1,49.9,73.59,0.000454,0.000454,99459.3,45.1,78.74,1994,1996
2,0.000307,0.000307,99265.3,30.5,72.63,0.000266,0.000266,99414.2,26.4,77.77,1994,1996
3,0.00023,0.00023,99234.8,22.8,71.65,0.000179,0.000179,99387.8,17.8,76.79,1994,1996
4,0.000195,0.000195,99212.0,19.4,70.67,0.000138,0.000138,99370.0,13.7,75.81,1994,1996
5,0.00016,0.00016,99192.6,15.8,69.68,0.00015,0.00015,99356.3,14.9,74.82,1994,1996
6,0.000157,0.000157,99176.8,15.6,68.69,0.00013,0.00013,99341.4,13.0,73.83,1994,1996
7,0.000135,0.000135,99161.2,13.4,67.7,9.7e-05,9.7e-05,99328.4,9.6,72.84,1994,1996
8,0.000156,0.000156,99147.8,15.5,66.71,9.4e-05,9.4e-05,99318.9,9.3,71.85,1994,1996
9,0.000162,0.000162,99132.3,16.0,65.72,0.000109,0.000109,99309.5,10.8,70.85,1994,1996
10,0.000149,0.000149,99116.3,14.8,64.73,0.000113,0.000113,99298.7,11.3,69.86,1994,1996
11,0.000166,0.000166,99101.5,16.4,63.74,0.000106,0.000106,99287.5,10.6,68.87,1994,1996
12,0.000212,0.000212,99085.1,21.0,62.75,0.000118,0.000118,99276.9,11.7,67.88,1994,1996
13,0.000217,0.000217,99064.1,21.5,61.77,0.000143,0.000143,99265.2,14.2,66.88,1994,1996
14,0.000278,0.000278,99042.6,27.5,60.78,0.000192,0.000192,99251.1,19.0,65.89,1994,1996
15,0.000333,0.000333,99015.1,33.0,59.8,0.000204,0.000204,99232.0,20.2,64.91,1994,1996
16,0.000409,0.000409,98982.1,40.5,58.82,0.000241,0.000241,99211.8,23.9,63.92,1994,1996
17,0.000694,0.000694,98941.6,68.7,57.84,0.000277,0.000277,99187.9,27.5,62.93,1994,1996
18,0.000832,0.000832,98873.0,82.3,56.88,0.000295,0.000295,99160.4,29.2,61.95,1994,1996
19,0.000855,0.000855,98790.7,84.4,55.93,0.000315,0.000315,99131.2,31.2,60.97,1994,1996
20,0.000885,0.000885,98706.3,87.3,54.97,0.000288,0.000288,99100.0,28.5,59.99,1994,1996
21,0.000944,0.000943,98619.0,93.0,54.02,0.000334,0.000334,99071.5,33.0,59.01,1994,1996
22,0.000907,0.000907,98525.9,89.3,53.07,0.000305,0.000305,99038.4,30.2,58.03,1994,1996
23,0.000878,0.000877,98436.6,86.3,52.12,0.000319,0.000318,99008.2,31.5,57.04,1994,1996
24,0.000892,0.000891,98350.3,87.7,51.17,0.000319,0.000319,98976.7,31.6,56.06,1994,1996
25,0.000914,0.000913,98262.6,89.7,50.21,0.000326,0.000326,98945.1,32.3,55.08,1994,1996
26,0.000921,0.000921,98172.9,90.4,49.26,0.000358,0.000358,98912.8,35.4,54.1,1994,1996
27,0.000954,0.000954,98082.5,93.5,48.3,0.000415,0.000415,98877.5,41.1,53.12,1994,1996
28,0.000988,0.000987,97989.0,96.7,47.35,0.000388,0.000387,98836.4,38.3,52.14,1994,1996
29,0.000978,0.000977,97892.2,95.7,46.39,0.000414,0.000414,98798.1,40.9,51.16,1994,1996
30,0.001043,0.001042,97796.6,102.0,45.44,0.000453,0.000453,98757.2,44.8,50.18,1994,1996
31,0.001109,0.001108,97694.6,108.2,44.48,0.000466,0.000466,98712.4,46.0,49.2,1994,1996
32,0.001125,0.001124,97586.4,109.7,43.53,0.000563,0.000563,98666.4,55.5,48.22,1994,1996
33,0.001156,0.001155,97476.7,112.6,42.58,0.000603,0.000603,98610.9,59.4,47.25,1994,1996
34,0.00119,0.001189,97364.1,115.8,41.63,0.000619,0.000619,98551.5,61.0,46.28,1994,1996
35,0.001214,0.001213,97248.3,118.0,40.68,0.000695,0.000695,98490.5,68.4,45.31,1994,1996
36,0.001298,0.001298,97130.3,126.0,39.73,0.000739,0.000739,98422.0,72.7,44.34,1994,1996
37,0.001339,0.001338,97004.3,129.8,38.78,0.000798,0.000798,98349.3,78.5,43.37,1994,1996
38,0.001448,0.001447,96874.4,140.2,37.83,0.000905,0.000905,98270.8,88.9,42.4,1994,1996
39,0.001645,0.001644,96734.2,159.0,36.88,0.000999,0.000999,98181.9,98.1,41.44,1994,1996
40,0.001774,0.001773,96575.2,171.2,35.94,0.001114,0.001114,98083.9,109.2,40.48,1994,1996
41,0.001909,0.001907,96404.0,183.8,35.01,0.00123,0.001229,97974.7,120.4,39.53,1994,1996
42,0.002049,0.002047,96220.2,196.9,34.07,0.001313,0.001312,97854.3,128.4,38.58,1994,1996
43,0.002315,0.002312,96023.3,222.0,33.14,0.001482,0.001481,97725.9,144.7,37.63,1994,1996
44,0.002398,0.002395,95801.3,229.4,32.22,0.001595,0.001593,97581.2,155.5,36.68,1994,1996
45,0.002683,0.00268,95571.8,256.1,31.29,0.001806,0.001804,97425.7,175.7,35.74,1994,1996
46,0.002897,0.002893,95315.7,275.7,30.38,0.001942,0.001941,97249.9,188.7,34.8,1994,1996
47,0.003028,0.003024,95040.0,287.4,29.46,0.002096,0.002094,97061.2,203.2,33.87,1994,1996
48,0.003353,0.003348,94752.6,317.2,28.55,0.002266,0.002263,96858.0,219.2,32.94,1994,1996
49,0.003898,0.003891,94435.4,367.4,27.65,0.002535,0.002532,96638.8,244.7,32.01,1994,1996
50,0.00428,0.004271,94068.0,401.8,26.75,0.00295,0.002946,96394.1,284.0,31.09,1994,1996
51,0.004761,0.00475,93666.2,444.9,25.86,0.003226,0.00322,96110.1,309.5,30.18,1994,1996
52,0.005495,0.00548,93221.3,510.9,24.99,0.003469,0.003463,95800.6,331.7,29.28,1994,1996
53,0.006094,0.006075,92710.4,563.3,24.12,0.003909,0.003901,95468.9,372.4,28.38,1994,1996
54,0.006711,0.006688,92147.2,616.3,23.26,0.004155,0.004146,95096.5,394.3,27.49,1994,1996
55,0.007547,0.007519,91530.9,688.2,22.42,0.004637,0.004626,94702.2,438.1,26.6,1994,1996
56,0.008299,0.008265,90842.7,750.8,21.58,0.00496,0.004948,94264.1,466.4,25.72,1994,1996
57,0.009258,0.009215,90091.9,830.2,20.76,0.005565,0.005549,93797.7,520.5,24.85,1994,1996
58,0.010118,0.010067,89261.7,898.6,19.95,0.006019,0.006001,93277.2,559.7,23.98,1994,1996
59,0.011379,0.011314,88363.1,999.8,19.15,0.006753,0.00673,92717.4,624.0,23.13,1994,1996
60,0.012781,0.0127,87363.3,1109.5,18.36,0.0075,0.007472,92093.4,688.1,22.28,1994,1996
61,0.014213,0.014113,86253.9,1217.3,17.59,0.008366,0.008331,91405.3,761.5,21.44,1994,1996
62,0.015996,0.015869,85036.5,1349.5,16.83,0.009275,0.009232,90643.8,836.9,20.62,1994,1996
63,0.017733,0.017577,83687.1,1471.0,16.1,0.010242,0.01019,89807.0,915.1,19.81,1994,1996
64,0.020153,0.019952,82216.1,1640.4,15.38,0.011532,0.011466,88891.9,1019.2,19.0,1994,1996
65,0.022492,0.022242,80575.7,1792.1,14.68,0.013018,0.012934,87872.6,1136.5,18.22,1994,1996
66,0.024857,0.024552,78783.6,1934.3,14.0,0.014342,0.01424,86736.1,1235.1,17.45,1994,1996
67,0.027757,0.027377,76849.3,2103.9,13.34,0.01583,0.015705,85501.0,1342.8,16.7,1994,1996
68,0.030628,0.030167,74745.4,2254.8,12.7,0.017947,0.017787,84158.2,1496.9,15.95,1994,1996
69,0.033787,0.033225,72490.6,2408.5,12.08,0.01964,0.019449,82661.3,1607.7,15.23,1994,1996
70,0.03773,0.037032,70082.0,2595.3,11.48,0.022015,0.021775,81053.6,1764.9,14.53,1994,1996
71,0.041452,0.04061,67486.8,2740.6,10.9,0.02413,0.023842,79288.6,1890.4,13.84,1994,1996
72,0.045751,0.044728,64746.2,2895.9,10.34,0.026654,0.026303,77398.2,2035.8,13.17,1994,1996
73,0.050644,0.049394,61850.2,3055.0,9.8,0.029455,0.029027,75362.4,2187.6,12.51,1994,1996
74,0.054489,0.053044,58795.2,3118.7,9.29,0.031897,0.031396,73174.8,2297.4,11.87,1994,1996
75,0.059872,0.058132,55676.5,3236.6,8.78,0.035441,0.034824,70877.4,2468.2,11.23,1994,1996
76,0.065704,0.063614,52439.9,3335.9,8.29,0.039073,0.038325,68409.2,2621.7,10.62,1994,1996
77,0.072375,0.069848,49104.0,3429.8,7.82,0.043611,0.04268,65787.5,2807.8,10.03,1994,1996
78,0.080756,0.077622,45674.2,3545.3,7.37,0.048561,0.04741,62979.6,2985.8,9.45,1994,1996
79,0.087985,0.084278,42128.9,3550.5,6.95,0.053656,0.052254,59993.8,3134.9,8.9,1994,1996
80,0.097306,0.092792,38578.4,3579.7,6.54,0.059979,0.058233,56858.9,3311.1,8.36,1994,1996
81,0.10543,0.10015,34998.6,3505.1,6.16,0.066657,0.064507,53547.8,3454.2,7.84,1994,1996
82,0.116301,0.10991,31493.5,3461.4,5.79,0.074377,0.07171,50093.6,3592.2,7.35,1994,1996
83,0.127485,0.119845,28032.0,3359.5,5.44,0.083148,0.079829,46501.4,3712.2,6.88,1994,1996
84,0.139385,0.130304,24672.5,3214.9,5.11,0.092996,0.088864,42789.2,3802.4,6.43,1994,1996
85,0.151858,0.141141,21457.6,3028.5,4.81,0.102616,0.097608,38986.8,3805.4,6.01,1994,1996
86,0.165594,0.152932,18429.1,2818.4,4.51,0.115042,0.108785,35181.4,3827.2,5.61,1994,1996
87,0.180251,0.165349,15610.7,2581.2,4.24,0.126829,0.119266,31354.2,3739.5,5.23,1994,1996
88,0.196899,0.179252,13029.5,2335.6,3.98,0.141774,0.132389,27614.7,3655.9,4.87,1994,1996
89,0.213994,0.19331,10693.9,2067.2,3.74,0.156351,0.145014,23958.8,3474.4,4.54,1994,1996
90,0.226273,0.203275,8626.7,1753.6,3.52,0.173437,0.159597,20484.4,3269.2,4.22,1994,1996
91,0.242018,0.215893,6873.1,1483.9,3.28,0.190595,0.174012,17215.2,2995.6,3.93,1994,1996
92,0.275177,0.241895,5389.2,1303.6,3.05,0.209663,0.189769,14219.5,2698.4,3.65,1994,1996
93,0.297318,0.258839,4085.6,1057.5,2.87,0.232597,0.208365,11521.1,2400.6,3.39,1994,1996
94,0.314231,0.271564,3028.1,822.3,2.69,0.261703,0.231421,9120.5,2110.7,3.16,1994,1996
95,0.348925,0.297093,2205.8,655.3,2.51,0.280912,0.246316,7009.8,1726.6,2.95,1994,1996
96,0.381306,0.32025,1550.4,496.5,2.36,0.312506,0.270275,5283.2,1427.9,2.76,1994,1996
97,0.413422,0.342603,1053.9,361.1,2.23,0.334594,0.28664,3855.3,1105.1,2.59,1994,1996
98,0.408899,0.339491,692.8,235.2,2.13,0.361683,0.306293,2750.2,842.4,2.43,1994,1996
99,0.450223,0.367495,457.6,168.2,1.97,0.385577,0.323257,1907.8,616.7,2.29,1994,1996
100,0.488712,0.392743,289.5,113.7,1.83,0.415798,0.344232,1291.1,444.4,2.14,1994,1996
0,0.006745,0.006722,100000.0,672.2,74.24,0.005369,0.005354,100000.0,535.4,79.38,1995,1997
1,0.000496,0.000496,99327.8,49.2,73.74,0.000425,0.000425,99464.6,42.3,78.8,1995,1997
2,0.000305,0.000305,99278.6,30.3,72.78,0.000253,0.000253,99422.3,25.2,77.84,1995,1997
3,0.000227,0.000227,99248.3,22.5,71.8,0.000174,0.000174,99397.1,17.3,76.86,1995,1997
4,0.000191,0.000191,99225.7,18.9,70.82,0.000133,0.000133,99379.8,13.2,75.87,1995,1997
5,0.000168,0.000168,99206.8,16.7,69.83,0.000148,0.000148,99366.6,14.7,74.88,1995,1997
6,0.000151,0.000151,99190.1,15.0,68.84,0.000127,0.000127,99351.9,12.6,73.89,1995,1997
7,0.000123,0.000123,99175.1,12.2,67.85,0.000103,0.000103,99339.3,10.2,72.9,1995,1997
8,0.000152,0.000152,99163.0,15.1,66.86,9.4e-05,9.4e-05,99329.1,9.3,71.91,1995,1997
9,0.000157,0.000157,99147.8,15.6,65.87,0.000111,0.000111,99319.8,11.0,70.91,1995,1997
10,0.000163,0.000163,99132.3,16.2,64.88,0.000121,0.000121,99308.8,12.0,69.92,1995,1997
11,0.000159,0.000159,99116.1,15.7,63.89,0.000105,0.000105,99296.7,10.4,68.93,1995,1997
12,0.000196,0.000196,99100.4,19.4,62.9,0.000113,0.000113,99286.3,11.2,67.94,1995,1997
13,0.000213,0.000213,99081.0,21.1,61.92,0.000145,0.000145,99275.1,14.4,66.95,1995,1997
14,0.00026,0.00026,99059.8,25.8,60.93,0.000184,0.000184,99260.7,18.2,65.95,1995,1997
15,0.000324,0.000324,99034.1,32.1,59.95,0.000235,0.000235,99242.4,23.3,64.97,1995,1997
16,0.000427,0.000426,99002.0,42.2,58.96,0.000249,0.000249,99219.1,24.7,63.98,1995,1997
17,0.000673,0.000673,98959.8,66.6,57.99,0.00029,0.00029,99194.4,28.8,63.0,1995,1997
18,0.000871,0.00087,98893.1,86.1,57.03,0.000307,0.000307,99165.7,30.4,62.02,1995,1997
19,0.000893,0.000893,98807.1,88.2,56.08,0.000316,0.000316,99135.2,31.3,61.03,1995,1997
20,0.000905,0.000904,98718.8,89.3,55.13,0.000303,0.000303,99103.9,30.0,60.05,1995,1997
21,0.00102,0.001019,98629.6,100.5,54.18,0.000349,0.000349,99073.9,34.6,59.07,1995,1997
22,0.000915,0.000914,98529.1,90.1,53.23,0.000308,0.000308,99039.3,30.5,58.09,1995,1997
23,0.000895,0.000895,98439.0,88.1,52.28,0.000306,0.000305,99008.8,30.2,57.11,1995,1997
24,0.000912,0.000911,98350.9,89.6,51.33,0.000339,0.000339,98978.6,33.6,56.13,1995,1997
25,0.00096,0.00096,98261.3,94.3,50.37,0.000334,0.000334,98945.0,33.0,55.15,1995,1997
26,0.000899,0.000898,98167.0,88.2,49.42,0.000344,0.000344,98912.0,34.0,54.16,1995,1997
27,0.00094,0.00094,98078.8,92.2,48.46,0.000396,0.000396,98878.0,39.1,53.18,1995,1997
28,0.000982,0.000982,97986.6,96.2,47.51,0.00038,0.00038,98838.8,37.5,52.2,1995,1997
29,0.001024,0.001024,97890.4,100.2,46.56,0.000422,0.000422,98801.3,41.7,51.22,1995,1997
30,0.001028,0.001027,97790.2,100.4,45.6,0.000445,0.000445,98759.6,43.9,50.25,1995,1997
31,0.001096,0.001096,97689.8,107.0,44.65,0.000476,0.000476,98715.7,47.0,49.27,1995,1997
32,0.001108,0.001107,97582.7,108.0,43.7,0.000539,0.000539,98668.7,53.2,48.29,1995,1997
33,0.001132,0.001131,97474.7,110.2,42.75,0.000575,0.000575,98615.5,56.7,47.32,1995,1997
34,0.001168,0.001167,97364.5,113.6,41.79,0.000615,0.000615,98558.9,60.6,46.34,1995,1997
35,0.00118,0.001179,97250.8,114.7,40.84,0.000709,0.000709,98498.3,69.8,45.37,1995,1997
36,0.001236,0.001235,97136.1,120.0,39.89,0.00074,0.00074,98428.4,72.8,44.4,1995,1997
37,0.001343,0.001342,97016.2,130.2,38.94,0.000794,0.000794,98355.6,78.1,43.44,1995,1997
38,0.001467,0.001466,96885.9,142.0,37.99,0.000913,0.000912,98277.5,89.7,42.47,1995,1997
39,0.00161,0.001609,96743.9,155.6,37.04,0.000976,0.000976,98187.9,95.8,41.51,1995,1997
40,0.00177,0.001769,96588.3,170.8,36.1,0.00107,0.001069,98092.0,104.9,40.55,1995,1997
41,0.001893,0.001891,96417.5,182.3,35.17,0.001164,0.001163,97987.2,114.0,39.59,1995,1997
42,0.002065,0.002062,96235.1,198.5,34.23,0.001301,0.0013,97873.2,127.2,38.64,1995,1997
43,0.002298,0.002296,96036.7,220.5,33.3,0.001481,0.00148,97745.9,144.7,37.69,1995,1997
44,0.002387,0.002385,95816.2,228.5,32.38,0.001605,0.001604,97601.2,156.6,36.74,1995,1997
45,0.002733,0.002729,95587.7,260.9,31.45,0.001767,0.001765,97444.7,172.0,35.8,1995,1997
46,0.002893,0.002888,95326.8,275.3,30.54,0.001889,0.001887,97272.7,183.6,34.86,1995,1997
47,0.003146,0.003141,95051.5,298.6,29.63,0.00213,0.002127,97089.1,206.5,33.93,1995,1997
48,0.003388,0.003382,94752.9,320.4,28.72,0.00226,0.002257,96882.6,218.7,33.0,1995,1997
49,0.003816,0.003808,94432.5,359.6,27.81,0.002472,0.002469,96663.9,238.7,32.07,1995,1997
50,0.004178,0.00417,94072.8,392.3,26.92,0.002851,0.002847,96425.2,274.5,31.15,1995,1997
51,0.004697,0.004686,93680.6,439.0,26.03,0.003249,0.003244,96150.7,311.9,30.24,1995,1997
52,0.005314,0.0053,93241.6,494.2,25.15,0.003468,0.003462,95838.8,331.8,29.33,1995,1997
53,0.00601,0.005992,92747.4,555.7,24.28,0.003773,0.003766,95507.0,359.7,28.43,1995,1997
54,0.006646,0.006624,92191.7,610.7,23.42,0.004094,0.004085,95147.3,388.7,27.54,1995,1997
55,0.007426,0.007398,91581.0,677.6,22.58,0.004574,0.004564,94758.6,432.5,26.65,1995,1997
56,0.008263,0.008229,90903.5,748.0,21.74,0.004921,0.004909,94326.1,463.0,25.77,1995,1997
57,0.009153,0.009111,90155.4,821.4,20.92,0.005541,0.005526,93863.1,518.7,24.9,1995,1997
58,0.009966,0.009917,89334.0,885.9,20.1,0.006095,0.006076,93344.4,567.2,24.03,1995,1997
59,0.011136,0.011074,88448.1,979.5,19.3,0.00663,0.006608,92777.2,613.1,23.17,1995,1997
60,0.012481,0.012403,87468.6,1084.9,18.51,0.007467,0.00744,92164.2,685.7,22.33,1995,1997
61,0.013801,0.013706,86383.7,1184.0,17.74,0.008244,0.00821,91478.5,751.0,21.49,1995,1997
62,0.015392,0.015275,85199.7,1301.4,16.98,0.009126,0.009084,90727.5,824.2,20.66,1995,1997
63,0.017312,0.017164,83898.3,1440.0,16.23,0.009872,0.009824,89903.3,883.2,19.85,1995,1997
64,0.019471,0.019283,82458.3,1590.0,15.51,0.01117,0.011108,89020.1,988.8,19.04,1995,1997
65,0.021709,0.021476,80868.3,1736.7,14.8,0.012729,0.012648,88031.3,1113.5,18.25,1995,1997
66,0.023844,0.023563,79131.6,1864.6,14.12,0.014008,0.013911,86917.8,1209.1,17.48,1995,1997
67,0.026834,0.026479,77267.0,2045.9,13.44,0.015423,0.015305,85708.7,1311.7,16.71,1995,1997
68,0.029864,0.029424,75221.1,2213.3,12.8,0.017505,0.017353,84397.0,1464.5,15.97,1995,1997
69,0.033067,0.032529,73007.8,2374.8,12.17,0.019282,0.019098,82932.5,1583.8,15.24,1995,1997
70,0.036812,0.036147,70632.9,2553.2,11.56,0.021612,0.021381,81348.6,1739.3,14.53,1995,1997
71,0.040624,0.039815,68079.8,2710.6,10.98,0.02385,0.023569,79609.3,1876.3,13.83,1995,1997
72,0.04502,0.044029,65369.1,2878.1,10.41,0.026624,0.026274,77733.0,2042.4,13.16,1995,1997
73,0.049392,0.048201,62491.0,3012.1,9.87,0.029525,0.029095,75690.6,2202.2,12.5,1995,1997
74,0.054734,0.053276,59478.9,3168.8,9.34,0.031966,0.031463,73488.4,2312.1,11.86,1995,1997
75,0.058743,0.057067,56310.1,3213.5,8.84,0.035256,0.034645,71176.2,2465.9,11.23,1995,1997
76,0.064834,0.062798,53096.7,3334.4,8.34,0.038892,0.03815,68710.3,2621.3,10.61,1995,1997
77,0.070341,0.067951,49762.3,3381.4,7.87,0.043042,0.042135,66089.0,2784.6,10.01,1995,1997
78,0.078929,0.075933,46380.9,3521.8,7.41,0.048461,0.047315,63304.4,2995.2,9.43,1995,1997
79,0.087452,0.083788,42859.1,3591.1,6.97,0.054059,0.052637,60309.1,3174.5,8.87,1995,1997
80,0.096113,0.091706,39268.0,3601.1,6.57,0.059823,0.058086,57134.7,3318.7,8.34,1995,1997
81,0.104293,0.099124,35666.9,3535.4,6.18,0.06659,0.064445,53815.9,3468.1,7.82,1995,1997
82,0.115379,0.109086,32131.4,3505.1,5.8,0.074459,0.071787,50347.8,3614.3,7.33,1995,1997
83,0.126466,0.118945,28626.3,3405.0,5.45,0.083085,0.079771,46733.5,3728.0,6.85,1995,1997
84,0.136883,0.128115,25221.4,3231.2,5.12,0.092643,0.088542,43005.5,3807.8,6.4,1995,1997
85,0.151479,0.140814,21990.1,3096.5,4.8,0.103075,0.098023,39197.7,3842.3,5.98,1995,1997
86,0.166078,0.153345,18893.6,2897.2,4.51,0.115849,0.109506,35355.4,3871.6,5.57,1995,1997
87,0.180462,0.165526,15996.4,2647.8,4.23,0.127236,0.119626,31483.8,3766.3,5.2,1995,1997
88,0.196461,0.178889,13348.6,2387.9,3.97,0.141881,0.132483,27717.5,3672.1,4.84,1995,1997
89,0.214939,0.194081,10960.7,2127.3,3.73,0.158534,0.14689,24045.4,3532.0,4.5,1995,1997
90,0.225092,0.202322,8833.4,1787.2,3.5,0.174254,0.160288,20513.4,3288.1,4.19,1995,1997
91,0.245136,0.21837,7046.2,1538.7,3.27,0.193454,0.176392,17225.3,3038.4,3.89,1995,1997
92,0.27609,0.2426,5507.5,1336.1,3.04,0.213328,0.192767,14186.9,2734.8,3.62,1995,1997
93,0.298505,0.259739,4171.4,1083.5,2.85,0.235135,0.210399,11452.2,2409.5,3.36,1995,1997
94,0.319444,0.275448,3087.9,850.6,2.68,0.26523,0.234175,9042.6,2117.6,3.12,1995,1997
95,0.348769,0.29698,2237.4,664.5,2.51,0.284813,0.24931,6925.1,1726.5,2.92,1995,1997
96,0.380291,0.319533,1572.9,502.6,2.36,0.315042,0.272169,5198.6,1414.9,2.73,1995,1997
97,0.406017,0.337501,1070.3,361.2,2.23,0.334976,0.28692,3783.7,1085.6,2.56,1995,1997
98,0.41021,0.340394,709.1,241.4,2.11,0.360948,0.305766,2698.1,825.0,2.39,1995,1997
99,0.460469,0.374293,467.7,175.1,1.94,0.398357,0.332191,1873.1,622.2,2.22,1995,1997
100,0.489227,0.393075,292.7,115.0,1.8,0.435688,0.357754,1250.9,447.5,2.08,1995,1997
0,0.006562,0.006541,100000.0,654.1,74.49,0.005225,0.005211,100000.0,521.1,79.55,1996,1998
1,0.000512,0.000512,99345.9,50.9,73.98,0.000413,0.000413,99478.9,41.1,78.96,1996,1998
2,0.000314,0.000314,99295.0,31.2,73.02,0.000265,0.000265,99437.8,26.3,78.0,1996,1998
3,0.000218,0.000218,99263.8,21.7,72.04,0.000167,0.000167,99411.4,16.6,77.02,1996,1998
4,0.000202,0.000201,99242.1,20.0,71.05,0.000121,0.000121,99394.8,12.0,76.03,1996,1998
5,0.000163,0.000163,99222.1,16.2,70.07,0.000137,0.000137,99382.8,13.6,75.04,1996,1998
6,0.000142,0.000142,99206.0,14.1,69.08,0.00013,0.00013,99369.2,12.9,74.05,1996,1998
7,0.000135,0.000135,99191.9,13.4,68.09,0.000105,0.000105,99356.3,10.5,73.06,1996,1998
8,0.000144,0.000144,99178.6,14.2,67.1,9.2e-05,9.2e-05,99345.8,9.2,72.07,1996,1998
9,0.000144,0.000144,99164.3,14.3,66.11,0.000118,0.000118,99336.7,11.7,71.07,1996,1998
10,0.000146,0.000146,99150.0,14.5,65.12,0.000102,0.000102,99325.0,10.1,70.08,1996,1998
11,0.000166,0.000166,99135.6,16.5,64.13,0.000101,0.000101,99314.8,10.0,69.09,1996,1998
12,0.000183,0.000183,99119.1,18.1,63.14,0.000121,0.000121,99304.8,12.0,68.09,1996,1998
13,0.000209,0.000209,99101.0,20.7,62.15,0.000139,0.000139,99292.7,13.8,67.1,1996,1998
14,0.00026,0.00026,99080.3,25.8,61.16,0.000169,0.000169,99279.0,16.8,66.11,1996,1998
15,0.000316,0.000316,99054.5,31.3,60.18,0.00022,0.00022,99262.2,21.8,65.12,1996,1998
16,0.000465,0.000465,99023.2,46.0,59.2,0.000271,0.000271,99240.4,26.9,64.14,1996,1998
17,0.000627,0.000626,98977.2,62.0,58.22,0.000308,0.000308,99213.5,30.6,63.15,1996,1998
18,0.000857,0.000857,98915.2,84.8,57.26,0.000311,0.000311,99182.9,30.9,62.17,1996,1998
19,0.000901,0.0009,98830.5,89.0,56.31,0.000309,0.000309,99152.0,30.7,61.19,1996,1998
20,0.000887,0.000887,98741.5,87.6,55.36,0.000312,0.000312,99121.4,30.9,60.21,1996,1998
21,0.000978,0.000978,98653.9,96.5,54.41,0.000343,0.000343,99090.5,33.9,59.23,1996,1998
22,0.00094,0.00094,98557.4,92.6,53.46,0.000313,0.000313,99056.5,31.0,58.25,1996,1998
23,0.000929,0.000929,98464.8,91.5,52.51,0.000314,0.000313,99025.5,31.0,57.27,1996,1998
24,0.00094,0.000939,98373.3,92.4,51.56,0.000338,0.000338,98994.4,33.4,56.29,1996,1998
25,0.000981,0.000981,98280.9,96.4,50.61,0.000359,0.000359,98961.0,35.5,55.3,1996,1998
26,0.000934,0.000934,98184.5,91.7,49.66,0.000341,0.000341,98925.5,33.8,54.32,1996,1998
27,0.000931,0.000931,98092.9,91.3,48.7,0.000367,0.000366,98891.7,36.2,53.34,1996,1998
28,0.000992,0.000991,98001.6,97.2,47.75,0.000391,0.000391,98855.5,38.6,52.36,1996,1998
29,0.001023,0.001022,97904.4,100.1,46.79,0.000425,0.000425,98816.9,42.0,51.38,1996,1998
30,0.001038,0.001037,97804.3,101.4,45.84,0.000459,0.000459,98774.9,45.4,50.4,1996,1998
31,0.001073,0.001073,97702.9,104.8,44.89,0.000481,0.000481,98729.5,47.5,49.43,1996,1998
32,0.001124,0.001123,97598.0,109.6,43.94,0.000505,0.000505,98682.0,49.8,48.45,1996,1998
33,0.001152,0.001152,97488.4,112.3,42.98,0.000557,0.000557,98632.2,54.9,47.47,1996,1998
34,0.001141,0.00114,97376.2,111.0,42.03,0.000581,0.000581,98577.2,57.2,46.5,1996,1998
35,0.001197,0.001196,97265.1,116.4,41.08,0.000687,0.000686,98520.0,67.6,45.53,1996,1998
36,0.001211,0.00121,97148.7,117.6,40.13,0.000753,0.000753,98452.4,74.2,44.56,1996,1998
37,0.00136,0.001359,97031.2,131.9,39.18,0.00081,0.000809,98378.2,79.6,43.59,1996,1998
38,0.001422,0.001421,96899.3,137.7,38.23,0.000904,0.000904,98298.6,88.8,42.63,1996,1998
39,0.001608,0.001606,96761.6,155.4,37.28,0.000958,0.000957,98209.8,94.0,41.66,1996,1998
40,0.001709,0.001708,96606.2,165.0,36.34,0.001044,0.001043,98115.8,102.4,40.7,1996,1998
41,0.001865,0.001863,96441.2,179.7,35.4,0.001163,0.001163,98013.4,113.9,39.75,1996,1998
42,0.002012,0.00201,96261.5,193.5,34.47,0.001276,0.001275,97899.5,124.8,38.79,1996,1998
43,0.002288,0.002285,96068.0,219.5,33.54,0.001485,0.001483,97774.6,145.0,37.84,1996,1998
44,0.002431,0.002428,95848.5,232.7,32.61,0.001586,0.001585,97629.6,154.7,36.9,1996,1998
45,0.00274,0.002736,95615.7,261.6,31.69,0.001731,0.00173,97474.8,168.6,35.95,1996,1998
46,0.002871,0.002867,95354.1,273.4,30.78,0.001842,0.00184,97306.2,179.0,35.02,1996,1998
47,0.003218,0.003213,95080.7,305.5,29.86,0.002105,0.002103,97127.2,204.2,34.08,1996,1998
48,0.003388,0.003383,94775.2,320.6,28.96,0.002253,0.002251,96923.0,218.1,33.15,1996,1998
49,0.003723,0.003716,94454.6,351.0,28.05,0.002432,0.002429,96704.8,234.9,32.22,1996,1998
50,0.004007,0.003999,94103.6,376.3,27.16,0.002779,0.002775,96469.9,267.7,31.3,1996,1998
51,0.004557,0.004546,93727.3,426.1,26.26,0.003127,0.003122,96202.2,300.3,30.39,1996,1998
52,0.005264,0.00525,93301.2,489.9,25.38,0.003406,0.0034,95901.9,326.1,29.48,1996,1998
53,0.005828,0.005811,92811.3,539.3,24.51,0.003659,0.003652,95575.8,349.1,28.58,1996,1998
54,0.006551,0.006529,92272.0,602.5,23.65,0.004045,0.004037,95226.7,384.4,27.68,1996,1998
55,0.007266,0.00724,91669.6,663.7,22.81,0.004477,0.004467,94842.3,423.7,26.79,1996,1998
56,0.008079,0.008046,91005.9,732.3,21.97,0.00476,0.004748,94418.6,448.3,25.91,1996,1998
57,0.008987,0.008947,90273.6,807.6,21.14,0.005527,0.005511,93970.3,517.9,25.03,1996,1998
58,0.009902,0.009853,89466.0,881.5,20.33,0.005974,0.005956,93452.4,556.6,24.17,1996,1998
59,0.010894,0.010835,88584.5,959.8,19.53,0.006597,0.006575,92895.8,610.8,23.31,1996,1998
60,0.012029,0.011957,87624.7,1047.7,18.74,0.007311,0.007284,92285.0,672.2,22.46,1996,1998
61,0.013475,0.013385,86576.9,1158.8,17.96,0.008018,0.007986,91612.8,731.6,21.62,1996,1998
62,0.014933,0.014822,85418.1,1266.1,17.19,0.008999,0.008959,90881.2,814.2,20.79,1996,1998
63,0.016797,0.016658,84152.0,1401.8,16.44,0.00949,0.009445,90067.0,850.7,19.97,1996,1998
64,0.018796,0.018621,82750.3,1540.9,15.71,0.010911,0.010852,89216.3,968.2,19.16,1996,1998
65,0.020982,0.020764,81209.4,1686.2,15.0,0.012144,0.01207,88248.1,1065.2,18.37,1996,1998
66,0.022862,0.022603,79523.2,1797.5,14.31,0.013513,0.013423,87182.9,1170.2,17.58,1996,1998
67,0.025747,0.02542,77725.7,1975.8,13.63,0.015183,0.015068,86012.7,1296.1,16.82,1996,1998
68,0.02883,0.02842,75749.9,2152.8,12.97,0.016876,0.016735,84716.6,1417.7,16.07,1996,1998
69,0.03185,0.03135,73597.1,2307.3,12.34,0.018947,0.018769,83298.9,1563.5,15.33,1996,1998
70,0.035858,0.035226,71289.8,2511.3,11.72,0.021119,0.020899,81735.4,1708.2,14.61,1996,1998
71,0.039366,0.038606,68778.5,2655.3,11.13,0.023441,0.023169,80027.3,1854.2,13.92,1996,1998
72,0.04374,0.042804,66123.2,2830.3,10.56,0.026213,0.025874,78173.1,2022.7,13.23,1996,1998
73,0.047883,0.046763,63292.9,2959.8,10.01,0.029077,0.02866,76150.4,2182.5,12.57,1996,1998
74,0.053635,0.052234,60333.1,3151.5,9.47,0.031554,0.031064,73967.9,2297.7,11.93,1996,1998
75,0.058027,0.056391,57181.7,3224.5,8.97,0.034796,0.034201,71670.2,2451.2,11.29,1996,1998
76,0.063271,0.061331,53957.1,3309.2,8.47,0.038419,0.037695,69219.0,2609.2,10.68,1996,1998
77,0.068361,0.066102,50647.9,3347.9,7.99,0.042434,0.041552,66609.8,2767.8,10.08,1996,1998
78,0.075499,0.072752,47300.0,3441.2,7.52,0.047354,0.046259,63842.0,2953.3,9.49,1996,1998
79,0.084339,0.080927,43858.8,3549.3,7.08,0.052653,0.051302,60888.8,3123.7,8.93,1996,1998
80,0.094219,0.08998,40309.5,3627.0,6.65,0.059316,0.057608,57765.1,3327.7,8.38,1996,1998
81,0.101584,0.096674,36682.4,3546.2,6.26,0.065775,0.063681,54437.4,3466.6,7.86,1996,1998
82,0.112391,0.106411,33136.2,3526.1,5.88,0.073977,0.071338,50970.7,3636.2,7.36,1996,1998
83,0.12391,0.116681,29610.1,3454.9,5.52,0.082253,0.079004,47334.6,3739.6,6.89,1996,1998
84,0.134763,0.126256,26155.2,3302.2,5.18,0.091345,0.087356,43595.0,3808.3,6.44,1996,1998
85,0.149284,0.138915,22853.0,3174.6,4.86,0.101298,0.096415,39786.7,3836.0,6.01,1996,1998
86,0.162476,0.150268,19678.3,2957.0,4.56,0.114954,0.108706,35950.7,3908.0,5.6,1996,1998
87,0.178442,0.163825,16721.3,2739.4,4.28,0.126435,0.118917,32042.6,3810.4,5.22,1996,1998
88,0.19234,0.175466,13981.9,2453.3,4.02,0.141198,0.131887,28232.2,3723.5,4.86,1996,1998
89,0.213183,0.192648,11528.6,2221.0,3.77,0.157694,0.146169,24508.7,3582.4,4.52,1996,1998
90,0.222482,0.200211,9307.6,1863.5,3.55,0.172032,0.158407,20926.3,3314.9,4.2,1996,1998
91,0.242113,0.215969,7444.1,1607.7,3.32,0.192006,0.175188,17611.5,3085.3,3.9,1996,1998
92,0.268966,0.237083,5836.4,1383.7,3.1,0.213557,0.192954,14526.1,2802.9,3.62,1996,1998
93,0.291463,0.25439,4452.7,1132.7,2.9,0.235661,0.21082,11723.3,2471.5,3.37,1996,1998
94,0.313031,0.270668,3320.0,898.6,2.72,0.261501,0.231263,9251.8,2139.6,3.14,1996,1998
95,0.343265,0.29298,2421.4,709.4,2.55,0.283028,0.247941,7112.2,1763.4,2.93,1996,1998
96,0.366572,0.309792,1712.0,530.4,2.39,0.310349,0.26866,5348.8,1437.0,2.73,1996,1998
97,0.398388,0.332213,1181.6,392.5,2.24,0.336535,0.288063,3911.8,1126.8,2.55,1996,1998
98,0.405006,0.336803,789.1,265.8,2.11,0.357957,0.303616,2784.9,845.6,2.38,1996,1998
99,0.458156,0.372764,523.3,195.1,1.93,0.394228,0.329315,1939.4,638.7,2.21,1996,1998
100,0.498771,0.399213,328.2,131.0,1.77,0.450015,0.367357,1300.7,477.8,2.04,1996,1998
0,0.006416,0.006396,100000.0,639.6,74.73,0.005116,0.005103,100000.0,510.3,79.7,1997,1999
1,0.000515,0.000515,99360.4,51.1,74.21,0.000402,0.000402,99489.7,40.0,79.1,1997,1999
2,0.000316,0.000316,99309.3,31.3,73.25,0.000268,0.000268,99449.7,26.7,78.14,1997,1999
3,0.00022,0.00022,99278.0,21.9,72.27,0.000173,0.000172,99423.1,17.2,77.16,1997,1999
4,0.000189,0.000189,99256.1,18.7,71.29,0.000116,0.000116,99405.9,11.5,76.17,1997,1999
5,0.000156,0.000156,99237.3,15.5,70.3,0.000126,0.000126,99394.4,12.5,75.18,1997,1999
6,0.000144,0.000144,99221.8,14.2,69.31,0.000126,0.000126,99381.9,12.5,74.19,1997,1999
7,0.000146,0.000146,99207.6,14.5,68.32,0.000108,0.000108,99369.4,10.8,73.2,1997,1999
8,0.000145,0.000145,99193.1,14.3,67.33,9.6e-05,9.6e-05,99358.7,9.6,72.2,1997,1999
9,0.000131,0.000131,99178.8,13.0,66.34,0.000106,0.000106,99349.1,10.5,71.21,1997,1999
10,0.000148,0.000148,99165.8,14.7,65.35,0.000116,0.000116,99338.6,11.5,70.22,1997,1999
11,0.000157,0.000157,99151.1,15.6,64.36,0.000118,0.000118,99327.1,11.7,69.23,1997,1999
12,0.000178,0.000178,99135.5,17.7,63.37,0.000134,0.000134,99315.4,13.3,68.24,1997,1999
13,0.000191,0.000191,99117.9,19.0,62.38,0.000134,0.000134,99302.1,13.3,67.24,1997,1999
14,0.000243,0.000243,99098.9,24.1,61.39,0.000145,0.000145,99288.8,14.4,66.25,1997,1999
15,0.000288,0.000288,99074.8,28.5,60.41,0.000218,0.000218,99274.4,21.6,65.26,1997,1999
16,0.000473,0.000473,99046.3,46.8,59.42,0.000259,0.000259,99252.8,25.7,64.28,1997,1999
17,0.000608,0.000608,98999.5,60.2,58.45,0.000311,0.000311,99227.1,30.9,63.29,1997,1999
18,0.000814,0.000814,98939.3,80.5,57.49,0.000307,0.000307,99196.2,30.4,62.31,1997,1999
19,0.000921,0.000921,98858.8,91.0,56.53,0.000303,0.000303,99165.8,30.0,61.33,1997,1999
20,0.000894,0.000893,98767.8,88.2,55.59,0.00031,0.00031,99135.8,30.8,60.35,1997,1999
21,0.000943,0.000942,98679.6,93.0,54.64,0.000346,0.000346,99105.0,34.3,59.37,1997,1999
22,0.00092,0.000919,98586.6,90.6,53.69,0.000337,0.000337,99070.7,33.4,58.39,1997,1999
23,0.000956,0.000955,98496.0,94.1,52.74,0.000288,0.000288,99037.4,28.5,57.41,1997,1999
24,0.000962,0.000962,98401.9,94.6,51.79,0.00035,0.00035,99008.9,34.6,56.43,1997,1999
25,0.000984,0.000984,98307.3,96.7,50.83,0.00034,0.00034,98974.2,33.6,55.44,1997,1999
26,0.000974,0.000974,98210.6,95.7,49.88,0.000334,0.000334,98940.6,33.1,54.46,1997,1999
27,0.000969,0.000969,98114.9,95.0,48.93,0.000352,0.000352,98907.5,34.8,53.48,1997,1999
28,0.000993,0.000993,98019.9,97.3,47.98,0.000391,0.000391,98872.7,38.7,52.5,1997,1999
29,0.001046,0.001046,97922.6,102.4,47.03,0.000413,0.000413,98834.0,40.8,51.52,1997,1999
30,0.001025,0.001024,97820.1,100.2,46.08,0.000455,0.000454,98793.3,44.9,50.54,1997,1999
31,0.001042,0.001041,97720.0,101.7,45.12,0.000484,0.000484,98748.4,47.8,49.56,1997,1999
32,0.001127,0.001127,97618.2,110.0,44.17,0.000471,0.000471,98700.6,46.4,48.59,1997,1999
33,0.001167,0.001166,97508.2,113.7,43.22,0.000553,0.000553,98654.1,54.6,47.61,1997,1999
34,0.001145,0.001144,97394.5,111.4,42.27,0.000563,0.000563,98599.5,55.5,46.64,1997,1999
35,0.001196,0.001196,97283.1,116.3,41.32,0.000666,0.000666,98544.0,65.6,45.66,1997,1999
36,0.001211,0.001211,97166.8,117.6,40.36,0.000731,0.00073,98478.4,71.9,44.69,1997,1999
37,0.001348,0.001347,97049.1,130.7,39.41,0.0008,0.000799,98406.5,78.7,43.73,1997,1999
38,0.001427,0.001426,96918.4,138.2,38.46,0.000858,0.000857,98327.8,84.3,42.76,1997,1999
39,0.001555,0.001554,96780.2,150.4,37.52,0.000944,0.000944,98243.5,92.7,41.8,1997,1999
40,0.001654,0.001653,96629.8,159.7,36.58,0.001035,0.001035,98150.8,101.6,40.83,1997,1999
41,0.001879,0.001877,96470.0,181.1,35.64,0.001159,0.001158,98049.2,113.5,39.88,1997,1999
42,0.001993,0.001991,96289.0,191.7,34.7,0.001293,0.001292,97935.7,126.5,38.92,1997,1999
43,0.002212,0.00221,96097.3,212.3,33.77,0.001463,0.001462,97809.2,143.0,37.97,1997,1999
44,0.002401,0.002398,95884.9,229.9,32.84,0.001624,0.001623,97666.2,158.5,37.03,1997,1999
45,0.002638,0.002635,95655.0,252.0,31.92,0.001703,0.001702,97507.7,165.9,36.09,1997,1999
46,0.002861,0.002857,95403.0,272.6,31.01,0.001826,0.001824,97341.8,177.6,35.15,1997,1999
47,0.003217,0.003212,95130.4,305.5,30.09,0.002106,0.002104,97164.2,204.4,34.21,1997,1999
48,0.003386,0.00338,94824.9,320.5,29.19,0.002283,0.00228,96959.8,221.1,33.28,1997,1999
49,0.003697,0.00369,94504.3,348.7,28.29,0.002485,0.002482,96738.7,240.1,32.36,1997,1999
50,0.004042,0.004033,94155.6,379.8,27.39,0.002772,0.002769,96498.6,267.2,31.44,1997,1999
51,0.004489,0.004479,93775.8,420.0,26.5,0.003002,0.002998,96231.4,288.5,30.52,1997,1999
52,0.005021,0.005008,93355.9,467.5,25.61,0.003312,0.003306,95942.9,317.2,29.61,1997,1999
53,0.005802,0.005785,92888.3,537.3,24.74,0.003525,0.003519,95625.7,336.5,28.71,1997,1999
54,0.006441,0.00642,92351.0,592.9,23.88,0.004014,0.004006,95289.3,381.7,27.81,1997,1999
55,0.006992,0.006968,91758.1,639.3,23.03,0.00438,0.00437,94907.5,414.8,26.92,1997,1999
56,0.007858,0.007827,91118.7,713.2,22.19,0.0047,0.004689,94492.8,443.1,26.03,1997,1999
57,0.009045,0.009004,90405.5,814.0,21.36,0.005388,0.005373,94049.7,505.4,25.15,1997,1999
58,0.009755,0.009708,89591.5,869.8,20.55,0.005847,0.00583,93544.3,545.4,24.29,1997,1999
59,0.01061,0.010554,88721.8,936.4,19.75,0.006491,0.00647,92999.0,601.7,23.43,1997,1999
60,0.01177,0.011701,87785.4,1027.2,18.95,0.007275,0.007248,92397.3,669.7,22.58,1997,1999
61,0.013072,0.012987,86758.3,1126.7,18.17,0.00793,0.007898,91727.6,724.5,21.74,1997,1999
62,0.014414,0.014311,85631.5,1225.5,17.4,0.008787,0.008749,91003.1,796.2,20.91,1997,1999
63,0.016058,0.01593,84406.0,1344.6,16.65,0.00935,0.009306,90207.0,839.5,20.09,1997,1999
64,0.017862,0.017704,83061.5,1470.5,15.91,0.01055,0.010495,89367.5,937.9,19.27,1997,1999
65,0.020169,0.019967,81590.9,1629.2,15.19,0.011828,0.011759,88429.6,1039.8,18.47,1997,1999
66,0.022201,0.021958,79961.8,1755.8,14.49,0.01322,0.013133,87389.7,1147.7,17.68,1997,1999
67,0.02509,0.024779,78206.0,1937.9,13.8,0.014741,0.014633,86242.0,1262.0,16.91,1997,1999
68,0.027578,0.027202,76268.2,2074.7,13.14,0.016064,0.015936,84980.0,1354.3,16.16,1997,1999
69,0.030764,0.030298,74193.5,2247.9,12.49,0.018248,0.018083,83625.7,1512.2,15.41,1997,1999
70,0.034502,0.033917,71945.6,2440.1,11.87,0.020485,0.020277,82113.6,1665.0,14.68,1997,1999
71,0.038353,0.037631,69505.4,2615.6,11.27,0.022996,0.022734,80448.5,1828.9,13.98,1997,1999
72,0.042228,0.041355,66889.9,2766.2,10.69,0.025772,0.025444,78619.6,2000.4,13.29,1997,1999
73,0.046736,0.045669,64123.6,2928.4,10.13,0.028561,0.028159,76619.2,2157.5,12.62,1997,1999
74,0.052003,0.050686,61195.2,3101.7,9.59,0.031288,0.030806,74461.7,2293.8,11.98,1997,1999
75,0.056516,0.054962,58093.5,3193.0,9.07,0.034316,0.033737,72167.8,2434.7,11.34,1997,1999
76,0.06263,0.060729,54900.5,3334.0,8.57,0.038423,0.037699,69733.1,2628.8,10.72,1997,1999
77,0.067673,0.065458,51566.5,3375.5,8.09,0.041816,0.04096,67104.3,2748.6,10.12,1997,1999
78,0.073841,0.071212,48191.0,3431.8,7.63,0.046727,0.04566,64355.7,2938.5,9.53,1997,1999
79,0.081634,0.078433,44759.3,3510.6,7.17,0.051184,0.049907,61417.2,3065.1,8.96,1997,1999
80,0.089428,0.085601,41248.7,3530.9,6.74,0.058068,0.056429,58352.1,3292.8,8.41,1997,1999
81,0.099443,0.094733,37717.8,3573.1,6.32,0.065272,0.063209,55059.3,3480.2,7.88,1997,1999
82,0.110685,0.10488,34144.7,3581.1,5.93,0.07366,0.071043,51579.1,3664.3,7.38,1997,1999
83,0.122532,0.115459,30563.6,3528.8,5.57,0.081059,0.077902,47914.7,3732.6,6.9,1997,1999
84,0.133397,0.125056,27034.7,3380.9,5.23,0.090207,0.086314,44182.1,3813.5,6.44,1997,1999
85,0.146485,0.136488,23653.9,3228.5,4.91,0.101311,0.096426,40368.6,3892.6,6.01,1997,1999
86,0.159366,0.147605,20425.4,3014.9,4.61,0.113696,0.10758,36476.0,3924.1,5.59,1997,1999
87,0.175729,0.161536,17410.5,2812.4,4.32,0.126043,0.118571,32551.9,3859.7,5.21,1997,1999
88,0.192523,0.175617,14598.1,2563.7,4.05,0.140867,0.131598,28692.2,3775.8,4.84,1997,1999
89,0.210513,0.190465,12034.4,2292.1,3.81,0.157779,0.146242,24916.4,3643.8,4.5,1997,1999
90,0.221145,0.199127,9742.3,1939.9,3.59,0.172061,0.158431,21272.5,3370.2,4.18,1997,1999
91,0.239918,0.21422,7802.3,1671.4,3.36,0.1921,0.175266,17902.3,3137.7,3.88,1997,1999
92,0.262847,0.232316,6130.9,1424.3,3.14,0.216031,0.194971,14764.6,2878.7,3.6,1997,1999
93,0.286414,0.250535,4706.6,1179.2,2.93,0.239216,0.213661,11886.0,2539.6,3.35,1997,1999
94,0.310812,0.269007,3527.4,948.9,2.75,0.262572,0.2321,9346.4,2169.3,3.12,1997,1999
95,0.340742,0.29114,2578.5,750.7,2.58,0.282988,0.24791,7177.1,1779.3,2.91,1997,1999
96,0.358903,0.304297,1827.8,556.2,2.43,0.312868,0.270546,5397.8,1460.4,2.71,1997,1999
97,0.389208,0.325805,1271.6,414.3,2.27,0.342363,0.292323,3937.5,1151.0,2.52,1997,1999
98,0.413508,0.342662,857.3,293.8,2.13,0.367558,0.310495,2786.5,865.2,2.36,1997,1999
99,0.451507,0.368351,563.5,207.6,1.98,0.392577,0.328163,1921.3,630.5,2.2,1997,1999
100,0.481743,0.38823,356.0,138.2,1.84,0.452135,0.368768,1290.8,476.0,2.02,1997,1999
0,0.006303,0.006283,100000.0,628.3,75.01,0.005047,0.005035,100000.0,503.5,79.91,1998,2000
1,0.000488,0.000487,99371.7,48.4,74.48,0.000378,0.000378,99496.5,37.6,79.31,1998,2000
2,0.000307,0.000307,99323.3,30.5,73.52,0.000242,0.000242,99458.9,24.0,78.34,1998,2000
3,0.000212,0.000212,99292.8,21.0,72.54,0.000179,0.000179,99434.9,17.8,77.36,1998,2000
4,0.000178,0.000178,99271.8,17.7,71.55,0.000123,0.000123,99417.1,12.2,76.37,1998,2000
5,0.000144,0.000144,99254.1,14.3,70.57,0.000122,0.000122,99404.9,12.2,75.38,1998,2000
6,0.000151,0.000151,99239.8,15.0,69.58,0.000119,0.000119,99392.7,11.9,74.39,1998,2000
7,0.000146,0.000146,99224.8,14.5,68.59,9.9e-05,9.9e-05,99380.9,9.8,73.4,1998,2000
8,0.000125,0.000125,99210.4,12.4,67.6,9.6e-05,9.6e-05,99371.1,9.5,72.41,1998,2000
9,0.000129,0.000129,99198.0,12.8,66.61,9.5e-05,9.5e-05,99361.5,9.5,71.41,1998,2000
10,0.000138,0.000138,99185.2,13.6,65.61,0.000108,0.000108,99352.0,10.7,70.42,1998,2000
11,0.000144,0.000144,99171.6,14.3,64.62,0.000123,0.000123,99341.3,12.2,69.43,1998,2000
12,0.000167,0.000167,99157.3,16.5,63.63,0.000128,0.000128,99329.1,12.7,68.44,1998,2000
13,0.000179,0.000179,99140.7,17.7,62.64,0.000124,0.000124,99316.4,12.4,67.45,1998,2000
14,0.000227,0.000227,99123.0,22.5,61.65,0.000137,0.000137,99304.1,13.6,66.45,1998,2000
15,0.00027,0.00027,99100.5,26.8,60.67,0.000177,0.000177,99290.5,17.5,65.46,1998,2000
16,0.000451,0.000451,99073.7,44.6,59.68,0.00025,0.00025,99273.0,24.8,64.48,1998,2000
17,0.000591,0.000591,99029.1,58.5,58.71,0.000288,0.000288,99248.2,28.6,63.49,1998,2000
18,0.000799,0.000799,98970.6,79.1,57.75,0.000337,0.000337,99219.6,33.5,62.51,1998,2000
19,0.000898,0.000897,98891.5,88.7,56.79,0.000319,0.000319,99186.1,31.6,61.53,1998,2000
20,0.00085,0.000849,98802.8,83.9,55.84,0.000314,0.000314,99154.5,31.1,60.55,1998,2000
21,0.000875,0.000875,98718.9,86.4,54.89,0.000317,0.000317,99123.4,31.4,59.57,1998,2000
22,0.000915,0.000914,98632.5,90.2,53.94,0.000339,0.000339,99092.0,33.6,58.59,1998,2000
23,0.000973,0.000972,98542.3,95.8,52.99,0.000317,0.000317,99058.4,31.4,57.61,1998,2000
24,0.000966,0.000965,98446.5,95.0,52.04,0.000339,0.000339,99026.9,33.6,56.63,1998,2000
25,0.000949,0.000948,98351.5,93.3,51.09,0.000347,0.000347,98993.3,34.4,55.64,1998,2000
26,0.00098,0.000979,98258.2,96.2,50.13,0.000351,0.000351,98959.0,34.8,54.66,1998,2000
27,0.001022,0.001022,98162.0,100.3,49.18,0.000375,0.000375,98924.2,37.1,53.68,1998,2000
28,0.001025,0.001024,98061.7,100.4,48.23,0.000408,0.000408,98887.2,40.3,52.7,1998,2000
29,0.001046,0.001045,97961.3,102.4,47.28,0.000394,0.000394,98846.8,38.9,51.72,1998,2000
30,0.001062,0.001061,97858.9,103.8,46.33,0.000467,0.000467,98807.9,46.1,50.74,1998,2000
31,0.001032,0.001031,97755.1,100.8,45.38,0.000477,0.000477,98761.8,47.1,49.77,1998,2000
32,0.001173,0.001172,97654.2,114.5,44.43,0.000474,0.000473,98714.7,46.7,48.79,1998,2000
33,0.001152,0.001152,97539.7,112.3,43.48,0.000568,0.000568,98668.0,56.0,47.81,1998,2000
34,0.001142,0.001141,97427.4,111.2,42.53,0.000574,0.000573,98612.0,56.5,46.84,1998,2000
35,0.001253,0.001252,97316.2,121.8,41.57,0.000653,0.000652,98555.4,64.3,45.87,1998,2000
36,0.001306,0.001305,97194.4,126.8,40.63,0.000732,0.000732,98491.1,72.1,44.9,1998,2000
37,0.001393,0.001392,97067.6,135.2,39.68,0.000767,0.000766,98419.0,75.4,43.93,1998,2000
38,0.001419,0.001418,96932.4,137.4,38.73,0.000839,0.000838,98343.6,82.4,42.96,1998,2000
39,0.001549,0.001548,96795.0,149.8,37.79,0.000922,0.000922,98261.2,90.5,42.0,1998,2000
40,0.001657,0.001656,96645.2,160.0,36.85,0.001047,0.001046,98170.6,102.7,41.04,1998,2000
41,0.001895,0.001894,96485.2,182.7,35.91,0.00119,0.00119,98067.9,116.7,40.08,1998,2000
42,0.001912,0.001911,96302.5,184.0,34.97,0.0013,0.001299,97951.2,127.3,39.13,1998,2000
43,0.002152,0.002149,96118.5,206.6,34.04,0.001435,0.001434,97824.0,140.3,38.18,1998,2000
44,0.002352,0.002349,95911.9,225.3,33.11,0.001588,0.001587,97683.7,155.0,37.23,1998,2000
45,0.002577,0.002573,95686.5,246.2,32.19,0.00168,0.001679,97528.7,163.7,36.29,1998,2000
46,0.002858,0.002854,95440.3,272.4,31.27,0.001872,0.00187,97364.9,182.1,35.35,1998,2000
47,0.003176,0.003171,95167.9,301.8,30.36,0.002069,0.002067,97182.9,200.9,34.41,1998,2000
48,0.003378,0.003372,94866.2,319.9,29.45,0.002219,0.002217,96982.0,215.0,33.48,1998,2000
49,0.003729,0.003722,94546.3,351.9,28.55,0.002516,0.002513,96767.0,243.2,32.56,1998,2000
50,0.00419,0.004181,94194.4,393.8,27.66,0.002791,0.002787,96523.8,269.0,31.64,1998,2000
51,0.004387,0.004378,93800.6,410.6,26.77,0.002913,0.002909,96254.8,280.0,30.73,1998,2000
52,0.004907,0.004895,93389.9,457.2,25.88,0.003272,0.003267,95974.9,313.5,29.81,1998,2000
53,0.005498,0.005483,92932.8,509.6,25.01,0.003435,0.003429,95661.3,328.0,28.91,1998,2000
54,0.006176,0.006157,92423.2,569.0,24.14,0.003994,0.003986,95333.3,380.0,28.01,1998,2000
55,0.006789,0.006766,91854.2,621.5,23.29,0.004366,0.004356,94953.3,413.7,27.12,1998,2000
56,0.007687,0.007658,91232.6,698.6,22.45,0.004621,0.004611,94539.6,435.9,26.23,1998,2000
57,0.008637,0.0086,90534.0,778.6,21.62,0.005267,0.005253,94103.7,494.4,25.35,1998,2000
58,0.009398,0.009354,89755.4,839.6,20.8,0.005722,0.005705,93609.4,534.1,24.48,1998,2000
59,0.010396,0.010342,88915.8,919.6,19.99,0.006375,0.006355,93075.3,591.5,23.62,1998,2000
60,0.01163,0.011562,87996.3,1017.4,19.19,0.007077,0.007052,92483.8,652.2,22.77,1998,2000
61,0.012782,0.012701,86978.8,1104.7,18.41,0.007643,0.007614,91831.6,699.2,21.93,1998,2000
62,0.014071,0.013973,85874.1,1199.9,17.64,0.008458,0.008423,91132.4,767.6,21.09,1998,2000
63,0.01554,0.01542,84674.2,1305.7,16.89,0.00909,0.009049,90364.8,817.7,20.27,1998,2000
64,0.017104,0.016959,83368.5,1413.9,16.14,0.010402,0.010348,89547.1,926.6,19.45,1998,2000
65,0.019385,0.019198,81954.7,1573.4,15.41,0.011351,0.011287,88620.4,1000.2,18.65,1998,2000
66,0.021569,0.021339,80381.3,1715.3,14.7,0.012707,0.012627,87620.2,1106.4,17.85,1998,2000
67,0.02409,0.023803,78666.0,1872.5,14.01,0.014236,0.014135,86513.8,1222.9,17.08,1998,2000
68,0.026359,0.026016,76793.5,1997.9,13.34,0.015517,0.015398,85290.9,1313.3,16.31,1998,2000
69,0.029544,0.029114,74795.6,2177.6,12.69,0.017702,0.017546,83977.6,1473.5,15.56,1998,2000
70,0.033041,0.032504,72618.0,2360.4,12.05,0.019748,0.019555,82504.1,1613.3,14.83,1998,2000
71,0.036663,0.036003,70257.6,2529.5,11.44,0.02224,0.021996,80890.8,1779.2,14.11,1998,2000
72,0.0409,0.04008,67728.2,2714.6,10.85,0.024689,0.024388,79111.5,1929.4,13.42,1998,2000
73,0.045317,0.044313,65013.6,2881.0,10.28,0.027425,0.027054,77182.2,2088.1,12.74,1998,2000
74,0.050311,0.049077,62132.6,3049.3,9.73,0.030807,0.03034,75094.1,2278.4,12.08,1998,2000
75,0.05493,0.053462,59083.4,3158.7,9.21,0.03351,0.032957,72815.8,2399.8,11.45,1998,2000
76,0.060312,0.058547,55924.7,3274.2,8.7,0.037712,0.037014,70415.9,2606.4,10.82,1998,2000
77,0.066607,0.06446,52650.5,3393.8,8.21,0.041439,0.040598,67809.6,2752.9,10.22,1998,2000
78,0.072841,0.070282,49256.6,3461.8,7.75,0.045816,0.04479,65056.7,2913.9,9.63,1998,2000
79,0.079038,0.076034,45794.8,3481.9,7.29,0.04989,0.048675,62142.8,3024.8,9.06,1998,2000
80,0.085669,0.08215,42312.8,3476.0,6.85,0.056304,0.054763,59118.0,3237.5,8.49,1998,2000
81,0.095487,0.091136,38836.8,3539.4,6.42,0.062846,0.060932,55880.5,3404.9,7.96,1998,2000
82,0.108463,0.102883,35297.4,3631.5,6.01,0.07235,0.069824,52475.6,3664.0,7.44,1998,2000
83,0.119864,0.113087,31665.9,3581.0,5.65,0.080039,0.076959,48811.6,3756.5,6.96,1998,2000
84,0.131745,0.123603,28084.9,3471.4,5.3,0.089646,0.0858,45055.1,3865.7,6.5,1998,2000
85,0.143518,0.133909,24613.5,3296.0,4.98,0.099711,0.094976,41189.4,3912.0,6.06,1998,2000
86,0.156476,0.145122,21317.5,3093.6,4.67,0.111463,0.105579,37277.3,3935.7,5.65,1998,2000
87,0.171512,0.157966,18223.9,2878.8,4.38,0.124149,0.116893,33341.7,3897.4,5.26,1998,2000
88,0.189108,0.172772,15345.1,2651.2,4.11,0.138943,0.129917,29444.2,3825.3,4.88,1998,2000
89,0.206461,0.187142,12693.9,2375.6,3.86,0.154734,0.143623,25618.9,3679.5,4.54,1998,2000
90,0.217633,0.196275,10318.4,2025.2,3.64,0.169678,0.156409,21939.5,3431.5,4.22,1998,2000
91,0.233236,0.208877,8293.1,1732.2,3.4,0.190167,0.173655,18507.9,3214.0,3.91,1998,2000
92,0.257269,0.227947,6560.9,1495.5,3.17,0.212466,0.192063,15293.9,2937.4,3.62,1998,2000
93,0.281312,0.246623,5065.3,1249.2,2.96,0.236609,0.211578,12356.5,2614.4,3.36,1998,2000
94,0.306141,0.2655,3816.1,1013.2,2.76,0.259759,0.2299,9742.2,2239.7,3.13,1998,2000
95,0.338752,0.289686,2802.9,812.0,2.58,0.284592,0.24914,7502.4,1869.2,2.92,1998,2000
96,0.355077,0.301542,1991.0,600.4,2.42,0.312959,0.270614,5633.3,1524.4,2.72,1998,2000
97,0.395768,0.330389,1390.6,459.4,2.26,0.339608,0.290312,4108.8,1192.8,2.54,1998,2000
98,0.421053,0.347826,931.2,323.9,2.12,0.366492,0.309734,2916.0,903.2,2.38,1998,2000
99,0.445509,0.364349,607.3,221.3,1.99,0.389059,0.325701,2012.8,655.6,2.22,1998,2000
100,0.501632,0.401044,386.0,154.8,1.84,0.435261,0.357465,1357.2,485.2,2.05,1998,2000
0,0.006199,0.00618,100000.0,618.0,75.32,0.005058,0.005045,100000.0,504.5,80.12,1999,2001
1,0.000456,0.000456,99382.0,45.3,74.79,0.000352,0.000352,99495.5,35.0,79.53,1999,2001
2,0.000283,0.000283,99336.8,28.1,73.82,0.000225,0.000225,99460.5,22.4,78.56,1999,2001
3,0.000194,0.000194,99308.6,19.3,72.84,0.000183,0.000183,99438.2,18.2,77.57,1999,2001
4,0.000172,0.000172,99289.4,17.0,71.86,0.000137,0.000137,99420.0,13.6,76.59,1999,2001
5,0.000135,0.000135,99272.3,13.4,70.87,0.000122,0.000122,99406.3,12.1,75.6,1999,2001
6,0.000149,0.000149,99259.0,14.7,69.88,0.000116,0.000116,99394.2,11.5,74.61,1999,2001
7,0.000132,0.000132,99244.2,13.1,68.89,9.7e-05,9.7e-05,99382.7,9.6,73.62,1999,2001
8,0.000117,0.000117,99231.2,11.7,67.9,0.000111,0.000111,99373.1,11.0,72.62,1999,2001
9,0.000114,0.000114,99219.5,11.3,66.9,9e-05,9e-05,99362.0,8.9,71.63,1999,2001
10,0.000141,0.000141,99208.2,14.0,65.91,0.000105,0.000105,99353.1,10.4,70.64,1999,2001
11,0.000133,0.000133,99194.2,13.2,64.92,0.00012,0.00012,99342.7,12.0,69.64,1999,2001
12,0.000177,0.000177,99181.0,17.6,63.93,0.000112,0.000112,99330.7,11.2,68.65,1999,2001
13,0.000178,0.000177,99163.5,17.6,62.94,0.000114,0.000114,99319.6,11.3,67.66,1999,2001
14,0.000223,0.000223,99145.9,22.1,61.95,0.000132,0.000132,99308.2,13.2,66.67,1999,2001
15,0.00026,0.00026,99123.7,25.7,60.97,0.000181,0.000181,99295.1,18.0,65.68,1999,2001
16,0.000402,0.000402,99098.0,39.8,59.98,0.000229,0.000229,99277.1,22.8,64.69,1999,2001
17,0.000602,0.000602,99058.2,59.6,59.01,0.00027,0.00027,99254.3,26.8,63.7,1999,2001
18,0.000794,0.000794,98998.6,78.6,58.04,0.000329,0.000329,99227.5,32.6,62.72,1999,2001
19,0.000898,0.000897,98920.0,88.8,57.09,0.000299,0.000299,99194.9,29.6,61.74,1999,2001
20,0.000828,0.000828,98831.3,81.8,56.14,0.000314,0.000313,99165.3,31.1,60.76,1999,2001
21,0.000836,0.000836,98749.4,82.5,55.18,0.000326,0.000326,99134.2,32.3,59.78,1999,2001
22,0.000876,0.000876,98666.9,86.4,54.23,0.000331,0.000331,99101.9,32.8,58.8,1999,2001
23,0.000906,0.000905,98580.5,89.3,53.28,0.000309,0.000309,99069.1,30.6,57.82,1999,2001
24,0.000966,0.000965,98491.2,95.1,52.32,0.000331,0.000331,99038.4,32.8,56.83,1999,2001
25,0.000928,0.000928,98396.1,91.3,51.37,0.000322,0.000322,99005.6,31.9,55.85,1999,2001
26,0.000926,0.000926,98304.8,91.0,50.42,0.000366,0.000366,98973.7,36.2,54.87,1999,2001
27,0.001017,0.001016,98213.8,99.8,49.47,0.000371,0.000371,98937.5,36.7,53.89,1999,2001
28,0.000984,0.000984,98114.0,96.5,48.52,0.000393,0.000393,98900.8,38.8,52.91,1999,2001
29,0.001054,0.001054,98017.5,103.3,47.57,0.000388,0.000388,98862.0,38.4,51.93,1999,2001
30,0.001023,0.001023,97914.2,100.1,46.61,0.00044,0.00044,98823.6,43.5,50.95,1999,2001
31,0.001053,0.001052,97814.1,102.9,45.66,0.000479,0.000479,98780.2,47.3,49.97,1999,2001
32,0.001142,0.001142,97711.1,111.6,44.71,0.000498,0.000498,98732.9,49.2,49.0,1999,2001
33,0.001158,0.001157,97599.6,112.9,43.76,0.000553,0.000553,98683.7,54.5,48.02,1999,2001
34,0.001212,0.001211,97486.6,118.1,42.81,0.000602,0.000602,98629.2,59.4,47.05,1999,2001
35,0.001251,0.00125,97368.6,121.8,41.86,0.000683,0.000683,98569.8,67.3,46.08,1999,2001
36,0.001305,0.001304,97246.8,126.8,40.91,0.00074,0.00074,98502.5,72.9,45.11,1999,2001
37,0.001376,0.001375,97120.0,133.5,39.97,0.000737,0.000736,98429.6,72.5,44.14,1999,2001
38,0.001455,0.001454,96986.5,141.1,39.02,0.00083,0.000829,98357.1,81.6,43.17,1999,2001
39,0.001577,0.001575,96845.4,152.6,38.08,0.000909,0.000908,98275.5,89.2,42.21,1999,2001
40,0.001709,0.001707,96692.8,165.1,37.14,0.001026,0.001025,98186.3,100.7,41.25,1999,2001
41,0.001874,0.001873,96527.8,180.8,36.2,0.001158,0.001157,98085.6,113.5,40.29,1999,2001
42,0.001939,0.001937,96347.0,186.6,35.27,0.001284,0.001283,97972.1,125.7,39.33,1999,2001
43,0.002065,0.002063,96160.4,198.4,34.33,0.001464,0.001463,97846.4,143.2,38.38,1999,2001
44,0.002256,0.002253,95962.0,216.2,33.4,0.001521,0.00152,97703.2,148.5,37.44,1999,2001
45,0.002522,0.002519,95745.8,241.2,32.48,0.001642,0.001641,97554.7,160.1,36.49,1999,2001
46,0.002859,0.002855,95504.6,272.7,31.56,0.001902,0.0019,97394.6,185.1,35.55,1999,2001
47,0.00314,0.003136,95231.9,298.6,30.65,0.002061,0.002059,97209.6,200.2,34.62,1999,2001
48,0.003383,0.003377,94933.3,320.6,29.74,0.002208,0.002206,97009.4,214.0,33.69,1999,2001
49,0.003831,0.003823,94612.7,361.8,28.84,0.002473,0.00247,96795.4,239.1,32.76,1999,2001
50,0.004208,0.004199,94251.0,395.7,27.95,0.002832,0.002828,96556.4,273.0,31.84,1999,2001
51,0.004415,0.004406,93855.2,413.5,27.07,0.002891,0.002887,96283.3,278.0,30.93,1999,2001
52,0.004784,0.004773,93441.7,446.0,26.18,0.003228,0.003223,96005.4,309.4,30.02,1999,2001
53,0.005345,0.005331,92995.8,495.7,25.31,0.003323,0.003318,95696.0,317.5,29.12,1999,2001
54,0.005923,0.005906,92500.0,546.3,24.44,0.003893,0.003886,95378.5,370.6,28.21,1999,2001
55,0.006552,0.00653,91953.8,600.5,23.58,0.004258,0.004249,95007.9,403.7,27.32,1999,2001
56,0.007477,0.00745,91353.3,680.5,22.73,0.004565,0.004554,94604.2,430.9,26.43,1999,2001
57,0.008377,0.008342,90672.8,756.4,21.9,0.005167,0.005154,94173.3,485.4,25.55,1999,2001
58,0.009023,0.008983,89916.4,807.7,21.08,0.005545,0.005529,93687.9,518.0,24.68,1999,2001
59,0.010143,0.010092,89108.7,899.2,20.27,0.00624,0.006221,93169.9,579.6,23.82,1999,2001
60,0.011415,0.01135,88209.4,1001.2,19.47,0.006968,0.006943,92590.3,642.9,22.96,1999,2001
61,0.012413,0.012336,87208.3,1075.8,18.69,0.007584,0.007556,91947.4,694.7,22.12,1999,2001
62,0.013681,0.013588,86132.4,1170.4,17.91,0.008166,0.008133,91252.7,742.2,21.29,1999,2001
63,0.014972,0.014861,84962.1,1262.6,17.15,0.008975,0.008935,90510.5,808.7,20.46,1999,2001
64,0.016224,0.016094,83699.5,1347.0,16.4,0.009983,0.009934,89701.8,891.1,19.64,1999,2001
65,0.018466,0.018297,82352.5,1506.8,15.66,0.011056,0.010995,88810.8,976.5,18.83,1999,2001
66,0.020567,0.020358,80845.6,1645.8,14.95,0.012163,0.01209,87834.3,1061.9,18.03,1999,2001
67,0.023043,0.022781,79199.8,1804.2,14.25,0.013595,0.013504,86772.4,1171.7,17.25,1999,2001
68,0.025023,0.024714,77395.6,1912.7,13.57,0.014993,0.014881,85600.7,1273.9,16.48,1999,2001
69,0.028293,0.027898,75482.8,2105.9,12.9,0.016869,0.016728,84326.8,1410.6,15.72,1999,2001
70,0.031382,0.030897,73377.0,2267.1,12.25,0.018909,0.018732,82916.2,1553.2,14.98,1999,2001
71,0.035094,0.034489,71109.8,2452.5,11.63,0.021273,0.021049,81363.1,1712.6,14.25,1999,2001
72,0.039057,0.038309,68657.3,2630.2,11.03,0.023717,0.023439,79650.5,1866.9,13.55,1999,2001
73,0.043633,0.042702,66027.2,2819.5,10.45,0.026624,0.026274,77783.6,2043.7,12.86,1999,2001
74,0.048146,0.047014,63207.7,2971.6,9.89,0.029726,0.029291,75739.9,2218.5,12.19,1999,2001
75,0.053321,0.051936,60236.1,3128.4,9.35,0.032865,0.032334,73521.4,2377.2,11.55,1999,2001
76,0.058255,0.056607,57107.6,3232.7,8.84,0.03675,0.036087,71144.1,2567.4,10.92,1999,2001
77,0.064843,0.062807,53874.9,3383.7,8.34,0.040625,0.039816,68576.8,2730.5,10.31,1999,2001
78,0.071456,0.068991,50491.2,3483.4,7.86,0.045006,0.044016,65846.3,2898.3,9.71,1999,2001
79,0.077548,0.074653,47007.8,3509.3,7.41,0.049213,0.048031,62948.0,3023.5,9.14,1999,2001
80,0.083384,0.080046,43498.5,3481.9,6.97,0.055063,0.053588,59924.6,3211.2,8.57,1999,2001
81,0.091483,0.087481,40016.6,3500.7,6.53,0.061597,0.059756,56713.4,3389.0,8.03,1999,2001
82,0.102845,0.097815,36515.9,3571.8,6.11,0.069674,0.067329,53324.4,3590.3,7.51,1999,2001
83,0.117598,0.111068,32944.1,3659.0,5.71,0.079203,0.076186,49734.1,3789.0,7.01,1999,2001
84,0.12896,0.121148,29285.1,3547.8,5.37,0.088642,0.08488,45945.1,3899.8,6.55,1999,2001
85,0.142578,0.13309,25737.2,3425.4,5.04,0.099476,0.094763,42045.3,3984.3,6.11,1999,2001
86,0.153567,0.142617,22311.9,3182.0,4.73,0.109191,0.103538,38060.9,3940.8,5.7,1999,2001
87,0.167325,0.154407,19129.8,2953.8,4.44,0.122663,0.115575,34120.2,3943.4,5.3,1999,2001
88,0.187327,0.171284,16176.0,2770.7,4.16,0.136455,0.12774,30176.8,3854.8,4.93,1999,2001
89,0.202763,0.184099,13405.4,2467.9,3.91,0.153102,0.142215,26322.0,3743.4,4.58,1999,2001
90,0.213919,0.193249,10937.4,2113.7,3.68,0.167859,0.154862,22578.6,3496.6,4.25,1999,2001
91,0.227013,0.203872,8823.8,1798.9,3.44,0.18797,0.171821,19082.0,3278.7,3.94,1999,2001
92,0.255306,0.226404,7024.9,1590.5,3.2,0.208405,0.188738,15803.3,2982.7,3.65,1999,2001
93,0.27683,0.243171,5434.4,1321.5,2.99,0.233219,0.208863,12820.6,2677.8,3.39,1999,2001
94,0.302904,0.263063,4112.9,1082.0,2.78,0.255534,0.226584,10142.9,2298.2,3.15,1999,2001
95,0.330891,0.283918,3031.0,860.5,2.6,0.284484,0.249058,7844.7,1953.8,2.92,1999,2001
96,0.35272,0.29984,2170.4,650.8,2.43,0.312184,0.270034,5890.9,1590.7,2.73,1999,2001
97,0.40679,0.338035,1519.6,513.7,2.26,0.336038,0.287699,4300.1,1237.1,2.55,1999,2001
98,0.426256,0.351369,1005.9,353.5,2.16,0.370561,0.312636,3063.0,957.6,2.38,1999,2001
99,0.441129,0.361414,652.5,235.8,2.06,0.386828,0.324135,2105.4,682.4,2.24,1999,2001
100,0.473735,0.383012,416.7,159.6,1.94,0.427521,0.352229,1423.0,501.2,2.07,1999,2001
0,0.006044,0.006026,100000.0,602.6,75.61,0.004891,0.004879,100000.0,487.9,80.36,2000,2002
1,0.000438,0.000438,99397.4,43.6,75.07,0.000342,0.000342,99512.1,34.1,79.75,2000,2002
2,0.00027,0.00027,99353.9,26.9,74.1,0.000188,0.000188,99478.0,18.7,78.78,2000,2002
3,0.000172,0.000172,99327.0,17.1,73.12,0.000165,0.000165,99459.3,16.4,77.8,2000,2002
4,0.000173,0.000173,99309.9,17.2,72.14,0.000151,0.000151,99442.9,15.0,76.81,2000,2002
5,0.000129,0.000129,99292.7,12.8,71.15,0.000121,0.000121,99427.8,12.0,75.82,2000,2002
6,0.000142,0.000142,99279.9,14.0,70.16,0.000115,0.000115,99415.8,11.4,74.83,2000,2002
7,0.000125,0.000125,99265.8,12.4,69.17,9.6e-05,9.6e-05,99404.4,9.6,73.84,2000,2002
8,0.000109,0.000109,99253.4,10.9,68.18,0.000109,0.000109,99394.8,10.9,72.84,2000,2002
9,0.000118,0.000118,99242.6,11.7,67.18,8.9e-05,8.9e-05,99383.9,8.8,71.85,2000,2002
10,0.00013,0.00013,99230.8,12.9,66.19,0.000101,0.000101,99375.1,10.0,70.86,2000,2002
11,0.000139,0.000139,99217.9,13.8,65.2,9.9e-05,9.9e-05,99365.1,9.8,69.87,2000,2002
12,0.000156,0.000156,99204.1,15.5,64.21,0.000105,0.000105,99355.3,10.4,68.87,2000,2002
13,0.000191,0.000191,99188.6,19.0,63.22,0.000118,0.000118,99344.9,11.7,67.88,2000,2002
14,0.000224,0.000224,99169.6,22.2,62.23,0.000145,0.000145,99333.2,14.4,66.89,2000,2002
15,0.000268,0.000268,99147.5,26.5,61.25,0.000159,0.000159,99318.8,15.8,65.9,2000,2002
16,0.000391,0.000391,99120.9,38.7,60.26,0.000235,0.000235,99303.0,23.4,64.91,2000,2002
17,0.000587,0.000587,99082.2,58.2,59.29,0.000261,0.000261,99279.7,25.9,63.92,2000,2002
18,0.000823,0.000822,99024.0,81.4,58.32,0.000316,0.000316,99253.7,31.4,62.94,2000,2002
19,0.000831,0.000831,98942.6,82.2,57.37,0.000301,0.000301,99222.4,29.9,61.96,2000,2002
20,0.000842,0.000841,98860.4,83.2,56.41,0.000307,0.000307,99192.5,30.5,60.98,2000,2002
21,0.00083,0.000829,98777.2,81.9,55.46,0.000305,0.000305,99162.0,30.2,60.0,2000,2002
22,0.000891,0.000891,98695.3,87.9,54.51,0.000305,0.000305,99131.7,30.2,59.01,2000,2002
23,0.000864,0.000864,98607.4,85.2,53.56,0.000321,0.000321,99101.5,31.8,58.03,2000,2002
24,0.000935,0.000935,98522.2,92.1,52.6,0.000332,0.000332,99069.8,32.8,57.05,2000,2002
25,0.000935,0.000934,98430.1,92.0,51.65,0.000342,0.000342,99036.9,33.9,56.07,2000,2002
26,0.000905,0.000904,98338.2,88.9,50.7,0.000357,0.000357,99003.0,35.4,55.09,2000,2002
27,0.001006,0.001006,98249.2,98.8,49.74,0.000372,0.000372,98967.7,36.8,54.11,2000,2002
28,0.000981,0.00098,98150.4,96.2,48.79,0.000358,0.000358,98930.9,35.4,53.13,2000,2002
29,0.001032,0.001031,98054.2,101.1,47.84,0.000394,0.000394,98895.5,39.0,52.15,2000,2002
30,0.00104,0.001039,97953.1,101.8,46.89,0.000419,0.000418,98856.5,41.4,51.17,2000,2002
31,0.001055,0.001055,97851.3,103.2,45.94,0.000494,0.000494,98815.1,48.8,50.19,2000,2002
32,0.001145,0.001144,97748.1,111.9,44.99,0.000509,0.000509,98766.3,50.3,49.21,2000,2002
33,0.001142,0.001142,97636.2,111.5,44.04,0.00054,0.00054,98716.0,53.3,48.24,2000,2002
34,0.001218,0.001217,97524.8,118.7,43.09,0.000614,0.000614,98662.7,60.5,47.26,2000,2002
35,0.001217,0.001216,97406.0,118.4,42.14,0.000679,0.000679,98602.1,67.0,46.29,2000,2002
36,0.001322,0.001321,97287.6,128.5,41.19,0.000717,0.000716,98535.2,70.6,45.32,2000,2002
37,0.001416,0.001415,97159.1,137.5,40.24,0.000725,0.000725,98464.6,71.3,44.36,2000,2002
38,0.001433,0.001432,97021.6,138.9,39.3,0.000842,0.000841,98393.2,82.8,43.39,2000,2002
39,0.001573,0.001572,96882.7,152.3,38.35,0.000906,0.000906,98310.5,89.0,42.42,2000,2002
40,0.001707,0.001706,96730.4,165.0,37.41,0.000999,0.000998,98221.4,98.0,41.46,2000,2002
41,0.001857,0.001855,96565.4,179.1,36.48,0.001102,0.001101,98123.4,108.0,40.5,2000,2002
42,0.001924,0.001923,96386.3,185.3,35.54,0.001245,0.001244,98015.4,122.0,39.55,2000,2002
43,0.002112,0.00211,96201.0,203.0,34.61,0.001435,0.001434,97893.4,140.4,38.6,2000,2002
44,0.002213,0.002211,95998.0,212.2,33.68,0.001487,0.001485,97753.0,145.2,37.65,2000,2002
45,0.002539,0.002536,95785.8,242.9,32.76,0.001643,0.001642,97607.8,160.2,36.71,2000,2002
46,0.002815,0.002811,95542.9,268.6,31.84,0.001939,0.001937,97447.6,188.8,35.76,2000,2002
47,0.003187,0.003182,95274.4,303.2,30.93,0.002043,0.002041,97258.8,198.5,34.83,2000,2002
48,0.003359,0.003353,94971.2,318.5,30.02,0.002216,0.002213,97060.3,214.8,33.9,2000,2002
49,0.003887,0.003879,94652.7,367.2,29.12,0.002446,0.002443,96845.4,236.6,32.98,2000,2002
50,0.00419,0.004181,94285.5,394.2,28.24,0.002705,0.002701,96608.8,261.0,32.06,2000,2002
51,0.004412,0.004402,93891.3,413.3,27.35,0.002866,0.002862,96347.9,275.8,31.14,2000,2002
52,0.004806,0.004795,93478.0,448.2,26.47,0.003205,0.0032,96072.1,307.4,30.23,2000,2002
53,0.005175,0.005161,93029.8,480.1,25.6,0.003352,0.003346,95764.7,320.5,29.33,2000,2002
54,0.005659,0.005643,92549.7,522.2,24.73,0.003817,0.00381,95444.2,363.7,28.42,2000,2002
55,0.006328,0.006308,92027.5,580.5,23.86,0.004112,0.004104,95080.5,390.2,27.53,2000,2002
56,0.007231,0.007205,91447.0,658.9,23.01,0.004536,0.004526,94690.4,428.5,26.64,2000,2002
57,0.007918,0.007886,90788.1,716.0,22.18,0.005088,0.005075,94261.8,478.4,25.76,2000,2002
58,0.008753,0.008715,90072.1,785.0,21.35,0.005346,0.005331,93783.4,500.0,24.89,2000,2002
59,0.009834,0.009786,89287.1,873.7,20.53,0.00598,0.005962,93283.5,556.2,24.02,2000,2002
60,0.011153,0.011091,88413.4,980.6,19.73,0.006806,0.006782,92727.3,628.9,23.16,2000,2002
61,0.012176,0.012103,87432.8,1058.2,18.94,0.007401,0.007374,92098.4,679.1,22.32,2000,2002
62,0.013409,0.013319,86374.6,1150.4,18.17,0.007977,0.007945,91419.3,726.3,21.48,2000,2002
63,0.014608,0.014502,85224.2,1235.9,17.41,0.008716,0.008678,90692.9,787.0,20.65,2000,2002
64,0.015848,0.015724,83988.3,1320.6,16.66,0.009737,0.00969,89905.9,871.2,19.82,2000,2002
65,0.017759,0.017602,82667.7,1455.2,15.92,0.010604,0.010548,89034.7,939.1,19.01,2000,2002
66,0.019615,0.019424,81212.5,1577.5,15.19,0.011846,0.011777,88095.5,1037.5,18.21,2000,2002
67,0.021956,0.021717,79635.0,1729.5,14.48,0.013063,0.012979,87058.1,1129.9,17.42,2000,2002
68,0.024075,0.023789,77905.5,1853.3,13.79,0.014561,0.014456,85928.2,1242.2,16.64,2000,2002
69,0.027065,0.026703,76052.3,2030.9,13.12,0.016207,0.016077,84686.0,1361.5,15.88,2000,2002
70,0.029703,0.029269,74021.4,2166.5,12.46,0.017999,0.017838,83324.5,1486.3,15.13,2000,2002
71,0.033453,0.032903,71854.9,2364.2,11.82,0.020434,0.020228,81838.2,1655.4,14.4,2000,2002
72,0.037327,0.036643,69490.7,2546.4,11.21,0.022893,0.022634,80182.8,1814.9,13.68,2000,2002
73,0.041463,0.040621,66944.3,2719.3,10.62,0.025657,0.025332,78367.9,1985.3,12.99,2000,2002
74,0.046713,0.045647,64225.0,2931.7,10.05,0.028679,0.028273,76382.7,2159.6,12.31,2000,2002
75,0.051347,0.050062,61293.3,3068.5,9.5,0.032195,0.031685,74223.1,2351.8,11.66,2000,2002
76,0.056492,0.05494,58224.8,3198.9,8.98,0.035803,0.035173,71871.3,2527.9,11.02,2000,2002
77,0.062657,0.060754,55026.0,3343.0,8.47,0.039737,0.038963,69343.3,2701.8,10.4,2000,2002
78,0.069066,0.06676,51682.9,3450.4,7.98,0.04391,0.042967,66641.5,2863.4,9.81,2000,2002
79,0.076142,0.07335,48232.6,3537.9,7.52,0.048533,0.047383,63778.1,3022.0,9.22,2000,2002
80,0.083048,0.079737,44694.7,3563.8,7.08,0.054657,0.053203,60756.2,3232.4,8.66,2000,2002
81,0.089947,0.086076,41130.9,3540.4,6.65,0.06029,0.058525,57523.8,3366.6,8.12,2000,2002
82,0.098685,0.094045,37590.5,3535.2,6.22,0.068001,0.065765,54157.2,3561.6,7.59,2000,2002
83,0.110347,0.104577,34055.3,3561.4,5.82,0.075999,0.073217,50595.5,3704.5,7.09,2000,2002
84,0.124814,0.117482,30493.9,3582.5,5.44,0.087521,0.083851,46891.1,3931.9,6.61,2000,2002
85,0.139269,0.130202,26911.4,3503.9,5.1,0.097841,0.093278,42959.2,4007.1,6.17,2000,2002
86,0.152107,0.141357,23407.5,3308.8,4.78,0.107904,0.10238,38952.0,3987.9,5.75,2000,2002
87,0.164222,0.151761,20098.7,3050.2,4.49,0.120607,0.113748,34964.1,3977.1,5.35,2000,2002
88,0.183085,0.16773,17048.5,2859.5,4.2,0.135283,0.126712,30987.0,3926.4,4.97,2000,2002
89,0.200336,0.182096,14188.9,2583.7,3.95,0.150975,0.140378,27060.6,3798.7,4.62,2000,2002
90,0.208016,0.188419,11605.2,2186.6,3.72,0.16591,0.153201,23261.9,3563.8,4.29,2000,2002
91,0.225412,0.20258,9418.6,1908.0,3.47,0.186009,0.170182,19698.1,3352.3,3.98,2000,2002
92,0.25162,0.223501,7510.5,1678.6,3.22,0.205397,0.186268,16345.9,3044.7,3.69,2000,2002
93,0.275029,0.241781,5831.9,1410.0,3.0,0.23058,0.206744,13301.2,2749.9,3.43,2000,2002
94,0.297682,0.259115,4421.9,1145.8,2.8,0.250351,0.2225,10551.2,2347.6,3.19,2000,2002
95,0.328215,0.281945,3276.1,923.7,2.61,0.281325,0.246633,8203.6,2023.3,2.96,2000,2002
96,0.353782,0.300607,2352.4,707.2,2.43,0.308336,0.26715,6180.3,1651.1,2.76,2000,2002
97,0.398541,0.33232,1645.3,546.8,2.26,0.330519,0.283644,4529.2,1284.7,2.59,2000,2002
98,0.4291,0.353299,1098.5,388.1,2.14,0.360261,0.305272,3244.5,990.5,2.41,2000,2002
99,0.44479,0.363868,710.4,258.5,2.03,0.388022,0.324973,2254.1,732.5,2.25,2000,2002
100,0.475599,0.384229,451.9,173.6,1.91,0.424187,0.349962,1521.6,532.5,2.1,2000,2002
0,0.005927,0.005909,100000.0,590.9,75.85,0.004831,0.004819,100000.0,481.9,80.47,2001,2003
1,0.000425,0.000424,99409.1,42.2,75.3,0.000366,0.000366,99518.1,36.5,79.86,2001,2003
2,0.000262,0.000262,99366.9,26.0,74.33,0.00021,0.00021,99481.6,20.9,78.89,2001,2003
3,0.000183,0.000183,99340.8,18.2,73.35,0.000159,0.000159,99460.8,15.8,77.91,2001,2003
4,0.000171,0.000171,99322.6,17.0,72.36,0.000149,0.000149,99444.9,14.8,76.92,2001,2003
5,0.000134,0.000134,99305.7,13.3,71.37,0.000121,0.000121,99430.2,12.1,75.93,2001,2003
6,0.000131,0.000131,99292.4,13.0,70.38,0.000117,0.000117,99418.1,11.6,74.94,2001,2003
7,0.000117,0.000117,99279.4,11.7,69.39,9.6e-05,9.6e-05,99406.5,9.5,73.95,2001,2003
8,0.000105,0.000105,99267.8,10.4,68.4,0.000108,0.000108,99396.9,10.7,72.95,2001,2003
9,0.000113,0.000113,99257.4,11.3,67.41,9.5e-05,9.5e-05,99386.2,9.4,71.96,2001,2003
10,0.000115,0.000115,99246.2,11.5,66.42,0.000101,0.000101,99376.8,10.0,70.97,2001,2003
11,0.000141,0.000141,99234.7,14.0,65.42,9.8e-05,9.8e-05,99366.8,9.7,69.98,2001,2003
12,0.000155,0.000155,99220.7,15.3,64.43,0.000124,0.000124,99357.0,12.3,68.98,2001,2003
13,0.0002,0.0002,99205.4,19.8,63.44,0.00011,0.00011,99344.7,10.9,67.99,2001,2003
14,0.000229,0.000229,99185.6,22.7,62.45,0.000151,0.000151,99333.8,15.0,67.0,2001,2003
15,0.000266,0.000266,99162.9,26.4,61.47,0.000164,0.000164,99318.8,16.3,66.01,2001,2003
16,0.000377,0.000377,99136.5,37.4,60.49,0.000233,0.000233,99302.5,23.2,65.02,2001,2003
17,0.00057,0.000569,99099.1,56.4,59.51,0.000271,0.000271,99279.3,26.9,64.03,2001,2003
18,0.000799,0.000799,99042.6,79.1,58.54,0.000274,0.000274,99252.4,27.2,63.05,2001,2003
19,0.000778,0.000778,98963.5,77.0,57.59,0.000284,0.000284,99225.2,28.2,62.07,2001,2003
20,0.000844,0.000844,98886.6,83.4,56.63,0.000302,0.000302,99197.0,29.9,61.09,2001,2003
21,0.000823,0.000822,98803.1,81.3,55.68,0.000302,0.000302,99167.1,30.0,60.1,2001,2003
22,0.000875,0.000875,98721.9,86.4,54.73,0.000307,0.000307,99137.1,30.4,59.12,2001,2003
23,0.000822,0.000822,98635.5,81.0,53.77,0.000306,0.000306,99106.7,30.3,58.14,2001,2003
24,0.000894,0.000894,98554.5,88.1,52.82,0.000307,0.000307,99076.4,30.4,57.16,2001,2003
25,0.000911,0.000911,98466.4,89.7,51.86,0.000325,0.000325,99046.0,32.2,56.18,2001,2003
26,0.000877,0.000877,98376.7,86.2,50.91,0.000368,0.000368,99013.8,36.5,55.19,2001,2003
27,0.000927,0.000927,98290.5,91.1,49.95,0.000361,0.000361,98977.3,35.8,54.21,2001,2003
28,0.000954,0.000954,98199.4,93.6,49.0,0.000363,0.000363,98941.6,35.9,53.23,2001,2003
29,0.001014,0.001014,98105.7,99.5,48.05,0.000408,0.000408,98905.6,40.4,52.25,2001,2003
30,0.001025,0.001025,98006.3,100.4,47.09,0.000424,0.000424,98865.3,42.0,51.27,2001,2003
31,0.001066,0.001065,97905.9,104.3,46.14,0.000491,0.000491,98823.3,48.5,50.29,2001,2003
32,0.001123,0.001123,97801.6,109.8,45.19,0.000508,0.000508,98774.8,50.2,49.32,2001,2003
33,0.001161,0.001161,97691.8,113.4,44.24,0.000528,0.000527,98724.6,52.1,48.34,2001,2003
34,0.001232,0.001231,97578.4,120.1,43.29,0.000626,0.000626,98672.5,61.8,47.37,2001,2003
35,0.001226,0.001225,97458.2,119.4,42.34,0.000655,0.000655,98610.7,64.6,46.4,2001,2003
36,0.001284,0.001283,97338.8,124.9,41.4,0.000695,0.000694,98546.1,68.4,45.43,2001,2003
37,0.001374,0.001373,97213.9,133.5,40.45,0.000718,0.000717,98477.7,70.7,44.46,2001,2003
38,0.001421,0.00142,97080.4,137.8,39.5,0.000842,0.000842,98407.1,82.8,43.49,2001,2003
39,0.001575,0.001574,96942.6,152.6,38.56,0.000898,0.000897,98324.2,88.2,42.53,2001,2003
40,0.001712,0.001711,96790.0,165.6,37.62,0.000986,0.000986,98236.0,96.9,41.57,2001,2003
41,0.001821,0.001819,96624.4,175.7,36.68,0.001072,0.001071,98139.2,105.1,40.61,2001,2003
42,0.001957,0.001955,96448.7,188.5,35.75,0.001194,0.001193,98034.0,117.0,39.65,2001,2003
43,0.002181,0.002178,96260.1,209.7,34.82,0.001417,0.001416,97917.0,138.6,38.7,2001,2003
44,0.002197,0.002195,96050.4,210.8,33.89,0.001489,0.001488,97778.4,145.5,37.75,2001,2003
45,0.002486,0.002483,95839.6,237.9,32.97,0.001626,0.001625,97632.9,158.6,36.81,2001,2003
46,0.002799,0.002795,95601.7,267.2,32.05,0.001882,0.00188,97474.3,183.2,35.86,2001,2003
47,0.003172,0.003167,95334.5,301.9,31.14,0.002049,0.002047,97291.1,199.2,34.93,2001,2003
48,0.003376,0.00337,95032.6,320.3,30.23,0.002247,0.002244,97091.9,217.9,34.0,2001,2003
49,0.003804,0.003797,94712.3,359.6,29.33,0.002406,0.002403,96874.0,232.8,33.08,2001,2003
50,0.004099,0.004091,94352.7,386.0,28.44,0.002702,0.002698,96641.2,260.7,32.16,2001,2003
51,0.004371,0.004362,93966.7,409.9,27.56,0.00288,0.002875,96380.5,277.1,31.24,2001,2003
52,0.004799,0.004788,93556.9,447.9,26.68,0.003144,0.003139,96103.3,301.6,30.33,2001,2003
53,0.005201,0.005188,93109.0,483.0,25.8,0.003339,0.003333,95801.7,319.3,29.42,2001,2003
54,0.005662,0.005646,92625.9,523.0,24.93,0.003698,0.003691,95482.4,352.5,28.52,2001,2003
55,0.006283,0.006263,92103.0,576.8,24.07,0.004061,0.004053,95129.9,385.5,27.62,2001,2003
56,0.006883,0.006859,91526.1,627.8,23.22,0.004433,0.004423,94744.4,419.0,26.73,2001,2003
57,0.007834,0.007803,90898.3,709.3,22.38,0.004867,0.004855,94325.3,458.0,25.85,2001,2003
58,0.008623,0.008586,90189.0,774.4,21.55,0.00527,0.005256,93867.4,493.4,24.98,2001,2003
59,0.009486,0.009442,89414.7,844.2,20.73,0.00593,0.005913,93374.0,552.1,24.1,2001,2003
60,0.010871,0.010812,88570.5,957.6,19.93,0.006655,0.006633,92821.9,615.7,23.24,2001,2003
61,0.011817,0.011747,87612.8,1029.2,19.14,0.00732,0.007293,92206.2,672.5,22.4,2001,2003
62,0.01319,0.013103,86583.6,1134.5,18.36,0.007871,0.00784,91533.8,717.6,21.56,2001,2003
63,0.014312,0.014211,85449.1,1214.3,17.6,0.008539,0.008503,90816.1,772.2,20.72,2001,2003
64,0.015649,0.015528,84234.8,1308.0,16.84,0.009503,0.009458,90043.9,851.7,19.9,2001,2003
65,0.017147,0.017002,82926.8,1409.9,16.1,0.010487,0.010432,89192.3,930.4,19.08,2001,2003
66,0.018892,0.018715,81517.0,1525.6,15.37,0.011456,0.011391,88261.8,1005.4,18.28,2001,2003
67,0.021233,0.02101,79991.3,1680.6,14.65,0.012804,0.012723,87256.4,1110.1,17.48,2001,2003
68,0.023242,0.022975,78310.7,1799.2,13.96,0.014129,0.01403,86146.3,1208.7,16.7,2001,2003
69,0.026187,0.025849,76511.6,1977.7,13.27,0.015782,0.015659,84937.7,1330.0,15.93,2001,2003
70,0.028457,0.028058,74533.8,2091.3,12.61,0.017359,0.017209,83607.6,1438.8,15.18,2001,2003
71,0.032333,0.031819,72442.6,2305.0,11.96,0.019761,0.019567,82168.8,1607.8,14.44,2001,2003
72,0.035728,0.035101,70137.5,2461.9,11.34,0.022403,0.022154,80561.0,1784.8,13.71,2001,2003
73,0.039877,0.039097,67675.6,2645.9,10.73,0.025156,0.024843,78776.2,1957.1,13.01,2001,2003
74,0.044913,0.043927,65029.7,2856.5,10.15,0.027905,0.027521,76819.2,2114.2,12.33,2001,2003
75,0.049787,0.048578,62173.2,3020.3,9.59,0.031705,0.03121,74705.0,2331.5,11.67,2001,2003
76,0.055067,0.053592,59152.9,3170.1,9.06,0.035204,0.034595,72373.5,2503.8,11.03,2001,2003
77,0.060981,0.059176,55982.8,3312.9,8.54,0.039154,0.038402,69869.7,2683.2,10.4,2001,2003
78,0.066725,0.064571,52669.9,3400.9,8.05,0.043448,0.042524,67186.5,2857.0,9.8,2001,2003
79,0.07515,0.072429,49269.0,3568.5,7.57,0.048621,0.047467,64329.5,3053.6,9.21,2001,2003
80,0.082332,0.079077,45700.5,3613.8,7.12,0.05461,0.053159,61275.9,3257.4,8.65,2001,2003
81,0.090266,0.086368,42086.7,3634.9,6.69,0.060687,0.0589,58018.6,3417.3,8.1,2001,2003
82,0.097295,0.092782,38451.7,3567.6,6.28,0.067777,0.065556,54601.3,3579.4,7.58,2001,2003
83,0.108035,0.102499,34884.1,3575.6,5.87,0.075486,0.07274,51021.9,3711.4,7.08,2001,2003
84,0.117807,0.111254,31308.5,3483.2,5.48,0.084888,0.081431,47310.5,3852.6,6.59,2001,2003
85,0.139464,0.130373,27825.4,3627.7,5.1,0.098516,0.093891,43457.9,4080.3,6.13,2001,2003
86,0.150043,0.139572,24197.7,3377.3,4.79,0.108935,0.103308,39377.6,4068.0,5.72,2001,2003
87,0.164489,0.151989,20820.3,3164.5,4.49,0.122363,0.115308,35309.6,4071.5,5.32,2001,2003
88,0.180816,0.165824,17655.9,2927.8,4.2,0.135622,0.12701,31238.1,3967.5,4.94,2001,2003
89,0.200804,0.182482,14728.1,2687.6,3.94,0.152844,0.141993,27270.6,3872.2,4.59,2001,2003
90,0.207968,0.188379,12040.5,2268.2,3.71,0.16767,0.154701,23398.4,3619.8,4.27,2001,2003
91,0.226748,0.203658,9772.3,1990.2,3.45,0.185763,0.169975,19778.6,3361.9,3.96,2001,2003
92,0.255169,0.226297,7782.1,1761.1,3.21,0.2074,0.187914,16416.7,3084.9,3.66,2001,2003
93,0.280438,0.245951,6021.0,1480.9,3.0,0.233873,0.209388,13331.8,2791.5,3.4,2001,2003
94,0.294991,0.257074,4540.2,1167.2,2.82,0.252953,0.224552,10540.3,2366.8,3.16,2001,2003
95,0.328178,0.281918,3373.0,950.9,2.62,0.280917,0.246319,8173.4,2013.3,2.94,2001,2003
96,0.35046,0.298205,2422.1,722.3,2.45,0.309318,0.267887,6160.2,1650.2,2.73,2001,2003
97,0.394099,0.329225,1699.8,559.6,2.28,0.337948,0.289098,4509.9,1303.8,2.55,2001,2003
98,0.40777,0.338712,1140.2,386.2,2.16,0.367843,0.310699,3206.1,996.1,2.38,2001,2003
99,0.447226,0.365496,754.0,275.6,2.01,0.389232,0.325822,2210.0,720.1,2.23,2001,2003
100,0.488014,0.392292,478.4,187.7,1.88,0.436983,0.358626,1489.9,534.3,2.07,2001,2003
0,0.005784,0.005767,100000.0,576.7,76.15,0.004722,0.004711,100000.0,471.1,80.68,2002,2004
1,0.000431,0.000431,99423.3,42.9,75.59,0.000375,0.000375,99528.9,37.3,80.06,2002,2004
2,0.000255,0.000255,99380.4,25.4,74.63,0.000204,0.000204,99491.7,20.3,79.09,2002,2004
3,0.000195,0.000195,99355.0,19.3,73.64,0.000149,0.000149,99471.3,14.8,78.11,2002,2004
4,0.000159,0.000159,99335.7,15.8,72.66,0.000146,0.000146,99456.5,14.5,77.12,2002,2004
5,0.000123,0.000123,99319.9,12.2,71.67,0.000114,0.000114,99442.0,11.3,76.13,2002,2004
6,0.000123,0.000123,99307.7,12.2,70.68,0.000112,0.000112,99430.7,11.2,75.14,2002,2004
7,0.000106,0.000106,99295.5,10.5,69.69,8.5e-05,8.5e-05,99419.5,8.4,74.15,2002,2004
8,0.000108,0.000108,99285.0,10.7,68.7,9.1e-05,9.1e-05,99411.1,9.0,73.15,2002,2004
9,0.000122,0.000122,99274.2,12.1,67.7,8.6e-05,8.6e-05,99402.1,8.5,72.16,2002,2004
10,0.000104,0.000104,99262.1,10.3,66.71,0.000105,0.000105,99393.6,10.4,71.17,2002,2004
11,0.000128,0.000128,99251.8,12.7,65.72,8.3e-05,8.3e-05,99383.1,8.3,70.17,2002,2004
12,0.000142,0.000142,99239.2,14.0,64.73,0.00013,0.00013,99374.9,12.9,69.18,2002,2004
13,0.000179,0.000179,99225.1,17.7,63.73,0.000116,0.000116,99362.0,11.5,68.19,2002,2004
14,0.000215,0.000215,99207.4,21.3,62.75,0.00015,0.00015,99350.4,14.9,67.2,2002,2004
15,0.000277,0.000276,99186.1,27.4,61.76,0.000161,0.000161,99335.5,16.0,66.21,2002,2004
16,0.000372,0.000372,99158.6,36.9,60.78,0.000229,0.000229,99319.5,22.8,65.22,2002,2004
17,0.000547,0.000547,99121.8,54.2,59.8,0.000258,0.000258,99296.7,25.6,64.23,2002,2004
18,0.000743,0.000743,99067.6,73.6,58.83,0.000269,0.000269,99271.1,26.7,63.25,2002,2004
19,0.000685,0.000684,98994.0,67.8,57.87,0.000316,0.000316,99244.4,31.3,62.27,2002,2004
20,0.000834,0.000834,98926.2,82.5,56.91,0.000296,0.000296,99213.1,29.3,61.29,2002,2004
21,0.000767,0.000767,98843.7,75.8,55.96,0.000295,0.000295,99183.7,29.3,60.3,2002,2004
22,0.000864,0.000864,98768.0,85.3,55.0,0.000301,0.000301,99154.5,29.9,59.32,2002,2004
23,0.000845,0.000845,98682.6,83.3,54.05,0.000312,0.000312,99124.6,30.9,58.34,2002,2004
24,0.000811,0.000811,98599.3,80.0,53.1,0.0003,0.0003,99093.7,29.7,57.36,2002,2004
25,0.000885,0.000885,98519.3,87.2,52.14,0.000329,0.000329,99064.0,32.6,56.37,2002,2004
26,0.000865,0.000865,98432.1,85.1,51.18,0.00035,0.00035,99031.4,34.7,55.39,2002,2004
27,0.000885,0.000885,98347.0,87.0,50.23,0.000353,0.000353,98996.7,35.0,54.41,2002,2004
28,0.00094,0.000939,98260.0,92.3,49.27,0.00037,0.00037,98961.7,36.6,53.43,2002,2004
29,0.000965,0.000964,98167.7,94.7,48.32,0.000412,0.000412,98925.1,40.8,52.45,2002,2004
30,0.00101,0.001009,98073.1,99.0,47.36,0.000449,0.000449,98884.3,44.4,51.47,2002,2004
31,0.001027,0.001027,97974.1,100.6,46.41,0.00048,0.00048,98839.9,47.4,50.49,2002,2004
32,0.001136,0.001135,97873.5,111.1,45.46,0.000494,0.000494,98792.4,48.8,49.52,2002,2004
33,0.001116,0.001115,97762.4,109.0,44.51,0.000526,0.000526,98743.7,51.9,48.54,2002,2004
34,0.001151,0.00115,97653.4,112.3,43.56,0.000621,0.000621,98691.8,61.3,47.57,2002,2004
35,0.001238,0.001238,97541.1,120.7,42.61,0.000626,0.000626,98630.5,61.7,46.6,2002,2004
36,0.001302,0.001301,97420.4,126.7,41.66,0.000682,0.000682,98568.7,67.2,45.63,2002,2004
37,0.001384,0.001383,97293.6,134.6,40.71,0.000735,0.000735,98501.5,72.4,44.66,2002,2004
38,0.001382,0.001381,97159.0,134.1,39.77,0.000851,0.00085,98429.1,83.7,43.69,2002,2004
39,0.001561,0.00156,97024.9,151.4,38.82,0.000901,0.0009,98345.4,88.6,42.73,2002,2004
40,0.001681,0.00168,96873.5,162.7,37.88,0.000954,0.000954,98256.9,93.7,41.76,2002,2004
41,0.001752,0.00175,96710.8,169.2,36.95,0.001039,0.001039,98163.2,102.0,40.8,2002,2004
42,0.001906,0.001905,96541.5,183.9,36.01,0.001183,0.001182,98061.2,115.9,39.85,2002,2004
43,0.002199,0.002197,96357.6,211.7,35.08,0.001352,0.001351,97945.3,132.3,38.89,2002,2004
44,0.00223,0.002228,96146.0,214.2,34.16,0.001487,0.001486,97812.9,145.3,37.94,2002,2004
45,0.00242,0.002417,95931.8,231.9,33.23,0.001619,0.001617,97667.6,158.0,37.0,2002,2004
46,0.002724,0.00272,95699.9,260.3,32.31,0.001868,0.001867,97509.6,182.0,36.06,2002,2004
47,0.003086,0.003081,95439.6,294.0,31.4,0.002043,0.002041,97327.6,198.6,35.13,2002,2004
48,0.003321,0.003316,95145.6,315.5,30.49,0.002215,0.002213,97129.0,214.9,34.2,2002,2004
49,0.003726,0.003719,94830.1,352.7,29.59,0.00232,0.002317,96914.1,224.6,33.27,2002,2004
50,0.004033,0.004025,94477.4,380.3,28.7,0.002619,0.002616,96689.5,252.9,32.35,2002,2004
51,0.004354,0.004345,94097.1,408.8,27.81,0.002843,0.002839,96436.6,273.8,31.43,2002,2004
52,0.004848,0.004836,93688.3,453.1,26.93,0.00302,0.003015,96162.8,289.9,30.52,2002,2004
53,0.005168,0.005155,93235.2,480.6,26.06,0.003381,0.003375,95872.8,323.6,29.61,2002,2004
54,0.005597,0.005582,92754.6,517.7,25.19,0.003589,0.003583,95549.3,342.3,28.71,2002,2004
55,0.006125,0.006106,92236.9,563.2,24.33,0.003935,0.003927,95206.9,373.9,27.81,2002,2004
56,0.006657,0.006635,91673.7,608.2,23.48,0.004367,0.004358,94833.0,413.2,26.92,2002,2004
57,0.007517,0.007489,91065.4,682.0,22.63,0.004687,0.004676,94419.8,441.5,26.03,2002,2004
58,0.008266,0.008232,90383.4,744.0,21.8,0.005173,0.00516,93978.2,484.9,25.15,2002,2004
59,0.009082,0.009041,89639.4,810.5,20.98,0.005758,0.005741,93493.4,536.8,24.28,2002,2004
60,0.010503,0.010449,88829.0,928.1,20.16,0.00649,0.006469,92956.6,601.3,23.42,2002,2004
61,0.011416,0.011352,87900.9,997.8,19.37,0.006986,0.006961,92355.2,642.9,22.57,2002,2004
62,0.013,0.012916,86903.0,1122.4,18.59,0.007706,0.007677,91712.3,704.0,21.72,2002,2004
63,0.01385,0.013754,85780.6,1179.9,17.82,0.008324,0.00829,91008.3,754.4,20.89,2002,2004
64,0.01539,0.015273,84600.8,1292.1,17.07,0.00934,0.009296,90253.8,839.0,20.06,2002,2004
65,0.016779,0.01664,83308.7,1386.2,16.32,0.010147,0.010096,89414.8,902.7,19.24,2002,2004
66,0.018449,0.01828,81922.4,1497.6,15.59,0.011291,0.011227000000000001,88512.1,993.7,18.43,2002,2004
67,0.02045,0.020243,80424.9,1628.0,14.87,0.012466,0.012388,87518.3,1084.2,17.63,2002,2004
68,0.022599,0.022347,78796.9,1760.8,14.17,0.013886,0.01379,86434.1,1191.9,16.85,2002,2004
69,0.025268,0.024953,77036.0,1922.3,13.48,0.015336,0.015219,85242.2,1297.3,16.08,2002,2004
70,0.027428,0.027057,75113.7,2032.3,12.81,0.016716,0.016578,83944.8,1391.6,15.32,2002,2004
71,0.031049,0.030574,73081.4,2234.4,12.16,0.01899,0.018811,82553.2,1552.9,14.57,2002,2004
72,0.034452,0.033869,70847.0,2399.5,11.52,0.021601,0.02137,81000.3,1731.0,13.84,2002,2004
73,0.038163,0.037449,68447.5,2563.3,10.91,0.024206,0.023916,79269.3,1895.8,13.13,2002,2004
74,0.042944,0.042041,65884.2,2769.9,10.31,0.027242,0.026876,77373.5,2079.5,12.44,2002,2004
75,0.047818,0.046701,63114.4,2947.5,9.75,0.030929,0.030458,75294.0,2293.3,11.77,2002,2004
76,0.052982,0.051615,60166.8,3105.5,9.2,0.034415,0.033833,73000.7,2469.8,11.12,2002,2004
77,0.05884,0.057158,57061.3,3261.5,8.67,0.038182,0.037467,70530.9,2642.6,10.5,2002,2004
78,0.064896,0.062857,53799.8,3381.7,8.17,0.042845,0.041946,67888.4,2847.7,9.88,2002,2004
79,0.072794,0.070238,50418.1,3541.3,7.68,0.047485,0.046384,65040.7,3016.9,9.3,2002,2004
80,0.080027,0.076948,46876.9,3607.1,7.22,0.053515,0.05212,62023.9,3232.7,8.72,2002,2004
81,0.089055,0.085259,43269.8,3689.1,6.78,0.059733,0.058001,58791.2,3410.0,8.18,2002,2004
82,0.097077,0.092583,39580.7,3664.5,6.37,0.067426,0.065227,55381.2,3612.4,7.65,2002,2004
83,0.104924,0.099694,35916.2,3580.6,5.97,0.073499,0.070894,51768.9,3670.1,7.15,2002,2004
84,0.115034,0.108777,32335.6,3517.4,5.57,0.082396,0.079136,48098.8,3806.4,6.65,2002,2004
85,0.128439,0.120689,28818.2,3478.0,5.19,0.094104,0.089875,44292.4,3980.8,6.18,2002,2004
86,0.148844,0.138534,25340.1,3510.5,4.84,0.108551,0.102963,40311.6,4150.6,5.74,2002,2004
87,0.162863,0.150599,21829.7,3287.5,4.54,0.121355,0.114412,36161.0,4137.3,5.35,2002,2004
88,0.179178,0.164446,18542.1,3049.2,4.25,0.135363,0.126782,32023.7,4060.0,4.97,2002,2004
89,0.195977,0.178487,15493.0,2765.3,3.99,0.150063,0.139589,27963.7,3903.4,4.62,2002,2004
90,0.202646,0.184002,12727.7,2341.9,3.75,0.165999,0.153277,24060.3,3687.9,4.29,2002,2004
91,0.226258,0.203263,10385.7,2111.0,3.48,0.184198,0.168664,20372.4,3436.1,3.98,2002,2004
92,0.249872,0.222121,8274.7,1838.0,3.24,0.207715,0.188172,16936.3,3186.9,3.68,2002,2004
93,0.276014,0.242542,6436.7,1561.2,3.02,0.231516,0.207497,13749.4,2853.0,3.42,2002,2004
94,0.292977,0.255543,4875.5,1245.9,2.83,0.254499,0.22577,10896.4,2460.1,3.18,2002,2004
95,0.330946,0.283958,3629.6,1030.7,2.63,0.276887,0.243215,8436.3,2051.8,2.96,2002,2004
96,0.348249,0.296603,2599.0,770.9,2.48,0.305745,0.265203,6384.5,1693.2,2.75,2002,2004
97,0.377299,0.317418,1828.1,580.3,2.31,0.337354,0.288663,4691.3,1354.2,2.57,2002,2004
98,0.406542,0.337864,1247.8,421.6,2.15,0.361898,0.306446,3337.1,1022.6,2.41,2002,2004
99,0.437972,0.359292,826.2,296.9,1.99,0.388684,0.325438,2314.5,753.2,2.25,2002,2004
100,0.502471,0.40158,529.4,212.6,1.83,0.425446,0.350819,1561.2,547.7,2.1,2002,2004
0,0.005698,0.005682,100000.0,568.2,76.5,0.004662,0.004651,100000.0,465.1,80.91,2003,2005
1,0.000406,0.000406,99431.8,40.3,75.94,0.000379,0.000379,99534.9,37.7,80.29,2003,2005
2,0.000248,0.000248,99391.4,24.7,74.97,0.000196,0.000196,99497.2,19.5,79.32,2003,2005
3,0.000206,0.000206,99366.8,20.4,73.99,0.000152,0.000152,99477.7,15.1,78.33,2003,2005
4,0.000137,0.000137,99346.3,13.6,73.0,0.000123,0.000123,99462.6,12.2,77.35,2003,2005
5,0.000118,0.000118,99332.7,11.7,72.01,0.000103,0.000103,99450.4,10.3,76.36,2003,2005
6,0.000132,0.000132,99321.0,13.1,71.02,0.000107,0.000107,99440.1,10.7,75.36,2003,2005
7,9.7e-05,9.7e-05,99307.9,9.6,70.03,8.8e-05,8.8e-05,99429.4,8.7,74.37,2003,2005
8,0.000106,0.000106,99298.3,10.5,69.04,8.1e-05,8.1e-05,99420.7,8.0,73.38,2003,2005
9,0.000108,0.000108,99287.8,10.8,68.04,8.6e-05,8.6e-05,99412.7,8.5,72.38,2003,2005
10,0.000109,0.000109,99277.0,10.8,67.05,9.4e-05,9.4e-05,99404.2,9.3,71.39,2003,2005
11,0.00012,0.00012,99266.2,11.9,66.06,9.2e-05,9.2e-05,99394.9,9.2,70.4,2003,2005
12,0.000158,0.000158,99254.3,15.7,65.07,0.000136,0.000136,99385.7,13.5,69.4,2003,2005
13,0.000168,0.000168,99238.6,16.7,64.08,0.000114,0.000114,99372.2,11.4,68.41,2003,2005
14,0.000201,0.000201,99221.9,19.9,63.09,0.000139,0.000139,99360.8,13.8,67.42,2003,2005
15,0.000258,0.000258,99202.0,25.6,62.1,0.000157,0.000157,99347.1,15.6,66.43,2003,2005
16,0.000356,0.000356,99176.4,35.3,61.12,0.000226,0.000226,99331.5,22.4,65.44,2003,2005
17,0.000555,0.000555,99141.1,55.0,60.14,0.000247,0.000247,99309.1,24.5,64.45,2003,2005
18,0.000704,0.000704,99086.1,69.7,59.17,0.000273,0.000273,99284.6,27.1,63.47,2003,2005
19,0.000681,0.000681,99016.4,67.4,58.21,0.000303,0.000303,99257.5,30.1,62.49,2003,2005
20,0.000771,0.00077,98949.0,76.2,57.25,0.000295,0.000295,99227.4,29.3,61.51,2003,2005
21,0.000738,0.000737,98872.7,72.9,56.29,0.000289,0.000289,99198.1,28.7,60.52,2003,2005
22,0.000794,0.000794,98799.8,78.4,55.34,0.000301,0.000301,99169.4,29.8,59.54,2003,2005
23,0.000838,0.000838,98721.4,82.7,54.38,0.000312,0.000312,99139.6,30.9,58.56,2003,2005
24,0.000768,0.000768,98638.7,75.7,53.42,0.000275,0.000275,99108.7,27.2,57.58,2003,2005
25,0.000835,0.000835,98563.0,82.3,52.47,0.000303,0.000302,99081.5,30.0,56.59,2003,2005
26,0.000804,0.000803,98480.7,79.1,51.51,0.000348,0.000348,99051.5,34.4,55.61,2003,2005
27,0.000825,0.000825,98401.6,81.1,50.55,0.000364,0.000364,99017.1,36.0,54.63,2003,2005
28,0.000828,0.000828,98320.5,81.4,49.59,0.000377,0.000377,98981.0,37.3,53.65,2003,2005
29,0.000908,0.000908,98239.1,89.2,48.63,0.000408,0.000408,98943.7,40.4,52.67,2003,2005
30,0.000966,0.000965,98149.9,94.7,47.68,0.00045,0.00045,98903.3,44.5,51.69,2003,2005
31,0.000998,0.000997,98055.1,97.8,46.72,0.000456,0.000456,98858.8,45.1,50.71,2003,2005
32,0.001083,0.001083,97957.3,106.0,45.77,0.000489,0.000489,98813.7,48.3,49.74,2003,2005
33,0.001133,0.001133,97851.3,110.8,44.82,0.000521,0.000521,98765.4,51.5,48.76,2003,2005
34,0.001127,0.001127,97740.5,110.1,43.87,0.0006,0.0006,98713.9,59.2,47.79,2003,2005
35,0.001243,0.001242,97630.3,121.2,42.92,0.000609,0.000609,98654.7,60.1,46.81,2003,2005
36,0.0013,0.001299,97509.1,126.7,41.97,0.00069,0.00069,98594.6,68.0,45.84,2003,2005
37,0.001385,0.001384,97382.4,134.8,41.02,0.000753,0.000752,98526.6,74.1,44.87,2003,2005
38,0.001372,0.001371,97247.6,133.4,40.08,0.000828,0.000827,98452.4,81.5,43.91,2003,2005
39,0.001527,0.001526,97114.3,148.2,39.13,0.000886,0.000886,98371.0,87.1,42.94,2003,2005
40,0.001651,0.001649,96966.1,159.9,38.19,0.000961,0.000961,98283.8,94.4,41.98,2003,2005
41,0.001749,0.001748,96806.1,169.2,37.25,0.001021,0.00102,98189.4,100.2,41.02,2003,2005
42,0.001901,0.001899,96636.9,183.5,36.32,0.001176,0.001175,98089.2,115.3,40.06,2003,2005
43,0.002171,0.002169,96453.4,209.2,35.39,0.001315,0.001314,97974.0,128.7,39.11,2003,2005
44,0.002209,0.002206,96244.2,212.4,34.46,0.00148,0.001479,97845.3,144.7,38.16,2003,2005
45,0.002398,0.002395,96031.8,230.0,33.54,0.001545,0.001544,97700.5,150.8,37.21,2003,2005
46,0.002665,0.002661,95801.8,255.0,32.62,0.001741,0.00174,97549.7,169.7,36.27,2003,2005
47,0.002973,0.002969,95546.9,283.7,31.7,0.001983,0.001981,97380.0,193.0,35.33,2003,2005
48,0.003326,0.00332,95263.2,316.3,30.8,0.00219,0.002188,97187.0,212.6,34.4,2003,2005
49,0.003556,0.00355,94946.9,337.0,29.9,0.002315,0.002312,96974.4,224.2,33.48,2003,2005
50,0.003969,0.003961,94609.9,374.7,29.0,0.002639,0.002635,96750.2,254.9,32.55,2003,2005
51,0.004323,0.004313,94235.1,406.5,28.11,0.002808,0.002804,96495.2,270.6,31.64,2003,2005
52,0.00475,0.004738,93828.7,444.6,27.23,0.003036,0.003032,96224.6,291.7,30.73,2003,2005
53,0.00503,0.005017,93384.1,468.5,26.36,0.003292,0.003287,95932.9,315.3,29.82,2003,2005
54,0.005507,0.005492,92915.6,510.3,25.49,0.003544,0.003538,95617.6,338.3,28.91,2003,2005
55,0.006072,0.006053,92405.3,559.4,24.63,0.003903,0.003896,95279.3,371.2,28.02,2003,2005
56,0.006476,0.006455,91845.9,592.9,23.78,0.004279,0.00427,94908.1,405.3,27.12,2003,2005
57,0.00729,0.007263,91253.1,662.8,22.93,0.004643,0.004632,94502.9,437.8,26.24,2003,2005
58,0.007809,0.007778,90590.3,704.6,22.09,0.005045,0.005032,94065.1,473.3,25.36,2003,2005
59,0.008772,0.008734,89885.7,785.0,21.26,0.005654,0.005638,93591.8,527.7,24.48,2003,2005
60,0.010134,0.010083,89100.6,898.4,20.44,0.006163,0.006144,93064.1,571.8,23.62,2003,2005
61,0.010938,0.010878,88202.2,959.5,19.65,0.006795,0.006772,92492.3,626.3,22.76,2003,2005
62,0.012518,0.01244,87242.7,1085.3,18.86,0.007449,0.007422,91866.0,681.8,21.91,2003,2005
63,0.013455,0.013365,86157.4,1151.5,18.09,0.008128,0.008095,91184.2,738.1,21.07,2003,2005
64,0.015051,0.014939,85005.9,1269.9,17.33,0.009177,0.009135,90446.1,826.3,20.24,2003,2005
65,0.016178,0.016048,83736.0,1343.8,16.58,0.010052,0.010002,89619.8,896.4,19.42,2003,2005
66,0.017814,0.017657,82392.2,1454.8,15.85,0.011121,0.01106,88723.4,981.2,18.61,2003,2005
67,0.019771,0.019577,80937.4,1584.5,15.12,0.012186,0.012112,87742.2,1062.7,17.82,2003,2005
68,0.021677,0.021444,79352.9,1701.7,14.41,0.013448,0.013359,86679.5,1157.9,17.03,2003,2005
69,0.024019,0.023734,77651.2,1843.0,13.72,0.014906,0.014795,85521.6,1265.3,16.25,2003,2005
70,0.026268,0.025927,75808.2,1965.5,13.04,0.016152,0.016022,84256.2,1350.0,15.49,2003,2005
71,0.029837,0.029399,73842.7,2170.9,12.37,0.018177,0.018013,82906.3,1493.4,14.73,2003,2005
72,0.032954,0.03242,71671.8,2323.6,11.73,0.020778,0.020564,81412.9,1674.2,14.0,2003,2005
73,0.036521,0.035866,69348.3,2487.3,11.11,0.023086,0.022823,79738.7,1819.9,13.28,2003,2005
74,0.041076,0.04025,66861.0,2691.1,10.5,0.026262,0.025922,77918.9,2019.8,12.58,2003,2005
75,0.04528,0.044278,64169.9,2841.3,9.92,0.0297,0.029266,75899.1,2221.2,11.9,2003,2005
76,0.050693,0.04944,61328.6,3032.1,9.36,0.033304,0.032759,73677.8,2413.6,11.24,2003,2005
77,0.056798,0.055229,58296.5,3219.7,8.82,0.037148,0.036471,71264.2,2599.1,10.61,2003,2005
78,0.06249,0.060596,55076.8,3337.5,8.31,0.041771,0.040917,68665.1,2809.5,9.99,2003,2005
79,0.070021,0.067653,51739.4,3500.3,7.81,0.046541,0.045483,65855.6,2995.3,9.39,2003,2005
80,0.076996,0.074142,48239.1,3576.5,7.34,0.05208,0.050759,62860.3,3190.7,8.82,2003,2005
81,0.086148,0.082591,44662.5,3688.7,6.89,0.05858,0.056913,59669.6,3396.0,8.26,2003,2005
82,0.094668,0.090389,40973.8,3703.6,6.46,0.06586,0.06376,56273.6,3588.0,7.73,2003,2005
83,0.104551,0.099357,37270.2,3703.0,6.06,0.073597,0.070985,52685.6,3739.9,7.22,2003,2005
84,0.113203,0.107139,33567.2,3596.4,5.67,0.080609,0.077486,48945.7,3792.6,6.74,2003,2005
85,0.123807,0.11659,29970.8,3494.3,5.29,0.091259,0.087277,45153.1,3940.8,6.26,2003,2005
86,0.138614,0.12963,26476.5,3432.1,4.92,0.102641,0.09763,41212.3,4023.6,5.81,2003,2005
87,0.161044,0.149043,23044.4,3434.6,4.58,0.120192,0.113379,37188.7,4216.4,5.38,2003,2005
88,0.175886,0.161669,19609.8,3170.3,4.29,0.133296,0.124968,32972.3,4120.5,5.01,2003,2005
89,0.194781,0.177495,16439.5,2917.9,4.03,0.149118,0.138772,28851.8,4003.8,4.65,2003,2005
90,0.201439,0.183007,13521.6,2474.5,3.79,0.16225,0.150075,24848.0,3729.1,4.32,2003,2005
91,0.222226,0.200003,11047.0,2209.4,3.52,0.181683,0.166553,21119.0,3517.4,4.0,2003,2005
92,0.246488,0.219443,8837.6,1939.3,3.28,0.2039,0.185036,17601.5,3256.9,3.7,2003,2005
93,0.272062,0.239485,6898.2,1652.0,3.06,0.229941,0.206231,14344.6,2958.3,3.42,2003,2005
94,0.28723,0.25116,5246.2,1317.6,2.87,0.254688,0.225919,11386.3,2572.4,3.18,2003,2005
95,0.326127,0.280404,3928.6,1101.6,2.66,0.277751,0.243882,8813.9,2149.6,2.97,2003,2005
96,0.345687,0.294743,2827.0,833.2,2.5,0.302027,0.262401,6664.4,1748.7,2.76,2003,2005
97,0.374142,0.315181,1993.8,628.4,2.34,0.335092,0.287006,4915.6,1410.8,2.56,2003,2005
98,0.404562,0.336495,1365.4,459.4,2.19,0.365694,0.309164,3504.8,1083.6,2.4,2003,2005
99,0.428571,0.352941,905.9,319.7,2.05,0.390554,0.326748,2421.3,791.1,2.24,2003,2005
100,0.484783,0.390201,586.2,228.7,1.89,0.41909,0.346486,1630.1,564.8,2.09,2003,2005
0,0.005591,0.005576,100000.0,557.6,76.87,0.004564,0.004553,100000.0,455.3,81.24,2004,2006
1,0.000408,0.000408,99442.4,40.5,76.3,0.000384,0.000384,99544.7,38.2,80.62,2004,2006
2,0.000242,0.000242,99401.9,24.0,75.33,0.000186,0.000186,99506.5,18.5,79.65,2004,2006
3,0.000183,0.000183,99377.9,18.2,74.35,0.000146,0.000146,99487.9,14.6,78.66,2004,2006
4,0.000125,0.000125,99359.7,12.4,73.37,0.000116,0.000116,99473.4,11.5,77.67,2004,2006
5,0.000112,0.000112,99347.3,11.1,72.37,9.6e-05,9.6e-05,99461.8,9.5,76.68,2004,2006
6,0.000119,0.000119,99336.2,11.8,71.38,0.000109,0.000109,99452.3,10.8,75.69,2004,2006
7,9.3e-05,9.3e-05,99324.3,9.2,70.39,8.3e-05,8.3e-05,99441.5,8.2,74.7,2004,2006
8,0.000112,0.000112,99315.1,11.1,69.4,8.5e-05,8.5e-05,99433.3,8.5,73.7,2004,2006
9,0.000117,0.000117,99303.9,11.6,68.41,6.8e-05,6.8e-05,99424.8,6.8,72.71,2004,2006
10,0.000118,0.000118,99292.4,11.7,67.41,8.2e-05,8.2e-05,99418.0,8.2,71.71,2004,2006
11,0.000125,0.000125,99280.6,12.4,66.42,8.9e-05,8.9e-05,99409.8,8.8,70.72,2004,2006
12,0.000146,0.000146,99268.2,14.5,65.43,0.000118,0.000118,99401.0,11.7,69.73,2004,2006
13,0.00017,0.00017,99253.7,16.9,64.44,0.000125,0.000125,99389.3,12.5,68.73,2004,2006
14,0.000195,0.000195,99236.9,19.3,63.45,0.000132,0.000132,99376.8,13.1,67.74,2004,2006
15,0.000259,0.000259,99217.6,25.7,62.46,0.000163,0.000163,99363.8,16.2,66.75,2004,2006
16,0.000345,0.000345,99191.9,34.2,61.48,0.000219,0.000219,99347.5,21.8,65.76,2004,2006
17,0.000573,0.000572,99157.7,56.8,60.5,0.000242,0.000242,99325.7,24.0,64.78,2004,2006
18,0.000662,0.000662,99100.9,65.6,59.53,0.000271,0.000271,99301.7,26.9,63.79,2004,2006
19,0.000689,0.000689,99035.3,68.2,58.57,0.00029,0.00029,99274.8,28.8,62.81,2004,2006
20,0.000741,0.00074,98967.1,73.3,57.61,0.000284,0.000284,99246.0,28.2,61.83,2004,2006
21,0.000688,0.000688,98893.9,68.0,56.66,0.000277,0.000277,99217.8,27.5,60.84,2004,2006
22,0.000761,0.00076,98825.9,75.1,55.69,0.000276,0.000276,99190.3,27.4,59.86,2004,2006
23,0.000813,0.000813,98750.7,80.2,54.74,0.000291,0.000291,99162.9,28.9,58.88,2004,2006
24,0.000732,0.000732,98670.5,72.2,53.78,0.000274,0.000274,99134.0,27.2,57.9,2004,2006
25,0.000813,0.000813,98598.3,80.1,52.82,0.0003,0.0003,99106.8,29.7,56.91,2004,2006
26,0.000766,0.000765,98518.1,75.4,51.86,0.000334,0.000334,99077.2,33.1,55.93,2004,2006
27,0.000841,0.000841,98442.7,82.8,50.9,0.000347,0.000347,99044.1,34.4,54.95,2004,2006
28,0.00077,0.000769,98360.0,75.7,49.94,0.00038,0.00038,99009.7,37.6,53.97,2004,2006
29,0.000886,0.000886,98284.3,87.1,48.98,0.000377,0.000377,98972.0,37.3,52.99,2004,2006
30,0.000942,0.000941,98197.2,92.4,48.02,0.000428,0.000427,98934.8,42.3,52.01,2004,2006
31,0.00098,0.000979,98104.8,96.1,47.07,0.00042,0.00042,98892.5,41.5,51.03,2004,2006
32,0.00108,0.00108,98008.7,105.8,46.11,0.000461,0.000461,98850.9,45.5,50.05,2004,2006
33,0.001113,0.001113,97902.9,108.9,45.16,0.000525,0.000525,98805.4,51.9,49.07,2004,2006
34,0.001103,0.001102,97793.9,107.8,44.21,0.000562,0.000562,98753.5,55.5,48.1,2004,2006
35,0.001223,0.001222,97686.1,119.4,43.26,0.000598,0.000598,98698.0,59.0,47.12,2004,2006
36,0.001317,0.001316,97566.8,128.4,42.31,0.00069,0.00069,98639.0,68.0,46.15,2004,2006
37,0.001383,0.001382,97438.4,134.7,41.37,0.000759,0.000759,98571.0,74.8,45.18,2004,2006
38,0.001387,0.001386,97303.7,134.8,40.43,0.000808,0.000808,98496.2,79.6,44.22,2004,2006
39,0.001507,0.001506,97168.9,146.4,39.48,0.000887,0.000887,98416.6,87.3,43.25,2004,2006
40,0.001605,0.001604,97022.5,155.6,38.54,0.00093,0.00093,98329.3,91.4,42.29,2004,2006
41,0.001727,0.001726,96866.9,167.2,37.6,0.001004,0.001003,98237.9,98.5,41.33,2004,2006
42,0.001871,0.001869,96699.7,180.7,36.67,0.001172,0.001171,98139.4,114.9,40.37,2004,2006
43,0.002093,0.002091,96519.0,201.8,35.73,0.001283,0.001282,98024.4,125.7,39.42,2004,2006
44,0.002221,0.002218,96317.2,213.7,34.81,0.001431,0.00143,97898.8,140.0,38.47,2004,2006
45,0.002426,0.002423,96103.5,232.8,33.88,0.001538,0.001537,97758.8,150.2,37.52,2004,2006
46,0.002635,0.002632,95870.7,252.3,32.96,0.001684,0.001683,97608.6,164.2,36.58,2004,2006
47,0.002895,0.002891,95618.4,276.4,32.05,0.001895,0.001894,97444.4,184.5,35.64,2004,2006
48,0.003234,0.003228,95342.0,307.8,31.14,0.002169,0.002167,97259.8,210.7,34.71,2004,2006
49,0.003498,0.003492,95034.2,331.8,30.24,0.002263,0.00226,97049.1,219.4,33.78,2004,2006
50,0.003844,0.003837,94702.4,363.3,29.34,0.002614,0.002611,96829.7,252.8,32.86,2004,2006
51,0.004341,0.004332,94339.1,408.7,28.46,0.002725,0.002721,96577.0,262.8,31.94,2004,2006
52,0.004649,0.004639,93930.4,435.7,27.58,0.002993,0.002989,96314.1,287.9,31.03,2004,2006
53,0.004994,0.004982,93494.7,465.8,26.7,0.003231,0.003225,96026.3,309.7,30.12,2004,2006
54,0.00547,0.005455,93028.9,507.5,25.83,0.003491,0.003485,95716.6,333.6,29.21,2004,2006
55,0.005913,0.005896,92521.4,545.5,24.97,0.003765,0.003758,95383.0,358.4,28.31,2004,2006
56,0.006468,0.006447,91976.0,593.0,24.12,0.004274,0.004265,95024.6,405.2,27.42,2004,2006
57,0.007029,0.007005,91383.0,640.1,23.27,0.004594,0.004584,94619.3,433.7,26.53,2004,2006
58,0.00758,0.007551,90742.9,685.2,22.43,0.004869,0.004857,94185.6,457.4,25.65,2004,2006
59,0.008296,0.008261,90057.6,744.0,21.6,0.005425,0.00541,93728.2,507.1,24.78,2004,2006
60,0.009711,0.009664,89313.6,863.1,20.78,0.005929,0.005911,93221.1,551.1,23.91,2004,2006
61,0.010641,0.010585,88450.5,936.2,19.97,0.006591,0.006569,92670.0,608.8,23.05,2004,2006
62,0.011991,0.011919,87514.3,1043.1,19.18,0.007258,0.007232,92061.3,665.8,22.2,2004,2006
63,0.012929,0.012846,86471.2,1110.8,18.41,0.008024,0.007992,91395.5,730.5,21.35,2004,2006
64,0.01452,0.014415,85360.3,1230.5,17.64,0.00893,0.00889,90665.1,806.0,20.52,2004,2006
65,0.015796,0.015672,84129.8,1318.5,16.89,0.009682,0.009635,89859.0,865.8,19.7,2004,2006
66,0.017236,0.017088,82811.4,1415.1,16.15,0.010841,0.010782,88993.2,959.6,18.89,2004,2006
67,0.018998,0.018819,81396.3,1531.8,15.42,0.011812,0.011742,88033.7,1033.7,18.09,2004,2006
68,0.020796,0.020582,79864.5,1643.8,14.71,0.013172,0.013085,87000.0,1138.4,17.3,2004,2006
69,0.022692,0.022437,78220.7,1755.1,14.01,0.014144,0.014045,85861.5,1205.9,16.52,2004,2006
70,0.02529,0.024975,76465.6,1909.7,13.32,0.015622,0.015501,84655.6,1312.2,15.75,2004,2006
71,0.028398,0.028001,74555.9,2087.6,12.65,0.017526,0.017373,83343.4,1447.9,14.99,2004,2006
72,0.031566,0.031076,72468.3,2252.0,12.0,0.019814,0.01962,81895.4,1606.8,14.25,2004,2006
73,0.034512,0.033926,70216.3,2382.2,11.37,0.022074,0.021833,80288.7,1752.9,13.52,2004,2006
74,0.038757,0.03802,67834.1,2579.1,10.75,0.025291,0.024975,78535.7,1961.4,12.81,2004,2006
75,0.042927,0.042025,65255.1,2742.3,10.15,0.028314,0.027919,76574.3,2137.8,12.13,2004,2006
76,0.048212,0.047077,62512.7,2942.9,9.58,0.031708,0.031213,74436.5,2323.4,11.46,2004,2006
77,0.054105,0.05268,59569.8,3138.1,9.02,0.035526,0.034906,72113.0,2517.2,10.81,2004,2006
78,0.060023,0.058274,56431.7,3288.5,8.5,0.040299,0.039503,69595.9,2749.3,10.19,2004,2006
79,0.066722,0.064568,53143.2,3431.3,7.99,0.044719,0.043741,66846.6,2923.9,9.59,2004,2006
80,0.07393,0.071294,49711.8,3544.2,7.51,0.050047,0.048825,63922.7,3121.0,9.0,2004,2006
81,0.081958,0.078732,46167.6,3634.9,7.05,0.056843,0.055272,60801.7,3360.6,8.44,2004,2006
82,0.091295,0.08731,42532.8,3713.5,6.61,0.063119,0.061188,57441.1,3514.7,7.9,2004,2006
83,0.101262,0.096382,38819.2,3741.5,6.19,0.070952,0.068521,53926.3,3695.1,7.38,2004,2006
84,0.112716,0.106702,35077.7,3742.9,5.8,0.079714,0.076659,50231.2,3850.7,6.89,2004,2006
85,0.119436,0.112706,31334.9,3531.6,5.43,0.087566,0.083893,46380.6,3891.0,6.42,2004,2006
86,0.134573,0.126089,27803.2,3505.7,5.06,0.098067,0.093483,42489.6,3972.1,5.96,2004,2006
87,0.146244,0.136279,24297.6,3311.2,4.72,0.110738,0.104929,38517.5,4041.6,5.53,2004,2006
88,0.171516,0.157969,20986.3,3315.2,4.38,0.12973,0.121828,34475.9,4200.1,5.12,2004,2006
89,0.189011,0.172691,17671.1,3051.6,4.11,0.14366,0.134033,30275.8,4058.0,4.76,2004,2006
90,0.195892,0.178417,14619.5,2608.4,3.86,0.156769,0.145374,26217.9,3811.4,4.42,2004,2006
91,0.21824,0.196768,12011.1,2363.4,3.6,0.177571,0.163091,22406.5,3654.3,4.08,2004,2006
92,0.238421,0.213026,9647.7,2055.2,3.35,0.198032,0.18019,18752.2,3379.0,3.78,2004,2006
93,0.262418,0.23198,7592.5,1761.3,3.13,0.222613,0.200316,15373.2,3079.5,3.5,2004,2006
94,0.282495,0.247532,5831.2,1443.4,2.92,0.247806,0.220487,12293.7,2710.6,3.25,2004,2006
95,0.316275,0.273089,4387.8,1198.3,2.71,0.271357,0.238938,9583.1,2289.8,3.03,2004,2006
96,0.339367,0.290136,3189.5,925.4,2.55,0.295511,0.257468,7293.3,1877.8,2.82,2004,2006
97,0.374568,0.315483,2264.1,714.3,2.38,0.32338,0.278371,5415.5,1507.5,2.63,2004,2006
98,0.406306,0.337701,1549.8,523.4,2.25,0.35356,0.300447,3908.0,1174.2,2.45,2004,2006
99,0.407506,0.338529,1026.5,347.5,2.14,0.382874,0.321355,2733.9,878.5,2.29,2004,2006
100,0.455016,0.370683,679.0,251.7,1.99,0.408981,0.339547,1855.3,630.0,2.14,2004,2006
0,0.005522,0.005507,100000.0,550.7,77.14,0.004453,0.004443,100000.0,444.3,81.44,2005,2007
1,0.000401,0.000401,99449.3,39.9,76.57,0.00037,0.00037,99555.7,36.9,80.81,2005,2007
2,0.000259,0.000259,99409.5,25.7,75.6,0.00018,0.00018,99518.9,18.0,79.84,2005,2007
3,0.00018,0.00018,99383.8,17.9,74.62,0.000147,0.000147,99500.9,14.6,78.85,2005,2007
4,0.00013,0.00013,99365.9,12.9,73.63,0.000104,0.000104,99486.3,10.4,77.86,2005,2007
5,0.000118,0.000118,99353.0,11.7,72.64,9.2e-05,9.2e-05,99475.9,9.1,76.87,2005,2007
6,0.000119,0.000119,99341.2,11.8,71.65,0.000101,0.000101,99466.8,10.1,75.88,2005,2007
7,9.1e-05,9.1e-05,99329.4,9.1,70.66,8.2e-05,8.2e-05,99456.8,8.2,74.88,2005,2007
8,0.000112,0.000112,99320.4,11.2,69.66,8e-05,8e-05,99448.6,8.0,73.89,2005,2007
9,0.000115,0.000115,99309.2,11.4,68.67,6.9e-05,6.9e-05,99440.6,6.9,72.9,2005,2007
10,0.000102,0.000102,99297.7,10.1,67.68,9.4e-05,9.4e-05,99433.7,9.3,71.9,2005,2007
11,0.000132,0.000132,99287.6,13.1,66.69,9.5e-05,9.5e-05,99424.4,9.4,70.91,2005,2007
12,0.000141,0.000141,99274.5,14.0,65.69,0.000115,0.000115,99415.0,11.5,69.92,2005,2007
13,0.000178,0.000178,99260.5,17.6,64.7,0.000122,0.000122,99403.5,12.1,68.92,2005,2007
14,0.000196,0.000196,99242.9,19.5,63.71,0.000135,0.000135,99391.4,13.5,67.93,2005,2007
15,0.000255,0.000255,99223.4,25.3,62.73,0.000148,0.000148,99378.0,14.7,66.94,2005,2007
16,0.00035,0.00035,99198.1,34.7,61.74,0.000202,0.000202,99363.2,20.1,65.95,2005,2007
17,0.00056,0.000559,99163.4,55.5,60.76,0.00025,0.00025,99343.1,24.8,64.96,2005,2007
18,0.000645,0.000645,99107.9,63.9,59.8,0.000266,0.000266,99318.3,26.4,63.98,2005,2007
19,0.000693,0.000692,99043.9,68.6,58.84,0.000258,0.000258,99291.9,25.7,63.0,2005,2007
20,0.000712,0.000712,98975.4,70.5,57.88,0.000257,0.000257,99266.2,25.5,62.01,2005,2007
21,0.000722,0.000721,98904.9,71.3,56.92,0.000265,0.000265,99240.7,26.3,61.03,2005,2007
22,0.000724,0.000724,98833.5,71.5,55.96,0.000266,0.000266,99214.3,26.4,60.04,2005,2007
23,0.000763,0.000763,98762.0,75.3,55.0,0.000262,0.000262,99188.0,26.0,59.06,2005,2007
24,0.000745,0.000744,98686.7,73.5,54.04,0.000281,0.000281,99162.0,27.9,58.08,2005,2007
25,0.000781,0.000781,98613.2,77.0,53.08,0.000275,0.000274,99134.1,27.2,57.09,2005,2007
26,0.000752,0.000751,98536.2,74.0,52.12,0.000325,0.000325,99106.9,32.2,56.11,2005,2007
27,0.000805,0.000805,98462.2,79.3,51.16,0.000318,0.000318,99074.7,31.5,55.13,2005,2007
28,0.000761,0.000761,98382.9,74.9,50.2,0.000362,0.000362,99043.1,35.8,54.14,2005,2007
29,0.00085,0.00085,98308.1,83.5,49.24,0.000371,0.000371,99007.3,36.7,53.16,2005,2007
30,0.000952,0.000952,98224.5,93.5,48.28,0.000406,0.000406,98970.6,40.2,52.18,2005,2007
31,0.000982,0.000982,98131.0,96.4,47.33,0.000401,0.000401,98930.4,39.7,51.2,2005,2007
32,0.001073,0.001072,98034.7,105.1,46.37,0.000464,0.000464,98890.7,45.9,50.22,2005,2007
33,0.001132,0.001131,97929.6,110.8,45.42,0.000521,0.000521,98844.8,51.5,49.25,2005,2007
34,0.00112,0.001119,97818.8,109.5,44.47,0.000548,0.000548,98793.4,54.1,48.27,2005,2007
35,0.001217,0.001216,97709.3,118.8,43.52,0.000586,0.000586,98739.3,57.9,47.3,2005,2007
36,0.001294,0.001293,97590.5,126.2,42.57,0.000658,0.000658,98681.4,65.0,46.33,2005,2007
37,0.001367,0.001366,97464.2,133.2,41.63,0.000742,0.000741,98616.5,73.1,45.36,2005,2007
38,0.001384,0.001384,97331.1,134.7,40.68,0.00077,0.00077,98543.4,75.9,44.39,2005,2007
39,0.001491,0.00149,97196.4,144.8,39.74,0.000883,0.000883,98467.5,86.9,43.42,2005,2007
40,0.001591,0.001589,97051.6,154.2,38.8,0.000971,0.00097,98380.6,95.5,42.46,2005,2007
41,0.001749,0.001748,96897.3,169.4,37.86,0.001016,0.001016,98285.1,99.8,41.5,2005,2007
42,0.00192,0.001919,96728.0,185.6,36.93,0.001166,0.001165,98185.3,114.4,40.54,2005,2007
43,0.002039,0.002036,96542.4,196.6,36.0,0.001265,0.001265,98070.9,124.0,39.59,2005,2007
44,0.00216,0.002158,96345.8,207.9,35.07,0.00137,0.001369,97946.8,134.1,38.64,2005,2007
45,0.00243,0.002427,96137.9,233.4,34.14,0.001529,0.001528,97812.8,149.4,37.69,2005,2007
46,0.002568,0.002564,95904.6,245.9,33.22,0.001607,0.001606,97663.3,156.8,36.75,2005,2007
47,0.00283,0.002826,95658.6,270.3,32.31,0.001851,0.001849,97506.5,180.3,35.81,2005,2007
48,0.003111,0.003106,95388.3,296.3,31.4,0.002157,0.002154,97326.2,209.7,34.87,2005,2007
49,0.003359,0.003353,95092.0,318.9,30.49,0.002249,0.002246,97116.5,218.1,33.95,2005,2007
50,0.003757,0.00375,94773.2,355.4,29.6,0.002572,0.002568,96898.4,248.9,33.02,2005,2007
51,0.004202,0.004193,94417.8,395.9,28.71,0.002664,0.00266,96649.5,257.1,32.11,2005,2007
52,0.004464,0.004454,94021.9,418.8,27.82,0.002961,0.002957,96392.4,285.0,31.19,2005,2007
53,0.004961,0.004949,93603.1,463.2,26.95,0.003205,0.0032,96107.4,307.5,30.28,2005,2007
54,0.005402,0.005388,93139.9,501.8,26.08,0.003522,0.003516,95799.9,336.9,29.38,2005,2007
55,0.005981,0.005963,92638.1,552.4,25.22,0.003805,0.003798,95463.0,362.5,28.48,2005,2007
56,0.006485,0.006464,92085.7,595.2,24.36,0.004236,0.004227,95100.5,402.0,27.58,2005,2007
57,0.006916,0.006892,91490.4,630.6,23.52,0.004568,0.004558,94698.5,431.6,26.7,2005,2007
58,0.007561,0.007533,90859.9,684.4,22.68,0.004782,0.004771,94266.9,449.7,25.82,2005,2007
59,0.008176,0.008143,90175.5,734.3,21.85,0.005286,0.005272,93817.2,494.6,24.94,2005,2007
60,0.009153,0.009111,89441.2,814.9,21.02,0.00568,0.005664,93322.6,528.6,24.07,2005,2007
61,0.010428,0.010374,88626.3,919.4,20.21,0.006631,0.006609,92794.0,613.3,23.2,2005,2007
62,0.011544,0.011478,87706.9,1006.7,19.42,0.007061,0.007037,92180.7,648.6,22.36,2005,2007
63,0.012619,0.01254,86700.2,1087.2,18.64,0.007941,0.007909,91532.0,724.0,21.51,2005,2007
64,0.014097,0.013999,85612.9,1198.5,17.87,0.008741,0.008703,90808.1,790.3,20.68,2005,2007
65,0.015391,0.015274,84414.5,1289.3,17.12,0.009514,0.009469,90017.8,852.4,19.86,2005,2007
66,0.01677,0.01663,83125.2,1382.4,16.37,0.010639,0.010583,89165.4,943.6,19.04,2005,2007
67,0.018375,0.018208,81742.8,1488.3,15.64,0.011596,0.011529,88221.8,1017.1,18.24,2005,2007
68,0.020293,0.020089,80254.4,1612.2,14.92,0.012644,0.012564,87204.6,1095.7,17.45,2005,2007
69,0.021921,0.021683,78642.2,1705.2,14.22,0.013931,0.013834,86109.0,1191.3,16.66,2005,2007
70,0.024096,0.02381,76937.0,1831.8,13.52,0.015407,0.015289,84917.7,1298.3,15.89,2005,2007
71,0.027242,0.026876,75105.1,2018.5,12.84,0.017111,0.016966,83619.4,1418.7,15.13,2005,2007
72,0.030139,0.029691,73086.6,2170.0,12.18,0.019199,0.019017,82200.7,1563.2,14.38,2005,2007
73,0.033051,0.032514,70916.6,2305.8,11.54,0.021371,0.021145,80637.5,1705.1,13.65,2005,2007
74,0.037396,0.03671,68610.8,2518.7,10.91,0.024414,0.02412,78932.4,1903.8,12.93,2005,2007
75,0.04122,0.040387,66092.1,2669.3,10.31,0.027174,0.02681,77028.6,2065.1,12.24,2005,2007
76,0.04661,0.045549,63422.8,2888.8,9.72,0.030627,0.030165,74963.5,2261.3,11.56,2005,2007
77,0.052106,0.050783,60534.0,3074.1,9.16,0.03446,0.033876,72702.2,2462.9,10.91,2005,2007
78,0.057345,0.055746,57459.9,3203.2,8.62,0.038845,0.038105,70239.3,2676.5,10.27,2005,2007
79,0.06439,0.062381,54256.7,3384.6,8.1,0.044076,0.043126,67562.8,2913.7,9.66,2005,2007
80,0.071407,0.068946,50872.1,3507.4,7.61,0.049328,0.048141,64649.1,3112.3,9.07,2005,2007
81,0.079939,0.076866,47364.7,3640.7,7.13,0.055534,0.054033,61536.8,3325.0,8.51,2005,2007
82,0.089311,0.085494,43723.9,3738.1,6.68,0.061862,0.060006,58211.8,3493.1,7.96,2005,2007
83,0.098713,0.09407,39985.8,3761.5,6.26,0.070071,0.067699,54718.7,3704.4,7.44,2005,2007
84,0.109873,0.104151,36224.4,3772.8,5.86,0.078849,0.075858,51014.4,3869.9,6.94,2005,2007
85,0.120854,0.113967,32451.6,3698.4,5.48,0.0884,0.084658,47144.5,3991.1,6.47,2005,2007
86,0.132085,0.123902,28753.1,3562.6,5.13,0.096565,0.092118,43153.3,3975.2,6.02,2005,2007
87,0.144139,0.13445,25190.6,3386.9,4.78,0.108782,0.10317,39178.2,4042.0,5.59,2005,2007
88,0.156453,0.145102,21803.7,3163.8,4.44,0.121465,0.114511,35136.1,4023.5,5.17,2005,2007
89,0.190052,0.17356,18640.0,3235.1,4.11,0.143433,0.133835,31112.7,4164.0,4.77,2005,2007
90,0.197915,0.180093,15404.8,2774.3,3.87,0.155672,0.14443,26948.7,3892.2,4.43,2005,2007
91,0.214036,0.193345,12630.5,2442.0,3.61,0.175294,0.161168,23056.5,3716.0,4.1,2005,2007
92,0.237645,0.212406,10188.5,2164.1,3.36,0.19611,0.178597,19340.5,3454.2,3.79,2005,2007
93,0.262506,0.232049,8024.4,1862.0,3.13,0.222019,0.199836,15886.4,3174.7,3.51,2005,2007
94,0.275078,0.241819,6162.3,1490.2,2.92,0.243662,0.2172,12711.7,2761.0,3.26,2005,2007
95,0.316769,0.273458,4672.2,1277.6,2.7,0.272405,0.239751,9950.7,2385.7,3.02,2005,2007
96,0.340224,0.290762,3394.5,987.0,2.53,0.299702,0.260644,7565.0,1971.8,2.82,2005,2007
97,0.379971,0.319307,2407.5,768.7,2.36,0.318828,0.274991,5593.2,1538.1,2.63,2005,2007
98,0.419703,0.346905,1638.8,568.5,2.23,0.353766,0.300596,4055.2,1219.0,2.44,2005,2007
99,0.409043,0.33959,1070.3,363.5,2.14,0.381191,0.320168,2836.2,908.1,2.28,2005,2007
100,0.452996,0.369341,706.8,261.1,1.99,0.419046,0.346455,1928.1,668.0,2.11,2005,2007
0,0.005357,0.005342,100000.0,534.2,77.38,0.004375,0.004366,100000.0,436.6,81.61,2006,2008
1,0.000392,0.000392,99465.8,39.0,76.8,0.000352,0.000352,99563.4,35.0,80.97,2006,2008
2,0.000234,0.000234,99426.8,23.3,75.83,0.000192,0.000192,99528.4,19.1,79.99,2006,2008
3,0.00017,0.00017,99403.5,16.9,74.84,0.000161,0.000161,99509.3,16.0,79.01,2006,2008
4,0.000133,0.000133,99386.7,13.2,73.86,0.000117,0.000117,99493.3,11.6,78.02,2006,2008
5,0.000128,0.000128,99373.4,12.7,72.87,9.5e-05,9.5e-05,99481.7,9.4,77.03,2006,2008
6,0.000112,0.000112,99360.7,11.1,71.87,9.6e-05,9.6e-05,99472.2,9.6,76.04,2006,2008
7,9.9e-05,9.9e-05,99349.6,9.8,70.88,8e-05,8e-05,99462.6,8.0,75.05,2006,2008
8,0.000123,0.000123,99339.8,12.2,69.89,8.8e-05,8.8e-05,99454.7,8.7,74.05,2006,2008
9,0.000118,0.000118,99327.6,11.7,68.9,7.6e-05,7.6e-05,99446.0,7.6,73.06,2006,2008
10,0.000102,0.000102,99315.9,10.2,67.91,9.1e-05,9.1e-05,99438.4,9.0,72.06,2006,2008
11,0.000116,0.000116,99305.7,11.6,66.91,9.5e-05,9.5e-05,99429.3,9.4,71.07,2006,2008
12,0.000117,0.000117,99294.1,11.6,65.92,9.8e-05,9.8e-05,99419.9,9.7,70.08,2006,2008
13,0.000158,0.000158,99282.5,15.7,64.93,0.000116,0.000116,99410.2,11.5,69.08,2006,2008
14,0.000181,0.000181,99266.8,17.9,63.94,0.000117,0.000117,99398.7,11.6,68.09,2006,2008
15,0.000248,0.000248,99248.9,24.6,62.95,0.000156,0.000156,99387.1,15.5,67.1,2006,2008
16,0.000354,0.000354,99224.3,35.2,61.97,0.000172,0.000172,99371.5,17.1,66.11,2006,2008
17,0.000533,0.000533,99189.1,52.9,60.99,0.000245,0.000245,99354.5,24.3,65.12,2006,2008
18,0.000615,0.000614,99136.2,60.9,60.02,0.000271,0.000271,99330.2,26.9,64.14,2006,2008
19,0.000669,0.000668,99075.3,66.2,59.06,0.000257,0.000257,99303.3,25.5,63.15,2006,2008
20,0.00073,0.00073,99009.1,72.3,58.1,0.000241,0.000241,99277.8,23.9,62.17,2006,2008
21,0.00069,0.00069,98936.8,68.3,57.14,0.000264,0.000264,99253.9,26.2,61.19,2006,2008
22,0.000728,0.000728,98868.5,72.0,56.18,0.000263,0.000263,99227.7,26.1,60.2,2006,2008
23,0.000746,0.000746,98796.5,73.7,55.22,0.000244,0.000244,99201.6,24.2,59.22,2006,2008
24,0.000746,0.000745,98722.8,73.6,54.26,0.000285,0.000285,99177.4,28.3,58.23,2006,2008
25,0.000749,0.000749,98649.3,73.9,53.3,0.000276,0.000275,99149.1,27.3,57.25,2006,2008
26,0.000776,0.000776,98575.4,76.5,52.34,0.000323,0.000323,99121.8,32.0,56.26,2006,2008
27,0.000801,0.000801,98498.9,78.9,51.38,0.000299,0.000299,99089.7,29.7,55.28,2006,2008
28,0.000812,0.000812,98420.0,79.9,50.42,0.000345,0.000345,99060.1,34.2,54.3,2006,2008
29,0.000862,0.000861,98340.1,84.7,49.46,0.000369,0.000368,99025.9,36.5,53.32,2006,2008
30,0.000926,0.000925,98255.4,90.9,48.5,0.000405,0.000405,98989.4,40.1,52.34,2006,2008
31,0.000995,0.000995,98164.5,97.7,47.55,0.000396,0.000395,98949.3,39.1,51.36,2006,2008
32,0.001049,0.001048,98066.8,102.8,46.59,0.000476,0.000476,98910.2,47.1,50.38,2006,2008
33,0.001114,0.001114,97964.0,109.1,45.64,0.000529,0.000529,98863.1,52.3,49.4,2006,2008
34,0.00116,0.00116,97854.9,113.5,44.69,0.000568,0.000568,98810.8,56.1,48.43,2006,2008
35,0.001271,0.00127,97741.5,124.2,43.74,0.000592,0.000592,98754.7,58.4,47.45,2006,2008
36,0.001274,0.001274,97617.3,124.3,42.8,0.000639,0.000638,98696.3,63.0,46.48,2006,2008
37,0.001326,0.001325,97493.0,129.2,41.85,0.000722,0.000721,98633.3,71.1,45.51,2006,2008
38,0.001448,0.001447,97363.7,140.8,40.91,0.000792,0.000791,98562.1,78.0,44.54,2006,2008
39,0.001514,0.001513,97222.9,147.1,39.97,0.000894,0.000894,98484.1,88.0,43.58,2006,2008
40,0.001607,0.001606,97075.8,155.9,39.03,0.000979,0.000979,98396.1,96.3,42.62,2006,2008
41,0.001756,0.001755,96919.9,170.1,38.09,0.001056,0.001055,98299.8,103.7,41.66,2006,2008
42,0.001895,0.001893,96749.9,183.2,37.15,0.001149,0.001148,98196.1,112.7,40.7,2006,2008
43,0.002013,0.002011,96566.7,194.2,36.22,0.001264,0.001263,98083.4,123.9,39.75,2006,2008
44,0.002151,0.002148,96372.4,207.0,35.29,0.001338,0.001337,97959.5,131.0,38.8,2006,2008
45,0.002397,0.002394,96165.4,230.2,34.37,0.001529,0.001527,97828.5,149.4,37.85,2006,2008
46,0.002545,0.002542,95935.2,243.9,33.45,0.001646,0.001645,97679.0,160.7,36.91,2006,2008
47,0.002839,0.002835,95691.3,271.3,32.53,0.001827,0.001826,97518.4,178.0,35.97,2006,2008
48,0.003024,0.003019,95420.0,288.1,31.63,0.002067,0.002065,97340.3,201.0,35.03,2006,2008
49,0.00332,0.003315,95131.9,315.4,30.72,0.002152,0.00215,97139.4,208.8,34.1,2006,2008
50,0.003689,0.003682,94816.6,349.1,29.82,0.00256,0.002557,96930.5,247.9,33.17,2006,2008
51,0.004094,0.004086,94467.4,386.0,28.93,0.002692,0.002689,96682.7,260.0,32.26,2006,2008
52,0.00435,0.004341,94081.4,408.4,28.05,0.002863,0.002858,96422.7,275.6,31.34,2006,2008
53,0.004945,0.004933,93673.1,462.1,27.17,0.003159,0.003154,96147.1,303.3,30.43,2006,2008
54,0.005381,0.005367,93211.0,500.3,26.3,0.003539,0.003533,95843.8,338.6,29.53,2006,2008
55,0.005929,0.005911,92710.7,548.0,25.44,0.003758,0.00375,95505.2,358.2,28.63,2006,2008
56,0.006463,0.006442,92162.6,593.7,24.59,0.004154,0.004146,95147.0,394.5,27.74,2006,2008
57,0.006864,0.00684,91568.9,626.3,23.74,0.004399,0.004389,94752.5,415.9,26.85,2006,2008
58,0.007523,0.007495,90942.6,681.6,22.9,0.004737,0.004726,94336.6,445.8,25.97,2006,2008
59,0.008038,0.008006,90261.0,722.6,22.07,0.005305,0.00529,93890.8,496.7,25.09,2006,2008
60,0.008848,0.008809,89538.4,788.7,21.24,0.005709,0.005693,93394.1,531.7,24.22,2006,2008
61,0.009956,0.009906,88749.7,879.2,20.43,0.006461,0.00644,92862.4,598.1,23.35,2006,2008
62,0.011199,0.011137,87870.5,978.6,19.63,0.006958,0.006934,92264.4,639.8,22.5,2006,2008
63,0.012349,0.012274,86891.9,1066.5,18.84,0.00783,0.007799,91624.6,714.6,21.65,2006,2008
64,0.013498,0.013407,85825.4,1150.7,18.07,0.008518,0.008482,90910.0,771.1,20.82,2006,2008
65,0.014981,0.01487,84674.7,1259.1,17.31,0.009237,0.009194,90139.0,828.8,19.99,2006,2008
66,0.016421,0.016288,83415.6,1358.6,16.56,0.010167,0.010116,89310.2,903.4,19.18,2006,2008
67,0.017833,0.017676,82057.0,1450.4,15.83,0.011373,0.011308,88406.8,999.7,18.37,2006,2008
68,0.019933,0.019736,80606.5,1590.9,15.11,0.012432,0.012355,87407.0,1079.9,17.57,2006,2008
69,0.021579,0.021349,79015.7,1686.9,14.4,0.013644,0.013551,86327.1,1169.8,16.78,2006,2008
70,0.023584,0.02331,77328.8,1802.5,13.7,0.015219,0.015104,85157.3,1286.2,16.01,2006,2008
71,0.026141,0.025804,75526.3,1948.9,13.02,0.016732,0.016593,83871.1,1391.7,15.25,2006,2008
72,0.029101,0.028683,73577.4,2110.4,12.35,0.018567,0.018396,82479.4,1517.3,14.49,2006,2008
73,0.032084,0.031578,71467.0,2256.8,11.7,0.021088,0.020868,80962.1,1689.5,13.76,2006,2008
74,0.035522,0.034902,69210.2,2415.6,11.07,0.023832,0.023552,79272.6,1867.0,13.04,2006,2008
75,0.04007,0.039283,66794.7,2623.9,10.45,0.026306,0.025965,77405.6,2009.8,12.34,2006,2008
76,0.044559,0.043587,64170.8,2797.0,9.85,0.02971,0.029275,75395.8,2207.2,11.66,2006,2008
77,0.049797,0.048588,61373.7,2982.0,9.28,0.033379,0.032831,73188.6,2402.9,10.99,2006,2008
78,0.055432,0.053938,58391.7,3149.5,8.73,0.037564,0.036872,70785.7,2610.0,10.35,2006,2008
79,0.062549,0.060652,55242.2,3350.5,8.2,0.042919,0.042017,68175.7,2864.5,9.73,2006,2008
80,0.069366,0.067041,51891.7,3478.9,7.7,0.048482,0.047335,65311.2,3091.5,9.13,2006,2008
81,0.07772,0.074813,48412.8,3621.9,7.21,0.054567,0.053118,62219.7,3305.0,8.56,2006,2008
82,0.087185,0.083543,44790.9,3742.0,6.76,0.060708,0.058919,58914.7,3471.2,8.01,2006,2008
83,0.096224,0.091807,41048.9,3768.6,6.33,0.068812,0.066524,55443.5,3688.3,7.48,2006,2008
84,0.107307,0.101843,37280.4,3796.7,5.91,0.077711,0.074804,51755.2,3871.5,6.98,2006,2008
85,0.11968,0.112922,33483.6,3781.1,5.53,0.087256,0.083608,47883.7,4003.5,6.51,2006,2008
86,0.134436,0.125969,29702.6,3741.6,5.17,0.097702,0.093151,43880.2,4087.5,6.05,2006,2008
87,0.141886,0.132487,25961.0,3439.5,4.84,0.107459,0.10198,39792.7,4058.1,5.62,2006,2008
88,0.156277,0.144951,22521.5,3264.5,4.5,0.122008,0.114993,35734.7,4109.2,5.21,2006,2008
89,0.170518,0.157122,19257.0,3025.7,4.18,0.133992,0.125579,31625.4,3971.5,4.82,2006,2008
90,0.196757,0.179134,16231.3,2907.6,3.87,0.155334,0.144139,27653.9,3986.0,4.44,2006,2008
91,0.215083,0.194199,13323.7,2587.5,3.61,0.174842,0.160786,23667.9,3805.5,4.1,2006,2008
92,0.236541,0.211524,10736.3,2271.0,3.35,0.196829,0.179194,19862.4,3559.2,3.79,2006,2008
93,0.259553,0.229738,8465.3,1944.8,3.12,0.22015,0.19832,16303.2,3233.2,3.51,2006,2008
94,0.276436,0.242867,6520.5,1583.6,2.9,0.243189,0.216824,13070.0,2833.9,3.25,2006,2008
95,0.317502,0.274004,4936.9,1352.7,2.67,0.269948,0.237845,10236.1,2434.6,3.02,2006,2008
96,0.344694,0.29402,3584.2,1053.8,2.49,0.301805,0.262233,7801.5,2045.8,2.8,2006,2008
97,0.388524,0.325326,2530.3,823.2,2.32,0.321921,0.277289,5755.7,1596.0,2.62,2006,2008
98,0.413531,0.342677,1707.2,585.0,2.19,0.359101,0.304439,4159.7,1266.4,2.43,2006,2008
99,0.429526,0.353588,1122.2,396.8,2.08,0.381503,0.320388,2893.3,927.0,2.28,2006,2008
100,0.471019,0.381234,725.4,276.5,1.94,0.421863,0.348379,1966.3,685.0,2.12,2006,2008
0,0.005246,0.005232,100000.0,523.2,77.68,0.004253,0.004244,100000.0,424.4,81.84,2007,2009
1,0.000364,0.000363,99476.8,36.2,77.09,0.000299,0.000299,99575.6,29.8,81.19,2007,2009
2,0.000218,0.000218,99440.6,21.6,76.11,0.000191,0.000191,99545.8,19.0,80.22,2007,2009
3,0.000155,0.000155,99419.0,15.4,75.13,0.000161,0.000161,99526.8,16.0,79.23,2007,2009
4,0.00012,0.00012,99403.6,12.0,74.14,0.000121,0.000121,99510.8,12.0,78.24,2007,2009
5,0.000124,0.000124,99391.6,12.3,73.15,9.9e-05,9.9e-05,99498.8,9.8,77.25,2007,2009
6,0.000113,0.000113,99379.3,11.3,72.16,8.7e-05,8.7e-05,99489.0,8.6,76.26,2007,2009
7,9.3e-05,9.3e-05,99368.0,9.3,71.17,8.3e-05,8.3e-05,99480.4,8.2,75.27,2007,2009
8,0.000117,0.000117,99358.7,11.6,70.17,7.4e-05,7.4e-05,99472.2,7.3,74.27,2007,2009
9,9.8e-05,9.8e-05,99347.1,9.7,69.18,9.6e-05,9.6e-05,99464.8,9.5,73.28,2007,2009
10,8.8e-05,8.8e-05,99337.4,8.8,68.19,9e-05,9e-05,99455.3,8.9,72.29,2007,2009
11,0.000105,0.000105,99328.7,10.4,67.19,9.3e-05,9.3e-05,99446.4,9.3,71.29,2007,2009
12,0.000111,0.000111,99318.3,11.1,66.2,0.0001,0.0001,99437.1,9.9,70.3,2007,2009
13,0.000139,0.000139,99307.2,13.8,65.21,0.000109,0.000109,99427.2,10.9,69.31,2007,2009
14,0.000164,0.000164,99293.4,16.3,64.22,0.000117,0.000117,99416.3,11.6,68.31,2007,2009
15,0.00025,0.00025,99277.1,24.8,63.23,0.000145,0.000145,99404.7,14.4,67.32,2007,2009
16,0.000332,0.000332,99252.3,33.0,62.24,0.000177,0.000177,99390.3,17.6,66.33,2007,2009
17,0.000506,0.000506,99219.3,50.2,61.26,0.000226,0.000226,99372.7,22.5,65.34,2007,2009
18,0.000597,0.000596,99169.2,59.1,60.3,0.000261,0.000261,99350.3,25.9,64.36,2007,2009
19,0.000644,0.000644,99110.0,63.8,59.33,0.000253,0.000253,99324.4,25.1,63.37,2007,2009
20,0.000696,0.000696,99046.2,69.0,58.37,0.000238,0.000238,99299.2,23.6,62.39,2007,2009
21,0.000683,0.000682,98977.3,67.5,57.41,0.00027,0.00027,99275.6,26.8,61.41,2007,2009
22,0.000681,0.000681,98909.7,67.4,56.45,0.000249,0.000249,99248.8,24.7,60.42,2007,2009
23,0.000707,0.000707,98842.3,69.9,55.49,0.00025,0.00025,99224.1,24.8,59.44,2007,2009
24,0.000723,0.000722,98772.5,71.4,54.52,0.000266,0.000266,99199.4,26.4,58.45,2007,2009
25,0.000728,0.000728,98701.1,71.9,53.56,0.000277,0.000277,99172.9,27.4,57.47,2007,2009
26,0.000801,0.0008,98629.3,79.0,52.6,0.000306,0.000305,99145.5,30.3,56.48,2007,2009
27,0.000766,0.000765,98550.3,75.4,51.64,0.0003,0.0003,99115.2,29.8,55.5,2007,2009
28,0.000838,0.000838,98474.9,82.5,50.68,0.000329,0.000329,99085.5,32.6,54.52,2007,2009
29,0.000824,0.000824,98392.4,81.1,49.73,0.000381,0.000381,99052.9,37.7,53.53,2007,2009
30,0.000914,0.000913,98311.3,89.8,48.77,0.000402,0.000402,99015.1,39.8,52.55,2007,2009
31,0.000943,0.000943,98221.5,92.6,47.81,0.000416,0.000416,98975.3,41.2,51.57,2007,2009
32,0.000993,0.000992,98128.9,97.4,46.86,0.000491,0.000491,98934.1,48.6,50.6,2007,2009
33,0.00108,0.001079,98031.5,105.8,45.9,0.000504,0.000504,98885.6,49.9,49.62,2007,2009
34,0.001162,0.001161,97925.7,113.7,44.95,0.000593,0.000593,98835.7,58.6,48.65,2007,2009
35,0.001304,0.001304,97812.0,127.5,44.0,0.00061,0.00061,98777.1,60.2,47.67,2007,2009
36,0.001263,0.001262,97684.5,123.3,43.06,0.000614,0.000614,98716.9,60.6,46.7,2007,2009
37,0.001313,0.001312,97561.3,128.0,42.11,0.000709,0.000709,98656.3,69.9,45.73,2007,2009
38,0.001449,0.001448,97433.3,141.1,41.17,0.000782,0.000782,98586.3,77.1,44.76,2007,2009
39,0.001534,0.001533,97292.1,149.1,40.23,0.000876,0.000876,98509.3,86.3,43.8,2007,2009
40,0.001665,0.001664,97143.0,161.6,39.29,0.001003,0.001002,98423.0,98.6,42.84,2007,2009
41,0.001783,0.001781,96981.4,172.8,38.35,0.001061,0.00106,98324.4,104.2,41.88,2007,2009
42,0.001922,0.00192,96808.6,185.9,37.42,0.001123,0.001122,98220.2,110.2,40.92,2007,2009
43,0.002032,0.00203,96622.8,196.1,36.49,0.00124,0.001239,98109.9,121.6,39.97,2007,2009
44,0.002141,0.002139,96426.7,206.2,35.56,0.001343,0.001342,97988.4,131.5,39.02,2007,2009
45,0.002388,0.002385,96220.4,229.5,34.64,0.001525,0.001523,97856.9,149.1,38.07,2007,2009
46,0.002533,0.00253,95991.0,242.9,33.72,0.001631,0.001629,97707.8,159.2,37.13,2007,2009
47,0.002745,0.002741,95748.1,262.5,32.8,0.001769,0.001767,97548.6,172.4,36.19,2007,2009
48,0.002927,0.002922,95485.6,279.0,31.89,0.001961,0.001959,97376.3,190.8,35.25,2007,2009
49,0.003223,0.003218,95206.6,306.4,30.99,0.002101,0.002099,97185.5,203.9,34.32,2007,2009
50,0.003558,0.003552,94900.2,337.1,30.08,0.002491,0.002488,96981.6,241.3,33.39,2007,2009
51,0.003937,0.003929,94563.1,371.6,29.19,0.002548,0.002544,96740.3,246.1,32.47,2007,2009
52,0.004272,0.004263,94191.6,401.5,28.3,0.002781,0.002777,96494.1,268.0,31.55,2007,2009
53,0.004789,0.004777,93790.1,448.1,27.42,0.00313,0.003125,96226.2,300.7,30.64,2007,2009
54,0.005144,0.005131,93342.0,478.9,26.55,0.003552,0.003546,95925.5,340.1,29.73,2007,2009
55,0.005854,0.005837,92863.1,542.0,25.68,0.003724,0.003717,95585.4,355.3,28.84,2007,2009
56,0.00628,0.006261,92321.1,578.0,24.83,0.004048,0.00404,95230.1,384.7,27.94,2007,2009
57,0.006734,0.006712,91743.1,615.7,23.99,0.004361,0.004352,94845.4,412.7,27.05,2007,2009
58,0.007461,0.007433,91127.3,677.4,23.14,0.004705,0.004694,94432.6,443.2,26.17,2007,2009
59,0.008087,0.008054,90450.0,728.5,22.31,0.005266,0.005252,93989.4,493.7,25.29,2007,2009
60,0.008648,0.00861,89721.4,772.5,21.49,0.005651,0.005635,93495.7,526.8,24.42,2007,2009
61,0.009579,0.009533,88948.9,848.0,20.67,0.006308,0.006288,92968.9,584.6,23.56,2007,2009
62,0.010495,0.01044,88100.9,919.8,19.87,0.006645,0.006623,92384.3,611.8,22.7,2007,2009
63,0.011929,0.011858,87181.2,1033.8,19.07,0.007695,0.007666,91772.5,703.5,21.85,2007,2009
64,0.013041,0.012957,86147.3,1116.2,18.3,0.008288,0.008253,91069.0,751.6,21.02,2007,2009
65,0.014219,0.014119,85031.2,1200.6,17.53,0.008964,0.008924,90317.3,806.0,20.19,2007,2009
66,0.015837,0.015712,83830.6,1317.2,16.77,0.009929,0.00988,89511.3,884.4,19.36,2007,2009
67,0.017247,0.0171,82513.4,1411.0,16.03,0.010937,0.010878,88626.9,964.1,18.55,2007,2009
68,0.019576,0.019386,81102.5,1572.3,15.3,0.012063,0.01199,87662.9,1051.1,17.75,2007,2009
69,0.021232,0.021009,79530.2,1670.8,14.6,0.013377,0.013288,86611.8,1150.9,16.96,2007,2009
70,0.02275,0.022494,77859.4,1751.3,13.9,0.01501,0.014899,85460.9,1273.2,16.18,2007,2009
71,0.025259,0.024944,76108.0,1898.4,13.21,0.016217,0.016086,84187.6,1354.3,15.42,2007,2009
72,0.028201,0.027809,74209.6,2063.7,12.53,0.018032,0.017871,82833.4,1480.3,14.66,2007,2009
73,0.031128,0.030651,72145.9,2211.3,11.88,0.020454,0.020247,81353.1,1647.1,13.92,2007,2009
74,0.034262,0.033685,69934.6,2355.7,11.23,0.022838,0.02258,79706.0,1799.8,13.2,2007,2009
75,0.038679,0.037945,67578.9,2564.3,10.61,0.025301,0.024985,77906.2,1946.5,12.49,2007,2009
76,0.043232,0.042318,65014.6,2751.3,10.01,0.028745,0.028337,75959.7,2152.5,11.8,2007,2009
77,0.047816,0.0467,62263.3,2907.7,9.43,0.032039,0.031533,73807.2,2327.4,11.13,2007,2009
78,0.053019,0.05165,59355.6,3065.7,8.87,0.036134,0.035493,71479.8,2537.0,10.47,2007,2009
79,0.060026,0.058277,56289.9,3280.4,8.32,0.041494,0.04065,68942.8,2802.5,9.84,2007,2009
80,0.067388,0.065192,53009.5,3455.8,7.8,0.047278,0.046186,66140.2,3054.8,9.24,2007,2009
81,0.075591,0.072838,49553.7,3609.4,7.31,0.052942,0.051577,63085.4,3253.7,8.66,2007,2009
82,0.084213,0.080811,45944.3,3712.8,6.85,0.059322,0.057613,59831.7,3447.1,8.1,2007,2009
83,0.093149,0.089004,42231.5,3758.8,6.41,0.067415,0.065217,56384.6,3677.2,7.57,2007,2009
84,0.104783,0.099567,38472.8,3830.6,5.98,0.07581,0.073041,52707.4,3849.8,7.06,2007,2009
85,0.116293,0.109902,34642.2,3807.3,5.59,0.085277,0.08179,48857.6,3996.1,6.58,2007,2009
86,0.130943,0.122897,30834.9,3789.5,5.22,0.095857,0.091473,44861.5,4103.6,6.12,2007,2009
87,0.145571,0.135694,27045.4,3669.9,4.88,0.108263,0.102703,40757.9,4186.0,5.69,2007,2009
88,0.156,0.144712,23375.5,3382.7,4.57,0.119048,0.11236,36572.0,4109.2,5.28,2007,2009
89,0.170411,0.157031,19992.8,3139.5,4.26,0.132688,0.124432,32462.7,4039.4,4.89,2007,2009
90,0.190133,0.173627,16853.3,2926.2,3.96,0.152762,0.141922,28423.3,4033.9,4.51,2007,2009
91,0.207827,0.188264,13927.1,2622.0,3.68,0.170678,0.157258,24389.4,3835.4,4.17,2007,2009
92,0.229319,0.20573,11305.1,2325.8,3.42,0.193717,0.176611,20554.0,3630.1,3.86,2007,2009
93,0.251507,0.223412,8979.3,2006.1,3.18,0.213827,0.193174,16923.9,3269.3,3.58,2007,2009
94,0.269795,0.237726,6973.2,1657.7,2.95,0.237501,0.212291,13654.7,2898.8,3.31,2007,2009
95,0.313554,0.271058,5315.5,1440.8,2.72,0.264623,0.233702,10755.9,2513.7,3.07,2007,2009
96,0.336241,0.287848,3874.7,1115.3,2.54,0.291971,0.254777,8242.2,2099.9,2.86,2007,2009
97,0.37668,0.31698,2759.4,874.7,2.36,0.313841,0.271273,6142.3,1666.2,2.66,2007,2009
98,0.39852,0.332305,1884.7,626.3,2.23,0.355438,0.301802,4476.1,1350.9,2.46,2007,2009
99,0.428528,0.352912,1258.4,444.1,2.09,0.375867,0.316404,3125.2,988.8,2.31,2007,2009
100,0.467595,0.378988,814.3,308.6,1.96,0.411933,0.341579,2136.4,729.7,2.15,2007,2009
0,0.005006,0.004993,100000.0,499.3,78.01,0.004152,0.004143,100000.0,414.3,82.08,2008,2010
1,0.000336,0.000336,99500.7,33.4,77.4,0.000292,0.000292,99585.7,29.1,81.42,2008,2010
2,0.000188,0.000188,99467.3,18.7,76.42,0.000178,0.000178,99556.6,17.7,80.45,2008,2010
3,0.000143,0.000143,99448.6,14.2,75.44,0.000154,0.000154,99538.9,15.3,79.46,2008,2010
4,0.000106,0.000106,99434.4,10.6,74.45,0.000119,0.000119,99523.6,11.8,78.47,2008,2010
5,0.000119,0.000119,99423.8,11.9,73.46,9.6e-05,9.6e-05,99511.8,9.6,77.48,2008,2010
6,0.000112,0.000112,99412.0,11.1,72.46,8.4e-05,8.3e-05,99502.2,8.3,76.49,2008,2010
7,8.6e-05,8.6e-05,99400.8,8.6,71.47,8.3e-05,8.3e-05,99493.9,8.3,75.5,2008,2010
8,0.000112,0.000112,99392.3,11.1,70.48,8.6e-05,8.6e-05,99485.6,8.6,74.5,2008,2010
9,9.9e-05,9.9e-05,99381.2,9.8,69.49,9.7e-05,9.7e-05,99477.0,9.6,73.51,2008,2010
10,9.5e-05,9.5e-05,99371.4,9.4,68.49,7.6e-05,7.6e-05,99467.4,7.6,72.52,2008,2010
11,9.7e-05,9.7e-05,99362.0,9.6,67.5,8.5e-05,8.5e-05,99459.8,8.4,71.52,2008,2010
12,0.000103,0.000103,99352.4,10.2,66.51,9.1e-05,9.1e-05,99451.4,9.1,70.53,2008,2010
13,0.000117,0.000117,99342.1,11.6,65.51,9.9e-05,9.9e-05,99442.3,9.8,69.53,2008,2010
14,0.000138,0.000138,99330.5,13.7,64.52,0.000122,0.000122,99432.5,12.2,68.54,2008,2010
15,0.000214,0.000214,99316.8,21.3,63.53,0.000153,0.000153,99420.3,15.2,67.55,2008,2010
16,0.000294,0.000294,99295.5,29.2,62.54,0.000174,0.000174,99405.1,17.3,66.56,2008,2010
17,0.000471,0.000471,99266.3,46.8,61.56,0.00022,0.00022,99387.8,21.8,65.57,2008,2010
18,0.000565,0.000565,99219.6,56.0,60.59,0.000245,0.000245,99365.9,24.4,64.58,2008,2010
19,0.000579,0.000579,99163.5,57.4,59.62,0.000257,0.000257,99341.5,25.5,63.6,2008,2010
20,0.000649,0.000649,99106.1,64.3,58.66,0.000246,0.000246,99316.0,24.5,62.62,2008,2010
21,0.000662,0.000662,99041.8,65.6,57.7,0.000242,0.000242,99291.5,24.1,61.63,2008,2010
22,0.000644,0.000644,98976.2,63.8,56.73,0.000229,0.000229,99267.5,22.7,60.65,2008,2010
23,0.000697,0.000697,98912.4,68.9,55.77,0.000257,0.000257,99244.8,25.5,59.66,2008,2010
24,0.000675,0.000675,98843.5,66.7,54.81,0.000253,0.000253,99219.2,25.1,58.68,2008,2010
25,0.000684,0.000684,98776.8,67.5,53.84,0.000275,0.000275,99194.1,27.3,57.69,2008,2010
26,0.00075,0.000749,98709.3,74.0,52.88,0.000296,0.000296,99166.8,29.3,56.71,2008,2010
27,0.000736,0.000736,98635.3,72.6,51.92,0.000327,0.000327,99137.5,32.4,55.72,2008,2010
28,0.000794,0.000794,98562.7,78.2,50.96,0.000347,0.000347,99105.1,34.4,54.74,2008,2010
29,0.000821,0.00082,98484.4,80.8,50.0,0.000353,0.000353,99070.7,35.0,53.76,2008,2010
30,0.000893,0.000893,98403.7,87.8,49.04,0.000407,0.000407,99035.7,40.3,52.78,2008,2010
31,0.000888,0.000888,98315.8,87.3,48.08,0.000412,0.000412,98995.4,40.7,51.8,2008,2010
32,0.000946,0.000946,98228.5,92.9,47.12,0.000486,0.000486,98954.7,48.1,50.82,2008,2010
33,0.001005,0.001005,98135.6,98.6,46.17,0.000503,0.000503,98906.6,49.8,49.85,2008,2010
34,0.00114,0.00114,98037.0,111.7,45.22,0.00057,0.00057,98856.8,56.3,48.87,2008,2010
35,0.001239,0.001239,97925.2,121.3,44.27,0.000611,0.000611,98800.5,60.4,47.9,2008,2010
36,0.001227,0.001226,97804.0,120.0,43.32,0.000641,0.00064,98740.1,63.2,46.93,2008,2010
37,0.001291,0.001291,97684.0,126.1,42.37,0.00073,0.00073,98676.8,72.0,45.96,2008,2010
38,0.001461,0.00146,97557.9,142.4,41.43,0.000798,0.000797,98604.8,78.6,44.99,2008,2010
39,0.001529,0.001527,97415.5,148.8,40.49,0.000826,0.000825,98526.2,81.3,44.02,2008,2010
40,0.00167,0.001669,97266.7,162.3,39.55,0.000967,0.000967,98444.9,95.1,43.06,2008,2010
41,0.001785,0.001783,97104.4,173.2,38.61,0.001065,0.001064,98349.7,104.7,42.1,2008,2010
42,0.00185,0.001848,96931.2,179.1,37.68,0.001101,0.0011,98245.0,108.1,41.15,2008,2010
43,0.001992,0.00199,96752.1,192.6,36.75,0.001217,0.001216,98136.9,119.3,40.19,2008,2010
44,0.002214,0.002211,96559.5,213.5,35.82,0.001365,0.001364,98017.6,133.7,39.24,2008,2010
45,0.002403,0.0024,96346.0,231.2,34.9,0.001458,0.001457,97883.9,142.7,38.29,2008,2010
46,0.00252,0.002517,96114.8,241.9,33.98,0.001596,0.001595,97741.2,155.9,37.35,2008,2010
47,0.002686,0.002682,95872.9,257.1,33.07,0.001708,0.001707,97585.4,166.5,36.41,2008,2010
48,0.002898,0.002893,95615.7,276.7,32.16,0.00189,0.001888,97418.8,183.9,35.47,2008,2010
49,0.003129,0.003125,95339.1,297.9,31.25,0.002075,0.002073,97234.9,201.5,34.53,2008,2010
50,0.00349,0.003484,95041.2,331.1,30.34,0.002394,0.002391,97033.4,232.0,33.6,2008,2010
51,0.003842,0.003835,94710.0,363.2,29.45,0.002503,0.0025,96801.4,242.0,32.68,2008,2010
52,0.004206,0.004197,94346.9,396.0,28.56,0.002834,0.00283,96559.3,273.2,31.76,2008,2010
53,0.004597,0.004586,93950.9,430.9,27.68,0.003042,0.003038,96286.1,292.5,30.85,2008,2010
54,0.004977,0.004964,93520.0,464.3,26.8,0.003505,0.003499,95993.6,335.8,29.95,2008,2010
55,0.005664,0.005648,93055.7,525.6,25.93,0.003607,0.0036,95657.7,344.4,29.05,2008,2010
56,0.006191,0.006172,92530.2,571.1,25.08,0.003973,0.003965,95313.4,377.9,28.15,2008,2010
57,0.006682,0.00666,91959.0,612.4,24.23,0.004321,0.004311,94935.5,409.3,27.26,2008,2010
58,0.007261,0.007235,91346.6,660.9,23.39,0.0047,0.004689,94526.2,443.3,26.38,2008,2010
59,0.00791,0.007879,90685.7,714.5,22.56,0.00521,0.005196,94082.9,488.9,25.5,2008,2010
60,0.008738,0.0087,89971.2,782.8,21.73,0.005659,0.005643,93594.0,528.1,24.63,2008,2010
61,0.009242,0.0092,89188.5,820.5,20.92,0.00614,0.006121,93065.9,569.7,23.77,2008,2010
62,0.0101,0.01005,88368.0,888.1,20.11,0.006524,0.006502,92496.2,601.5,22.91,2008,2010
63,0.011354,0.01129,87479.9,987.6,19.31,0.007239,0.007213,91894.7,662.8,22.06,2008,2010
64,0.01263,0.012551,86492.3,1085.5,18.52,0.008101,0.008069,91231.9,736.1,21.21,2008,2010
65,0.01364,0.013548,85406.7,1157.1,17.75,0.008731,0.008693,90495.8,786.7,20.38,2008,2010
66,0.015183,0.015068,84249.6,1269.5,16.99,0.009595,0.009549,89709.1,856.7,19.56,2008,2010
67,0.016671,0.016533,82980.1,1371.9,16.24,0.010499,0.010445,88852.5,928.0,18.74,2008,2010
68,0.018897,0.01872,81608.2,1527.7,15.51,0.011793,0.011724,87924.4,1030.8,17.93,2008,2010
69,0.020814,0.0206,80080.5,1649.6,14.79,0.013034,0.01295,86893.6,1125.2,17.14,2008,2010
70,0.02227,0.022024,78430.9,1727.4,14.09,0.014607,0.014501,85768.4,1243.7,16.36,2008,2010
71,0.024648,0.024348,76703.5,1867.5,13.4,0.015834,0.01571,84524.7,1327.9,15.59,2008,2010
72,0.027384,0.027015,74835.9,2021.7,12.72,0.017582,0.017429,83196.8,1450.0,14.83,2008,2010
73,0.030348,0.029894,72814.3,2176.7,12.06,0.019772,0.019578,81746.7,1600.5,14.09,2008,2010
74,0.033141,0.032601,70637.5,2302.8,11.42,0.022005,0.021766,80146.3,1744.5,13.36,2008,2010
75,0.037179,0.0365,68334.7,2494.2,10.78,0.024428,0.024133,78401.8,1892.1,12.64,2008,2010
76,0.041509,0.040665,65840.5,2677.4,10.17,0.027791,0.02741,76509.7,2097.1,11.94,2008,2010
77,0.04609,0.045051,63163.1,2845.6,9.58,0.030968,0.030496,74412.6,2269.3,11.27,2008,2010
78,0.051338,0.050054,60317.5,3019.1,9.01,0.035192,0.034584,72143.3,2495.0,10.61,2008,2010
79,0.057477,0.055871,57298.4,3201.3,8.46,0.040063,0.039277,69648.3,2735.6,9.97,2008,2010
80,0.065225,0.063165,54097.1,3417.1,7.93,0.045335,0.04433,66912.8,2966.3,9.36,2008,2010
81,0.073006,0.070435,50680.0,3569.7,7.43,0.051327,0.050042,63946.5,3200.0,8.77,2008,2010
82,0.081016,0.077862,47110.4,3668.1,6.96,0.057768,0.056146,60746.5,3410.7,8.2,2008,2010
83,0.089576,0.085736,43442.2,3724.6,6.5,0.065781,0.063687,57335.8,3651.5,7.66,2008,2010
84,0.10167,0.096752,39717.7,3842.8,6.07,0.07387,0.071239,53684.3,3824.4,7.15,2008,2010
85,0.113671,0.107558,35874.9,3858.6,5.66,0.083037,0.079727,49859.9,3975.2,6.66,2008,2010
86,0.126451,0.118932,32016.3,3807.7,5.28,0.093569,0.089387,45884.7,4101.5,6.19,2008,2010
87,0.141771,0.132386,28208.5,3734.4,4.93,0.105611,0.100314,41783.2,4191.5,5.75,2008,2010
88,0.158807,0.147125,24474.1,3600.7,4.61,0.120376,0.113542,37591.8,4268.3,5.33,2008,2010
89,0.169936,0.156627,20873.3,3269.3,4.31,0.129754,0.121849,33323.5,4060.4,4.95,2008,2010
90,0.178598,0.163957,17604.0,2886.3,4.02,0.146713,0.136686,29263.1,3999.9,4.57,2008,2010
91,0.206912,0.187512,14717.7,2759.8,3.71,0.169662,0.156395,25263.2,3951.0,4.21,2008,2010
92,0.224983,0.202233,11958.0,2418.3,3.45,0.190356,0.173813,21312.2,3704.3,3.9,2008,2010
93,0.249483,0.221814,9539.7,2116.0,3.2,0.210549,0.190494,17607.8,3354.2,3.62,2008,2010
94,0.27605,0.24257,7423.6,1800.7,2.97,0.234741,0.210083,14253.6,2994.4,3.35,2008,2010
95,0.304999,0.264641,5622.9,1488.0,2.76,0.258021,0.228537,11259.2,2573.1,3.11,2008,2010
96,0.332216,0.284893,4134.8,1178.0,2.58,0.285498,0.249834,8686.1,2170.1,2.89,2008,2010
97,0.363859,0.307852,2956.9,910.3,2.41,0.31089,0.269065,6516.0,1753.2,2.68,2008,2010
98,0.392981,0.328445,2046.6,672.2,2.26,0.348992,0.297142,4762.8,1415.2,2.48,2008,2010
99,0.413398,0.342586,1374.4,470.8,2.12,0.373281,0.31457,3347.5,1053.0,2.32,2008,2010
100,0.484343,0.389917,903.5,352.3,1.96,0.407103,0.338252,2294.5,776.1,2.16,2008,2010
0,0.004911,0.004899,100000.0,489.9,78.41,0.003981,0.003973,100000.0,397.3,82.42,2009,2011
1,0.000331,0.000331,99510.1,32.9,77.79,0.000286,0.000286,99602.7,28.5,81.75,2009,2011
2,0.000194,0.000194,99477.3,19.3,76.82,0.000163,0.000163,99574.2,16.3,80.78,2009,2011
3,0.000127,0.000127,99458.0,12.6,75.83,0.000132,0.000132,99558.0,13.1,79.79,2009,2011
4,9.9e-05,9.9e-05,99445.4,9.8,74.84,0.000111,0.000111,99544.8,11.1,78.8,2009,2011
5,0.000111,0.00011,99435.5,11.0,73.85,9.1e-05,9.1e-05,99533.7,9.1,77.81,2009,2011
6,0.000104,0.000104,99424.5,10.3,72.86,8e-05,8e-05,99524.7,7.9,76.82,2009,2011
7,7.8e-05,7.8e-05,99414.2,7.7,71.86,6.6e-05,6.6e-05,99516.7,6.5,75.82,2009,2011
8,0.000104,0.000104,99406.5,10.3,70.87,7.9e-05,7.9e-05,99510.2,7.9,74.83,2009,2011
9,0.0001,0.0001,99396.2,9.9,69.88,8.2e-05,8.2e-05,99502.4,8.2,73.83,2009,2011
10,8.4e-05,8.4e-05,99386.2,8.4,68.88,6.5e-05,6.5e-05,99494.2,6.5,72.84,2009,2011
11,9.4e-05,9.4e-05,99377.9,9.3,67.89,8.3e-05,8.3e-05,99487.7,8.2,71.84,2009,2011
12,0.000106,0.000106,99368.5,10.5,66.9,9.4e-05,9.4e-05,99479.5,9.4,70.85,2009,2011
13,0.000107,0.000107,99358.0,10.6,65.9,9.1e-05,9.1e-05,99470.1,9.0,69.86,2009,2011
14,0.000133,0.000133,99347.4,13.2,64.91,0.000124,0.000124,99461.0,12.4,68.86,2009,2011
15,0.000201,0.000201,99334.2,20.0,63.92,0.000132,0.000132,99448.7,13.1,67.87,2009,2011
16,0.000252,0.000252,99314.2,25.0,62.93,0.000171,0.000171,99435.6,17.0,66.88,2009,2011
17,0.000413,0.000413,99289.2,41.0,61.95,0.000201,0.000201,99418.5,19.9,65.89,2009,2011
18,0.000504,0.000504,99248.2,50.0,60.97,0.000213,0.000213,99398.6,21.2,64.9,2009,2011
19,0.00053,0.00053,99198.2,52.6,60.0,0.000238,0.000238,99377.4,23.7,63.92,2009,2011
20,0.000574,0.000573,99145.6,56.9,59.03,0.000225,0.000225,99353.7,22.4,62.93,2009,2011
21,0.000629,0.000629,99088.8,62.3,58.07,0.000231,0.000231,99331.3,23.0,61.95,2009,2011
22,0.000596,0.000596,99026.5,59.0,57.1,0.000214,0.000214,99308.4,21.3,60.96,2009,2011
23,0.000614,0.000614,98967.5,60.8,56.14,0.000259,0.000259,99287.1,25.7,59.97,2009,2011
24,0.000609,0.000609,98906.7,60.2,55.17,0.000245,0.000245,99261.4,24.3,58.99,2009,2011
25,0.00066,0.00066,98846.5,65.3,54.21,0.000275,0.000275,99237.1,27.3,58.0,2009,2011
26,0.000672,0.000671,98781.3,66.3,53.24,0.000286,0.000286,99209.8,28.3,57.02,2009,2011
27,0.000682,0.000682,98714.9,67.3,52.28,0.000334,0.000334,99181.4,33.1,56.04,2009,2011
28,0.000759,0.000759,98647.7,74.9,51.31,0.000348,0.000348,99148.3,34.5,55.05,2009,2011
29,0.000782,0.000782,98572.8,77.1,50.35,0.000342,0.000342,99113.8,33.9,54.07,2009,2011
30,0.000856,0.000855,98495.7,84.2,49.39,0.0004,0.0004,99080.0,39.6,53.09,2009,2011
31,0.000833,0.000833,98411.4,81.9,48.43,0.000415,0.000415,99040.4,41.1,52.11,2009,2011
32,0.000903,0.000903,98329.5,88.8,47.47,0.000459,0.000459,98999.2,45.5,51.13,2009,2011
33,0.000927,0.000926,98240.7,91.0,46.51,0.000488,0.000488,98953.8,48.3,50.16,2009,2011
34,0.001063,0.001062,98149.7,104.3,45.56,0.000544,0.000544,98905.5,53.8,49.18,2009,2011
35,0.001149,0.001149,98045.4,112.6,44.6,0.000618,0.000618,98851.7,61.1,48.21,2009,2011
36,0.001202,0.001201,97932.8,117.7,43.66,0.000645,0.000644,98790.6,63.7,47.24,2009,2011
37,0.001287,0.001286,97815.2,125.8,42.71,0.000708,0.000707,98727.0,69.8,46.27,2009,2011
38,0.001384,0.001383,97689.4,135.1,41.76,0.000768,0.000768,98657.1,75.7,45.3,2009,2011
39,0.001492,0.00149,97554.3,145.4,40.82,0.000796,0.000796,98581.4,78.5,44.33,2009,2011
40,0.001637,0.001636,97408.9,159.3,39.88,0.000937,0.000937,98502.9,92.3,43.37,2009,2011
41,0.001728,0.001727,97249.6,167.9,38.94,0.001049,0.001048,98410.6,103.2,42.41,2009,2011
42,0.001877,0.001875,97081.6,182.1,38.01,0.001082,0.001082,98307.5,106.4,41.45,2009,2011
43,0.001934,0.001933,96899.6,187.3,37.08,0.001195,0.001194,98201.1,117.3,40.5,2009,2011
44,0.002215,0.002213,96712.3,214.0,36.15,0.00133,0.001329,98083.8,130.3,39.55,2009,2011
45,0.002341,0.002339,96498.3,225.7,35.23,0.00144,0.001439,97953.5,141.0,38.6,2009,2011
46,0.002446,0.002443,96272.6,235.2,34.31,0.001581,0.00158,97812.5,154.5,37.65,2009,2011
47,0.002503,0.0025,96037.4,240.1,33.39,0.001634,0.001633,97658.0,159.5,36.71,2009,2011
48,0.00281,0.002806,95797.4,268.8,32.48,0.001834,0.001832,97498.6,178.7,35.77,2009,2011
49,0.003001,0.002996,95528.6,286.2,31.57,0.002032,0.002029,97319.9,197.5,34.84,2009,2011
50,0.00328,0.003275,95242.4,311.9,30.66,0.00227,0.002268,97122.4,220.2,33.91,2009,2011
51,0.003687,0.003681,94930.4,349.4,29.76,0.002408,0.002405,96902.2,233.1,32.98,2009,2011
52,0.00414,0.004132,94581.0,390.8,28.87,0.002783,0.002779,96669.1,268.6,32.06,2009,2011
53,0.004481,0.004471,94190.3,421.1,27.98,0.003007,0.003003,96400.5,289.5,31.15,2009,2011
54,0.004762,0.004751,93769.2,445.5,27.11,0.003369,0.003364,96111.0,323.3,30.24,2009,2011
55,0.005503,0.005488,93323.7,512.2,26.24,0.003506,0.0035,95787.7,335.2,29.34,2009,2011
56,0.006057,0.006038,92811.5,560.4,25.38,0.003902,0.003894,95452.5,371.7,28.44,2009,2011
57,0.006461,0.006441,92251.0,594.2,24.53,0.004284,0.004275,95080.8,406.4,27.55,2009,2011
58,0.007206,0.00718,91656.9,658.1,23.68,0.004535,0.004525,94674.3,428.4,26.67,2009,2011
59,0.007665,0.007636,90998.8,694.8,22.85,0.005088,0.005075,94246.0,478.3,25.79,2009,2011
60,0.008539,0.008502,90304.0,767.8,22.02,0.00554,0.005525,93767.6,518.0,24.91,2009,2011
61,0.009139,0.009097,89536.2,814.5,21.21,0.006003,0.005985,93249.6,558.1,24.05,2009,2011
62,0.009807,0.009759,88721.7,865.8,20.4,0.006347,0.006327,92691.5,586.5,23.19,2009,2011
63,0.010827,0.010769,87855.8,946.1,19.59,0.007033,0.007008,92105.0,645.5,22.34,2009,2011
64,0.01198,0.011908,86909.7,1035.0,18.8,0.00771,0.007681,91459.5,702.5,21.49,2009,2011
65,0.013104,0.013019,85874.7,1118.0,18.02,0.008474,0.008438,90757.0,765.8,20.65,2009,2011
66,0.014682,0.014575,84756.7,1235.3,17.25,0.009397,0.009353,89991.2,841.7,19.82,2009,2011
67,0.015903,0.015778,83521.4,1317.8,16.5,0.010141,0.01009,89149.5,899.5,19.01,2009,2011
68,0.017809,0.017652,82203.6,1451.1,15.76,0.011359,0.011295,88250.0,996.8,18.2,2009,2011
69,0.019843,0.019648,80752.6,1586.6,15.03,0.012569,0.012491,87253.2,1089.9,17.4,2009,2011
70,0.021945,0.021707,79165.9,1718.4,14.32,0.014319,0.014218,86163.3,1225.0,16.61,2009,2011
71,0.024065,0.023779,77447.5,1841.6,13.63,0.015351,0.015234,84938.3,1294.0,15.84,2009,2011
72,0.026571,0.026223,75605.9,1982.6,12.95,0.017199,0.017053,83644.3,1426.4,15.08,2009,2011
73,0.028958,0.028545,73623.3,2101.6,12.29,0.018796,0.018621,82218.0,1530.9,14.33,2009,2011
74,0.032405,0.031888,71521.7,2280.7,11.63,0.021131,0.02091,80687.0,1687.2,13.6,2009,2011
75,0.035431,0.034815,69241.1,2410.6,11.0,0.023449,0.023178,78999.8,1831.0,12.88,2009,2011
76,0.039973,0.039189,66830.5,2619.0,10.38,0.026502,0.026156,77168.8,2018.4,12.17,2009,2011
77,0.04409,0.043139,64211.4,2770.0,9.78,0.029873,0.029434,75150.4,2212.0,11.48,2009,2011
78,0.048938,0.047769,61441.4,2935.0,9.2,0.033841,0.033278,72938.4,2427.2,10.82,2009,2011
79,0.054693,0.053237,58506.4,3114.7,8.64,0.038257,0.037539,70511.2,2646.9,10.17,2009,2011
80,0.062484,0.060591,55391.7,3356.2,8.09,0.043293,0.042376,67864.3,2875.8,9.55,2009,2011
81,0.069584,0.067245,52035.5,3499.1,7.58,0.048787,0.047625,64988.4,3095.1,8.95,2009,2011
82,0.078221,0.075277,48536.3,3653.7,7.09,0.055589,0.054086,61893.4,3347.6,8.37,2009,2011
83,0.086729,0.083124,44882.7,3730.8,6.63,0.063441,0.06149,58545.8,3600.0,7.82,2009,2011
84,0.097699,0.093149,41151.8,3833.2,6.19,0.071142,0.068698,54945.8,3774.7,7.3,2009,2011
85,0.109405,0.103731,37318.6,3871.1,5.77,0.079953,0.076879,51171.1,3934.0,6.8,2009,2011
86,0.120819,0.113936,33447.5,3810.9,5.38,0.090667,0.086735,47237.1,4097.1,6.33,2009,2011
87,0.136917,0.128144,29636.6,3797.8,5.01,0.101644,0.096728,43140.0,4172.8,5.88,2009,2011
88,0.152507,0.141702,25838.9,3661.4,4.67,0.114861,0.108623,38967.2,4232.7,5.46,2009,2011
89,0.174626,0.160603,22177.5,3561.8,4.36,0.130008,0.122072,34734.4,4240.1,5.06,2009,2011
90,0.175676,0.161491,18615.7,3006.3,4.1,0.143051,0.133502,30494.3,4071.1,4.7,2009,2011
91,0.196262,0.178723,15609.4,2789.8,3.79,0.158706,0.147038,26423.3,3885.2,4.34,2009,2011
92,0.220635,0.198714,12819.7,2547.4,3.5,0.18419,0.168658,22538.0,3801.2,4.01,2009,2011
93,0.248947,0.22139,10272.2,2274.2,3.25,0.202025,0.18349,18736.8,3438.0,3.72,2009,2011
94,0.272573,0.239881,7998.1,1918.6,3.03,0.226184,0.203204,15298.8,3108.8,3.44,2009,2011
95,0.296653,0.258335,6079.5,1570.5,2.83,0.252152,0.223921,12190.0,2729.6,3.19,2009,2011
96,0.322083,0.277409,4508.9,1250.8,2.64,0.274303,0.24122,9460.4,2282.0,2.97,2009,2011
97,0.354842,0.301372,3258.1,981.9,2.46,0.302388,0.262674,7178.4,1885.6,2.76,2009,2011
98,0.385393,0.323128,2276.2,735.5,2.31,0.331534,0.284391,5292.8,1505.2,2.56,2009,2011
99,0.404238,0.336271,1540.7,518.1,2.17,0.362216,0.306675,3787.6,1161.6,2.38,2009,2011
100,0.453825,0.369892,1022.6,378.3,2.02,0.397823,0.33182,2626.0,871.4,2.21,2009,2011
0,0.004733,0.004722,100000.0,472.2,78.7,0.003792,0.003785,100000.0,378.5,82.57,2010,2012
1,0.000334,0.000334,99527.8,33.2,78.08,0.000291,0.000291,99621.5,29.0,81.89,2010,2012
2,0.000192,0.000192,99494.6,19.1,77.1,0.000134,0.000134,99592.5,13.4,80.91,2010,2012
3,0.000125,0.000125,99475.5,12.4,76.12,0.00012,0.00012,99579.1,12.0,79.92,2010,2012
4,0.000106,0.000106,99463.1,10.5,75.13,9.7e-05,9.7e-05,99567.2,9.6,78.93,2010,2012
5,0.00011,0.00011,99452.6,11.0,74.13,9.1e-05,9.1e-05,99557.5,9.0,77.94,2010,2012
6,0.0001,0.0001,99441.6,9.9,73.14,8.3e-05,8.3e-05,99548.5,8.2,76.94,2010,2012
7,7.7e-05,7.7e-05,99431.7,7.6,72.15,6.9e-05,6.9e-05,99540.2,6.8,75.95,2010,2012
8,0.000105,0.000105,99424.1,10.4,71.16,8e-05,8e-05,99533.4,8.0,74.96,2010,2012
9,0.000103,0.000103,99413.7,10.2,70.16,6.6e-05,6.6e-05,99525.4,6.5,73.96,2010,2012
10,9e-05,9e-05,99403.5,9.0,69.17,6.4e-05,6.4e-05,99518.9,6.4,72.97,2010,2012
11,9.8e-05,9.8e-05,99394.5,9.7,68.18,7.3e-05,7.3e-05,99512.5,7.2,71.97,2010,2012
12,0.00011,0.00011,99384.8,10.9,67.18,8.9e-05,8.9e-05,99505.3,8.8,70.98,2010,2012
13,9.5e-05,9.5e-05,99373.9,9.4,66.19,8.1e-05,8.1e-05,99496.4,8.1,69.98,2010,2012
14,0.000129,0.000129,99364.5,12.8,65.2,0.000109,0.000109,99488.3,10.9,68.99,2010,2012
15,0.00016,0.00016,99351.7,15.9,64.2,0.000123,0.000123,99477.4,12.2,68.0,2010,2012
16,0.000224,0.000224,99335.8,22.2,63.21,0.000142,0.000142,99465.2,14.1,67.0,2010,2012
17,0.00036,0.00036,99313.6,35.8,62.23,0.000194,0.000194,99451.1,19.3,66.01,2010,2012
18,0.000485,0.000485,99277.8,48.1,61.25,0.000189,0.000189,99431.8,18.8,65.03,2010,2012
19,0.000471,0.000471,99229.7,46.7,60.28,0.000222,0.000222,99413.0,22.1,64.04,2010,2012
20,0.000519,0.000519,99182.9,51.4,59.31,0.000212,0.000212,99390.9,21.1,63.05,2010,2012
21,0.000556,0.000556,99131.5,55.1,58.34,0.000207,0.000207,99369.9,20.6,62.07,2010,2012
22,0.00056,0.00056,99076.4,55.5,57.37,0.000207,0.000207,99349.3,20.5,61.08,2010,2012
23,0.000592,0.000592,99020.9,58.6,56.4,0.000247,0.000247,99328.7,24.6,60.09,2010,2012
24,0.000552,0.000552,98962.3,54.7,55.44,0.000247,0.000247,99304.2,24.5,59.11,2010,2012
25,0.000616,0.000616,98907.6,60.9,54.47,0.000262,0.000261,99279.7,26.0,58.12,2010,2012
26,0.000612,0.000612,98846.7,60.5,53.5,0.000269,0.000269,99253.7,26.7,57.14,2010,2012
27,0.000628,0.000628,98786.2,62.0,52.53,0.000325,0.000325,99227.1,32.3,56.15,2010,2012
28,0.000698,0.000698,98724.2,68.9,51.56,0.000342,0.000342,99194.8,33.9,55.17,2010,2012
29,0.000754,0.000754,98655.3,74.4,50.6,0.000321,0.000321,99160.9,31.8,54.19,2010,2012
30,0.000812,0.000812,98581.0,80.0,49.64,0.000379,0.000379,99129.1,37.6,53.21,2010,2012
31,0.000822,0.000821,98501.0,80.9,48.68,0.000405,0.000405,99091.5,40.1,52.23,2010,2012
32,0.00084,0.00084,98420.1,82.7,47.72,0.000447,0.000447,99051.4,44.3,51.25,2010,2012
33,0.000909,0.000908,98337.4,89.3,46.76,0.000486,0.000486,99007.1,48.1,50.27,2010,2012
34,0.000995,0.000994,98248.1,97.7,45.8,0.000525,0.000525,98959.0,52.0,49.29,2010,2012
35,0.001035,0.001034,98150.4,101.5,44.84,0.000586,0.000586,98907.0,58.0,48.32,2010,2012
36,0.001118,0.001117,98048.9,109.5,43.89,0.000609,0.000609,98849.0,60.2,47.35,2010,2012
37,0.001229,0.001228,97939.4,120.3,42.94,0.00069,0.00069,98788.8,68.1,46.38,2010,2012
38,0.001328,0.001327,97819.2,129.8,41.99,0.000765,0.000765,98720.7,75.5,45.41,2010,2012
39,0.001445,0.001444,97689.4,141.0,41.05,0.000792,0.000792,98645.2,78.1,44.44,2010,2012
40,0.00158,0.001579,97548.3,154.0,40.11,0.000891,0.00089,98567.1,87.8,43.48,2010,2012
41,0.001619,0.001617,97394.3,157.5,39.17,0.001009,0.001009,98479.3,99.3,42.51,2010,2012
42,0.001761,0.001759,97236.8,171.1,38.23,0.001074,0.001074,98380.0,105.6,41.56,2010,2012
43,0.001887,0.001885,97065.7,183.0,37.3,0.001157,0.001156,98274.4,113.6,40.6,2010,2012
44,0.002159,0.002157,96882.7,209.0,36.37,0.001274,0.001273,98160.7,125.0,39.65,2010,2012
45,0.002268,0.002265,96673.8,219.0,35.44,0.001401,0.0014,98035.7,137.2,38.7,2010,2012
46,0.00235,0.002347,96454.8,226.4,34.52,0.001539,0.001538,97898.5,150.5,37.75,2010,2012
47,0.002488,0.002484,96228.4,239.1,33.6,0.001622,0.001621,97748.0,158.4,36.81,2010,2012
48,0.002736,0.002732,95989.3,262.3,32.69,0.001784,0.001783,97589.5,174.0,35.87,2010,2012
49,0.002927,0.002923,95727.0,279.8,31.77,0.002014,0.002012,97415.6,196.0,34.93,2010,2012
50,0.00319,0.003185,95447.2,304.0,30.87,0.002178,0.002176,97219.6,211.5,34.0,2010,2012
51,0.003521,0.003515,95143.2,334.4,29.96,0.00247,0.002467,97008.1,239.4,33.07,2010,2012
52,0.003954,0.003946,94808.8,374.2,29.07,0.002717,0.002713,96768.7,262.5,32.15,2010,2012
53,0.004304,0.004295,94434.6,405.6,28.18,0.002933,0.002928,96506.1,282.6,31.24,2010,2012
54,0.004663,0.004652,94029.0,437.4,27.3,0.003208,0.003203,96223.5,308.2,30.33,2010,2012
55,0.005256,0.005242,93591.6,490.6,26.42,0.003445,0.003439,95915.3,329.8,29.43,2010,2012
56,0.00588,0.005863,93101.0,545.9,25.56,0.003818,0.00381,95585.5,364.2,28.53,2010,2012
57,0.006263,0.006243,92555.1,577.8,24.71,0.004174,0.004165,95221.3,396.6,27.63,2010,2012
58,0.006903,0.00688,91977.3,632.8,23.86,0.004506,0.004496,94824.7,426.3,26.75,2010,2012
59,0.007438,0.007411,91344.5,676.9,23.02,0.005044,0.005032,94398.3,475.0,25.86,2010,2012
60,0.008275,0.008241,90667.6,747.2,22.19,0.005463,0.005448,93923.4,511.7,24.99,2010,2012
61,0.009003,0.008963,89920.4,806.0,21.37,0.005944,0.005926,93411.7,553.6,24.13,2010,2012
62,0.009855,0.009807,89114.4,874.0,20.56,0.006388,0.006368,92858.1,591.3,23.27,2010,2012
63,0.010528,0.010473,88240.5,924.1,19.76,0.006826,0.006802,92266.8,627.6,22.41,2010,2012
64,0.011536,0.01147,87316.3,1001.5,18.96,0.007494,0.007466,91639.2,684.2,21.56,2010,2012
65,0.012518,0.01244,86314.8,1073.8,18.18,0.008169,0.008135,90954.9,740.0,20.72,2010,2012
66,0.014299,0.014197,85241.0,1210.2,17.4,0.009246,0.009204,90215.0,830.3,19.89,2010,2012
67,0.015574,0.015454,84030.9,1298.6,16.64,0.010136,0.010085,89384.7,901.5,19.07,2010,2012
68,0.016854,0.016713,82732.2,1382.7,15.9,0.01097,0.01091,88483.2,965.4,18.26,2010,2012
69,0.019149,0.018968,81349.6,1543.0,15.16,0.012362,0.012287,87517.9,1075.3,17.45,2010,2012
70,0.021532,0.021303,79806.6,1700.1,14.44,0.014004,0.013906,86442.6,1202.1,16.66,2010,2012
71,0.023801,0.023521,78106.4,1837.2,13.74,0.015088,0.014975,85240.5,1276.4,15.89,2010,2012
72,0.026025,0.025691,76269.3,1959.4,13.06,0.017051,0.016907,83964.0,1419.6,15.13,2010,2012
73,0.028262,0.027868,74309.9,2070.9,12.39,0.018514,0.018344,82544.4,1514.2,14.38,2010,2012
74,0.031654,0.031161,72239.0,2251.0,11.74,0.020805,0.020591,81030.2,1668.5,13.64,2010,2012
75,0.034638,0.034048,69987.9,2383.0,11.1,0.023066,0.022803,79361.7,1809.7,12.91,2010,2012
76,0.038725,0.037989,67604.9,2568.3,10.47,0.026076,0.02574,77552.0,1996.2,12.2,2010,2012
77,0.042929,0.042027,65036.7,2733.3,9.86,0.029454,0.029026,75555.8,2193.1,11.51,2010,2012
78,0.048146,0.047014,62303.4,2929.1,9.28,0.033292,0.032747,73362.7,2402.4,10.84,2010,2012
79,0.053036,0.051666,59374.3,3067.6,8.71,0.037498,0.036808,70960.3,2611.9,10.19,2010,2012
80,0.05982,0.058083,56306.7,3270.5,8.16,0.042511,0.041626,68348.4,2845.1,9.56,2010,2012
81,0.067942,0.06571,53036.2,3485.0,7.63,0.048217,0.047082,65503.3,3084.1,8.96,2010,2012
82,0.076389,0.073579,49551.2,3645.9,7.13,0.054571,0.053122,62419.3,3315.8,8.37,2010,2012
83,0.085268,0.081781,45905.3,3754.2,6.66,0.062725,0.060818,59103.5,3594.5,7.81,2010,2012
84,0.095935,0.091544,42151.1,3858.7,6.2,0.070957,0.068526,55508.9,3803.8,7.29,2010,2012
85,0.107443,0.101965,38292.4,3904.5,5.78,0.079666,0.076615,51705.1,3961.4,6.79,2010,2012
86,0.119864,0.113086,34387.9,3888.8,5.38,0.090507,0.086589,47743.8,4134.1,6.31,2010,2012
87,0.13496,0.126429,30499.1,3856.0,5.0,0.100796,0.09596,43609.7,4184.8,5.86,2010,2012
88,0.149054,0.138716,26643.2,3695.8,4.65,0.114394,0.108205,39424.9,4266.0,5.43,2010,2012
89,0.170546,0.157145,22947.3,3606.1,4.32,0.12961,0.121722,35158.9,4279.6,5.03,2010,2012
90,0.17816,0.163587,19341.3,3164.0,4.03,0.144478,0.134744,30879.3,4160.8,4.65,2010,2012
91,0.200331,0.182092,16177.3,2945.8,3.72,0.161232,0.149204,26718.5,3986.5,4.3,2010,2012
92,0.220976,0.19899,13231.5,2632.9,3.44,0.182708,0.167414,22732.0,3805.7,3.97,2010,2012
93,0.256594,0.227417,10598.6,2410.3,3.17,0.207186,0.187738,18926.3,3553.2,3.67,2010,2012
94,0.279033,0.24487,8188.3,2005.1,2.95,0.229018,0.205488,15373.2,3159.0,3.4,2010,2012
95,0.302952,0.263099,6183.2,1626.8,2.75,0.253305,0.22483,12214.2,2746.1,3.15,2010,2012
96,0.336272,0.287871,4556.4,1311.7,2.55,0.28336,0.248195,9468.0,2349.9,2.92,2010,2012
97,0.364751,0.30849,3244.8,1001.0,2.38,0.307131,0.266245,7118.1,1895.2,2.71,2010,2012
98,0.405506,0.337148,2243.8,756.5,2.22,0.336581,0.288097,5223.0,1504.7,2.52,2010,2012
99,0.431047,0.354619,1487.3,527.4,2.1,0.372908,0.314304,3718.2,1168.7,2.33,2010,2012
100,0.472198,0.382007,959.9,366.7,1.98,0.407035,0.338204,2549.6,862.3,2.17,2010,2012
0,0.004634,0.004623,100000.0,462.3,78.9,0.003602,0.003595,100000.0,359.5,82.7,2011,2013
1,0.000334,0.000334,99537.7,33.3,78.27,0.000289,0.000289,99640.5,28.8,82.0,2011,2013
2,0.000188,0.000188,99504.5,18.7,77.29,0.000137,0.000137,99611.6,13.6,81.02,2011,2013
3,0.00011,0.00011,99485.8,10.9,76.31,0.000113,0.000113,99598.0,11.3,80.04,2011,2013
4,0.000108,0.000108,99474.9,10.8,75.31,9.6e-05,9.6e-05,99586.8,9.6,79.04,2011,2013
5,0.000105,0.000105,99464.1,10.4,74.32,9e-05,9e-05,99577.2,8.9,78.05,2011,2013
6,8.8e-05,8.8e-05,99453.7,8.8,73.33,8e-05,8e-05,99568.3,7.9,77.06,2011,2013
7,9e-05,9e-05,99444.9,8.9,72.34,6.5e-05,6.5e-05,99560.4,6.5,76.07,2011,2013
8,9.3e-05,9.3e-05,99436.0,9.2,71.34,6.9e-05,6.9e-05,99553.9,6.8,75.07,2011,2013
9,9e-05,9e-05,99426.8,8.9,70.35,6.2e-05,6.2e-05,99547.1,6.2,74.08,2011,2013
10,8.7e-05,8.7e-05,99417.8,8.6,69.36,6.7e-05,6.7e-05,99540.9,6.7,73.08,2011,2013
11,8.8e-05,8.8e-05,99409.2,8.7,68.36,7.7e-05,7.7e-05,99534.2,7.7,72.08,2011,2013
12,0.000109,0.000109,99400.4,10.9,67.37,7.9e-05,7.9e-05,99526.5,7.9,71.09,2011,2013
13,0.000108,0.000108,99389.6,10.7,66.38,8.2e-05,8.2e-05,99518.6,8.2,70.1,2011,2013
14,0.000129,0.000129,99378.9,12.9,65.38,9.7e-05,9.7e-05,99510.4,9.7,69.1,2011,2013
15,0.000156,0.000156,99366.0,15.5,64.39,0.000114,0.000114,99500.7,11.4,68.11,2011,2013
16,0.000222,0.000222,99350.5,22.1,63.4,0.000126,0.000126,99489.4,12.5,67.12,2011,2013
17,0.000329,0.000328,99328.4,32.6,62.41,0.000163,0.000163,99476.8,16.2,66.12,2011,2013
18,0.000438,0.000438,99295.7,43.5,61.44,0.000178,0.000178,99460.6,17.7,65.14,2011,2013
19,0.000484,0.000484,99252.3,48.1,60.46,0.000198,0.000198,99442.9,19.7,64.15,2011,2013
20,0.000481,0.000481,99204.2,47.7,59.49,0.000199,0.000199,99423.2,19.8,63.16,2011,2013
21,0.000491,0.000491,99156.5,48.7,58.52,0.000212,0.000212,99403.4,21.1,62.17,2011,2013
22,0.000505,0.000505,99107.8,50.0,57.55,0.000209,0.000209,99382.3,20.7,61.18,2011,2013
23,0.000538,0.000538,99057.7,53.3,56.58,0.000231,0.000231,99361.6,22.9,60.2,2011,2013
24,0.000523,0.000523,99004.4,51.8,55.61,0.00023,0.00023,99338.6,22.9,59.21,2011,2013
25,0.000626,0.000625,98952.6,61.9,54.64,0.000266,0.000266,99315.8,26.4,58.22,2011,2013
26,0.000608,0.000608,98890.7,60.1,53.67,0.000263,0.000263,99289.4,26.1,57.24,2011,2013
27,0.000616,0.000616,98830.6,60.9,52.7,0.000306,0.000306,99263.2,30.4,56.26,2011,2013
28,0.000659,0.000659,98769.7,65.1,51.73,0.00033,0.00033,99232.9,32.8,55.27,2011,2013
29,0.000726,0.000726,98704.7,71.7,50.77,0.000318,0.000318,99200.1,31.6,54.29,2011,2013
30,0.000764,0.000764,98633.0,75.3,49.8,0.000373,0.000373,99168.5,37.0,53.31,2011,2013
31,0.000811,0.000811,98557.7,79.9,48.84,0.000417,0.000417,99131.5,41.4,52.33,2011,2013
32,0.000806,0.000805,98477.8,79.3,47.88,0.000432,0.000432,99090.1,42.8,51.35,2011,2013
33,0.00089,0.00089,98398.5,87.5,46.92,0.000465,0.000465,99047.3,46.0,50.37,2011,2013
34,0.000946,0.000946,98310.9,93.0,45.96,0.000538,0.000538,99001.3,53.3,49.39,2011,2013
35,0.001026,0.001025,98218.0,100.7,45.0,0.000569,0.000569,98948.1,56.3,48.42,2011,2013
36,0.001104,0.001103,98117.2,108.2,44.05,0.000589,0.000589,98891.8,58.3,47.45,2011,2013
37,0.001227,0.001226,98009.0,120.2,43.1,0.000632,0.000632,98833.5,62.4,46.48,2011,2013
38,0.001303,0.001302,97888.8,127.5,42.15,0.000719,0.000719,98771.1,71.0,45.5,2011,2013
39,0.00142,0.001419,97761.3,138.7,41.2,0.000839,0.000839,98700.1,82.8,44.54,2011,2013
40,0.001547,0.001545,97622.6,150.9,40.26,0.000861,0.00086,98617.3,84.8,43.57,2011,2013
41,0.001615,0.001614,97471.8,157.3,39.32,0.000965,0.000965,98532.4,95.1,42.61,2011,2013
42,0.001783,0.001781,97314.5,173.3,38.39,0.001055,0.001054,98437.4,103.7,41.65,2011,2013
43,0.00189,0.001888,97141.1,183.4,37.45,0.001146,0.001145,98333.6,112.6,40.69,2011,2013
44,0.00206,0.002057,96957.8,199.5,36.52,0.001264,0.001263,98221.0,124.0,39.74,2011,2013
45,0.00223,0.002227,96758.3,215.5,35.6,0.00138,0.001379,98097.0,135.3,38.79,2011,2013
46,0.002334,0.002331,96542.7,225.1,34.68,0.001495,0.001494,97961.7,146.3,37.84,2011,2013
47,0.002451,0.002448,96317.7,235.8,33.76,0.001607,0.001606,97815.4,157.1,36.9,2011,2013
48,0.002697,0.002693,96081.8,258.8,32.84,0.001732,0.00173,97658.3,169.0,35.96,2011,2013
49,0.002916,0.002911,95823.1,279.0,31.93,0.00198,0.001978,97489.3,192.8,35.02,2011,2013
50,0.003103,0.003098,95544.1,296.0,31.02,0.002165,0.002163,97296.5,210.4,34.09,2011,2013
51,0.003434,0.003428,95248.1,326.5,30.11,0.002396,0.002393,97086.1,232.3,33.16,2011,2013
52,0.003816,0.003809,94921.6,361.5,29.21,0.002601,0.002598,96853.7,251.6,32.24,2011,2013
53,0.004207,0.004198,94560.0,397.0,28.32,0.002871,0.002867,96602.1,277.0,31.32,2011,2013
54,0.004571,0.004561,94163.1,429.5,27.44,0.003083,0.003078,96325.2,296.5,30.41,2011,2013
55,0.005016,0.005003,93733.6,469.0,26.56,0.003432,0.003426,96028.6,329.0,29.5,2011,2013
56,0.005597,0.005581,93264.7,520.5,25.7,0.003757,0.003749,95699.7,358.8,28.6,2011,2013
57,0.0061,0.006082,92744.2,564.0,24.84,0.004101,0.004093,95340.8,390.2,27.71,2011,2013
58,0.006758,0.006735,92180.1,620.8,23.99,0.004389,0.004379,94950.6,415.8,26.82,2011,2013
59,0.007433,0.007405,91559.3,678.0,23.14,0.004945,0.004932,94534.8,466.3,25.94,2011,2013
60,0.008137,0.008104,90881.3,736.5,22.31,0.005314,0.0053,94068.5,498.6,25.06,2011,2013
61,0.0089,0.008861,90144.8,798.8,21.49,0.005866,0.005849,93570.0,547.3,24.19,2011,2013
62,0.009771,0.009724,89346.1,868.8,20.68,0.006344,0.006324,93022.7,588.3,23.33,2011,2013
63,0.010473,0.010419,88477.3,921.8,19.88,0.006872,0.006848,92434.4,633.0,22.48,2011,2013
64,0.011278,0.011214,87555.5,981.9,19.08,0.007335,0.007308,91801.4,670.9,21.63,2011,2013
65,0.012296,0.01222,86573.6,1058.0,18.29,0.008086,0.008053,91130.5,733.9,20.78,2011,2013
66,0.013699,0.013605,85515.6,1163.5,17.51,0.008894,0.008854,90396.6,800.4,19.95,2011,2013
67,0.015218,0.015103,84352.1,1273.9,16.75,0.010162,0.01011,89596.2,905.9,19.12,2011,2013
68,0.01638,0.016247,83078.2,1349.8,16.0,0.010828,0.01077,88690.3,955.2,18.31,2011,2013
69,0.018342,0.018176,81728.4,1485.5,15.25,0.011945,0.011874,87735.2,1041.8,17.51,2011,2013
70,0.020947,0.02073,80243.0,1663.4,14.53,0.013577,0.013486,86693.4,1169.1,16.71,2011,2013
71,0.023119,0.022855,78579.5,1795.9,13.82,0.01473,0.014623,85524.3,1250.6,15.93,2011,2013
72,0.025916,0.025584,76783.6,1964.5,13.13,0.016889,0.016747,84273.7,1411.3,15.16,2011,2013
73,0.027786,0.027405,74819.2,2050.4,12.47,0.018359,0.018192,82862.3,1507.5,14.41,2011,2013
74,0.030989,0.030517,72768.8,2220.6,11.8,0.020685,0.020473,81354.9,1665.6,13.67,2011,2013
75,0.034066,0.033495,70548.1,2363.0,11.16,0.022921,0.022661,79689.3,1805.8,12.94,2011,2013
76,0.037971,0.037263,68185.1,2540.8,10.53,0.025641,0.025317,77883.4,1971.8,12.23,2011,2013
77,0.04172,0.040868,65644.3,2682.7,9.92,0.029072,0.028656,75911.7,2175.3,11.54,2011,2013
78,0.047091,0.046008,62961.6,2896.7,9.32,0.032586,0.032064,73736.4,2364.3,10.86,2011,2013
79,0.052032,0.050713,60064.9,3046.1,8.74,0.036933,0.036263,71372.1,2588.2,10.21,2011,2013
80,0.058728,0.057053,57018.8,3253.1,8.18,0.04216,0.04129,68783.9,2840.1,9.57,2011,2013
81,0.066507,0.064366,53765.7,3460.7,7.65,0.047397,0.0463,65943.9,3053.2,8.96,2011,2013
82,0.075872,0.073099,50305.0,3677.2,7.14,0.053924,0.052508,62890.7,3302.3,8.37,2011,2013
83,0.08472,0.081277,46627.8,3789.8,6.66,0.061687,0.059841,59588.4,3565.8,7.81,2011,2013
84,0.094811,0.09052,42838.0,3877.7,6.21,0.070548,0.068144,56022.6,3817.6,7.27,2011,2013
85,0.106708,0.101303,38960.3,3946.8,5.78,0.079825,0.076761,52205.0,4007.3,6.77,2011,2013
86,0.119532,0.112791,35013.5,3949.2,5.37,0.08995,0.086078,48197.6,4148.8,6.29,2011,2013
87,0.133282,0.124955,31064.3,3881.6,4.99,0.10125,0.096371,44048.9,4245.0,5.84,2011,2013
88,0.149234,0.138872,27182.7,3774.9,4.63,0.114149,0.107985,39803.8,4298.2,5.41,2011,2013
89,0.167044,0.154167,23407.7,3608.7,4.3,0.129984,0.122051,35505.6,4333.5,5.0,2011,2013
90,0.183162,0.167795,19799.0,3322.2,3.99,0.146672,0.13665,31172.1,4259.7,4.63,2011,2013
91,0.2015,0.183057,16476.8,3016.2,3.69,0.161798,0.149689,26912.4,4028.5,4.28,2011,2013
92,0.225655,0.202776,13460.6,2729.5,3.41,0.183852,0.168374,22883.9,3853.1,3.94,2011,2013
93,0.253146,0.224705,10731.1,2411.3,3.15,0.204523,0.185548,19030.9,3531.1,3.64,2011,2013
94,0.277208,0.243463,8319.8,2025.6,2.92,0.23286,0.208576,15499.7,3232.9,3.36,2011,2013
95,0.311392,0.269441,6294.2,1695.9,2.7,0.258346,0.228792,12266.9,2806.6,3.11,2011,2013
96,0.343501,0.293152,4598.3,1348.0,2.51,0.288407,0.252059,9460.3,2384.6,2.88,2011,2013
97,0.379209,0.318769,3250.3,1036.1,2.34,0.310786,0.268987,7075.7,1903.3,2.69,2011,2013
98,0.401929,0.334672,2214.2,741.0,2.2,0.340677,0.291092,5172.5,1505.7,2.49,2011,2013
99,0.44846,0.36632,1473.2,539.7,2.05,0.380057,0.319368,3666.8,1171.1,2.31,2011,2013
100,0.474764,0.383684,933.5,358.2,1.95,0.409021,0.339574,2495.7,847.5,2.16,2011,2013
0,0.004362,0.004353,100000.0,435.3,79.05,0.003577,0.003571,100000.0,357.1,82.79,2012,2014
1,0.000333,0.000333,99564.7,33.1,78.4,0.000259,0.000259,99642.9,25.8,82.09,2012,2014
2,0.000178,0.000178,99531.6,17.7,77.42,0.000132,0.000132,99617.1,13.1,81.11,2012,2014
3,0.000117,0.000117,99513.9,11.6,76.44,0.000115,0.000115,99604.0,11.4,80.12,2012,2014
4,9.9e-05,9.9e-05,99502.3,9.8,75.45,8.7e-05,8.7e-05,99592.6,8.7,79.13,2012,2014
5,9.9e-05,9.9e-05,99492.5,9.8,74.45,8.7e-05,8.7e-05,99584.0,8.7,78.14,2012,2014
6,9.4e-05,9.4e-05,99482.7,9.3,73.46,8.1e-05,8.1e-05,99575.3,8.1,77.14,2012,2014
7,9e-05,9e-05,99473.3,9.0,72.47,7.9e-05,7.9e-05,99567.2,7.9,76.15,2012,2014
8,8.3e-05,8.3e-05,99464.3,8.2,71.47,6.9e-05,6.9e-05,99559.3,6.9,75.16,2012,2014
9,8.9e-05,8.9e-05,99456.1,8.9,70.48,6.6e-05,6.6e-05,99552.4,6.6,74.16,2012,2014
10,9.4e-05,9.4e-05,99447.2,9.4,69.49,7.4e-05,7.4e-05,99545.8,7.4,73.17,2012,2014
11,9.4e-05,9.4e-05,99437.9,9.4,68.49,6.5e-05,6.5e-05,99538.4,6.5,72.17,2012,2014
12,0.000109,0.000109,99428.5,10.8,67.5,6.6e-05,6.6e-05,99531.9,6.6,71.18,2012,2014
13,0.000116,0.000116,99417.7,11.5,66.51,9.3e-05,9.3e-05,99525.3,9.3,70.18,2012,2014
14,0.000131,0.000131,99406.2,13.1,65.51,0.000106,0.000106,99516.0,10.6,69.19,2012,2014
15,0.000148,0.000148,99393.1,14.7,64.52,0.000128,0.000128,99505.5,12.8,68.2,2012,2014
16,0.000217,0.000217,99378.4,21.6,63.53,0.000144,0.000144,99492.7,14.3,67.2,2012,2014
17,0.00031,0.00031,99356.8,30.8,62.54,0.00016,0.00016,99478.4,15.9,66.21,2012,2014
18,0.000444,0.000444,99326.0,44.1,61.56,0.000183,0.000183,99462.5,18.2,65.22,2012,2014
19,0.000473,0.000473,99281.9,46.9,60.59,0.000196,0.000196,99444.4,19.5,64.24,2012,2014
20,0.000463,0.000463,99235.0,46.0,59.62,0.0002,0.000199,99424.9,19.8,63.25,2012,2014
21,0.000472,0.000472,99189.0,46.8,58.65,0.000205,0.000205,99405.1,20.4,62.26,2012,2014
22,0.000471,0.000471,99142.2,46.7,57.67,0.000211,0.000211,99384.7,20.9,61.27,2012,2014
23,0.000562,0.000561,99095.6,55.6,56.7,0.000228,0.000228,99363.7,22.6,60.29,2012,2014
24,0.000535,0.000535,99039.9,53.0,55.73,0.000227,0.000227,99341.1,22.6,59.3,2012,2014
25,0.000576,0.000576,98987.0,57.0,54.76,0.000257,0.000257,99318.6,25.5,58.31,2012,2014
26,0.000658,0.000658,98929.9,65.1,53.79,0.000259,0.000259,99293.1,25.7,57.33,2012,2014
27,0.000631,0.00063,98864.8,62.3,52.83,0.000273,0.000273,99267.4,27.1,56.34,2012,2014
28,0.000634,0.000634,98802.5,62.7,51.86,0.00034,0.00034,99240.3,33.8,55.36,2012,2014
29,0.000715,0.000714,98739.8,70.5,50.89,0.000318,0.000318,99206.6,31.5,54.38,2012,2014
30,0.000758,0.000758,98669.3,74.8,49.93,0.000367,0.000367,99175.0,36.4,53.39,2012,2014
31,0.000795,0.000795,98594.5,78.4,48.97,0.000419,0.000419,99138.7,41.5,52.41,2012,2014
32,0.000797,0.000797,98516.1,78.5,48.01,0.000421,0.000421,99097.2,41.7,51.43,2012,2014
33,0.000874,0.000874,98437.7,86.0,47.04,0.000466,0.000466,99055.4,46.2,50.46,2012,2014
34,0.000921,0.000921,98351.7,90.5,46.09,0.000534,0.000534,99009.3,52.8,49.48,2012,2014
35,0.001011,0.00101,98261.1,99.2,45.13,0.000559,0.000559,98956.4,55.3,48.51,2012,2014
36,0.001041,0.00104,98161.9,102.1,44.17,0.000595,0.000595,98901.1,58.8,47.53,2012,2014
37,0.001169,0.001168,98059.8,114.5,43.22,0.00063,0.00063,98842.3,62.2,46.56,2012,2014
38,0.001346,0.001345,97945.2,131.8,42.27,0.000726,0.000726,98780.1,71.7,45.59,2012,2014
39,0.001412,0.001411,97813.5,138.0,41.32,0.000817,0.000816,98708.3,80.6,44.62,2012,2014
40,0.001569,0.001567,97675.5,153.1,40.38,0.000878,0.000877,98627.8,86.5,43.66,2012,2014
41,0.00162,0.001618,97522.4,157.8,39.44,0.000952,0.000952,98541.2,93.8,42.7,2012,2014
42,0.001683,0.001681,97364.5,163.7,38.51,0.001053,0.001052,98447.4,103.6,41.74,2012,2014
43,0.001871,0.001869,97200.8,181.7,37.57,0.00115,0.001149,98343.8,113.0,40.78,2012,2014
44,0.00205,0.002048,97019.1,198.7,36.64,0.001264,0.001263,98230.8,124.1,39.83,2012,2014
45,0.002237,0.002235,96820.4,216.4,35.72,0.001376,0.001375,98106.7,134.9,38.88,2012,2014
46,0.002351,0.002348,96604.0,226.8,34.79,0.001441,0.00144,97971.8,141.1,37.93,2012,2014
47,0.002494,0.002491,96377.2,240.1,33.87,0.001617,0.001616,97830.7,158.1,36.98,2012,2014
48,0.002669,0.002666,96137.1,256.3,32.96,0.001707,0.001705,97672.6,166.6,36.04,2012,2014
49,0.002933,0.002929,95880.8,280.9,32.04,0.001922,0.00192,97506.0,187.2,35.1,2012,2014
50,0.003097,0.003092,95600.0,295.6,31.14,0.002154,0.002152,97318.9,209.4,34.17,2012,2014
51,0.00342,0.003414,95304.4,325.3,30.23,0.002342,0.002339,97109.5,227.2,33.24,2012,2014
52,0.0037,0.003693,94979.0,350.8,29.33,0.002556,0.002553,96882.3,247.4,32.32,2012,2014
53,0.004065,0.004057,94628.3,383.9,28.44,0.002779,0.002775,96634.9,268.1,31.4,2012,2014
54,0.004528,0.004518,94244.3,425.8,27.56,0.002976,0.002971,96366.8,286.3,30.49,2012,2014
55,0.004869,0.004857,93818.6,455.7,26.68,0.003404,0.003398,96080.4,326.5,29.58,2012,2014
56,0.005362,0.005348,93362.9,499.3,25.81,0.003679,0.003673,95754.0,351.7,28.67,2012,2014
57,0.005978,0.00596,92863.6,553.5,24.94,0.004041,0.004033,95402.3,384.8,27.78,2012,2014
58,0.006622,0.0066,92310.1,609.3,24.09,0.004396,0.004386,95017.5,416.8,26.89,2012,2014
59,0.007435,0.007407,91700.9,679.2,23.24,0.004787,0.004775,94600.7,451.8,26.01,2012,2014
60,0.008025,0.007992,91021.6,727.5,22.41,0.005244,0.005231,94149.0,492.5,25.13,2012,2014
61,0.008841,0.008802,90294.1,794.7,21.59,0.005832,0.005815,93656.5,544.6,24.26,2012,2014
62,0.009721,0.009674,89499.4,865.8,20.78,0.006315,0.006295,93111.9,586.1,23.4,2012,2014
63,0.010399,0.010345,88633.6,916.9,19.98,0.006793,0.00677,92525.8,626.4,22.54,2012,2014
64,0.011382,0.011317,87716.7,992.7,19.18,0.0074,0.007373,91899.3,677.6,21.69,2012,2014
65,0.012199,0.012125,86723.9,1051.5,18.39,0.00798,0.007948,91221.8,725.1,20.85,2012,2014
66,0.013298,0.01321,85672.4,1131.7,17.61,0.008625,0.008588,90496.7,777.2,20.01,2012,2014
67,0.014741,0.014633,84540.7,1237.1,16.84,0.009699,0.009652,89719.6,866.0,19.18,2012,2014
68,0.01629,0.016158,83303.6,1346.0,16.09,0.010828,0.01077,88853.5,956.9,18.36,2012,2014
69,0.01815,0.017987,81957.6,1474.1,15.34,0.01181,0.01174,87896.6,1031.9,17.56,2012,2014
70,0.02,0.019802,80483.4,1593.7,14.61,0.013226,0.01314,86864.7,1141.4,16.76,2012,2014
71,0.022319,0.022073,78889.7,1741.3,13.9,0.014554,0.014449,85723.3,1238.6,15.98,2012,2014
72,0.025588,0.025265,77148.4,1949.2,13.2,0.016638,0.016501,84484.7,1394.1,15.2,2012,2014
73,0.027638,0.027261,75199.2,2050.0,12.53,0.018484,0.018315,83090.7,1521.8,14.45,2012,2014
74,0.030512,0.030054,73149.2,2198.4,11.87,0.020449,0.020242,81568.8,1651.1,13.71,2012,2014
75,0.033856,0.033293,70950.8,2362.1,11.22,0.022829,0.022571,79917.7,1803.8,12.98,2012,2014
76,0.037353,0.036669,68588.6,2515.0,10.59,0.025482,0.025162,78113.9,1965.5,12.27,2012,2014
77,0.041139,0.04031,66073.6,2663.4,9.97,0.028687,0.028281,76148.4,2153.6,11.58,2012,2014
78,0.046635,0.045573,63410.2,2889.8,9.37,0.031844,0.031345,73994.9,2319.3,10.9,2012,2014
79,0.051006,0.049737,60520.4,3010.1,8.79,0.036583,0.035926,71675.5,2575.0,10.23,2012,2014
80,0.058088,0.056449,57510.3,3246.4,8.23,0.04175,0.040896,69100.5,2825.9,9.6,2012,2014
81,0.065504,0.063426,54263.9,3441.8,7.69,0.046952,0.045875,66274.6,3040.3,8.98,2012,2014
82,0.074421,0.071752,50822.1,3646.6,7.18,0.053215,0.051836,63234.2,3277.8,8.39,2012,2014
83,0.083564,0.080212,47175.6,3784.1,6.69,0.06099,0.059186,59956.4,3548.6,7.82,2012,2014
84,0.09359,0.089406,43391.5,3879.5,6.23,0.070264,0.06788,56407.9,3828.9,7.28,2012,2014
85,0.105974,0.100641,39512.0,3976.5,5.8,0.079347,0.076319,52578.9,4012.8,6.78,2012,2014
86,0.118902,0.11223,35535.5,3988.1,5.39,0.089688,0.085839,48566.1,4168.9,6.3,2012,2014
87,0.132772,0.124506,31547.3,3927.8,5.01,0.101555,0.096648,44397.3,4290.9,5.84,2012,2014
88,0.148583,0.138307,27619.5,3820.0,4.65,0.113289,0.107216,40106.4,4300.0,5.41,2012,2014
89,0.165847,0.153147,23799.5,3644.8,4.31,0.130259,0.122294,35806.3,4378.9,5.0,2012,2014
90,0.182,0.166819,20154.7,3362.2,4.0,0.146624,0.136609,31427.4,4293.3,4.63,2012,2014
91,0.202149,0.183592,16792.5,3083.0,3.71,0.164032,0.151598,27134.2,4113.5,4.28,2012,2014
92,0.226237,0.203246,13709.5,2786.4,3.43,0.181938,0.166767,23020.7,3839.1,3.96,2012,2014
93,0.249385,0.221736,10923.1,2422.1,3.17,0.20301,0.184303,19181.6,3535.2,3.65,2012,2014
94,0.264669,0.233737,8501.1,1987.0,2.93,0.226023,0.203074,15646.4,3177.4,3.37,2012,2014
95,0.318997,0.275116,6514.1,1792.1,2.68,0.260391,0.230395,12469.0,2872.8,3.1,2012,2014
96,0.348923,0.297092,4721.9,1402.8,2.5,0.293254,0.255754,9596.2,2454.3,2.87,2012,2014
97,0.375876,0.316411,3319.1,1050.2,2.35,0.310817,0.26901,7141.9,1921.3,2.69,2012,2014
98,0.409918,0.340192,2268.9,771.9,2.21,0.342499,0.292422,5220.7,1526.6,2.5,2012,2014
99,0.439964,0.360631,1497.0,539.9,2.09,0.378692,0.318404,3694.0,1176.2,2.32,2012,2014
100,0.461034,0.374667,957.2,358.6,1.98,0.40373,0.33592,2517.8,845.8,2.17,2012,2014
0,0.004297,0.004288,100000.0,428.8,79.07,0.003489,0.003483,100000.0,348.3,82.8,2013,2015
1,0.000324,0.000324,99571.2,32.3,78.41,0.000258,0.000258,99651.7,25.8,82.09,2013,2015
2,0.000172,0.000172,99539.0,17.1,77.43,0.000136,0.000136,99626.0,13.5,81.11,2013,2015
3,0.000124,0.000124,99521.9,12.4,76.45,0.000111,0.000111,99612.4,11.0,80.12,2013,2015
4,0.0001,0.0001,99509.5,10.0,75.46,8.4e-05,8.4e-05,99601.4,8.3,79.13,2013,2015
5,8.7e-05,8.7e-05,99499.5,8.6,74.46,7.2e-05,7.2e-05,99593.1,7.2,78.14,2013,2015
6,9.2e-05,9.2e-05,99490.9,9.1,73.47,7.6e-05,7.6e-05,99585.9,7.5,77.14,2013,2015
7,9.8e-05,9.8e-05,99481.8,9.7,72.48,7.9e-05,7.9e-05,99578.4,7.9,76.15,2013,2015
8,7.2e-05,7.2e-05,99472.1,7.2,71.48,7.1e-05,7.1e-05,99570.5,7.1,75.15,2013,2015
9,8.7e-05,8.7e-05,99464.9,8.6,70.49,6.6e-05,6.6e-05,99563.4,6.6,74.16,2013,2015
10,9.6e-05,9.6e-05,99456.3,9.6,69.49,6.9e-05,6.9e-05,99556.8,6.8,73.16,2013,2015
11,9.3e-05,9.3e-05,99446.7,9.3,68.5,5.9e-05,5.9e-05,99550.0,5.9,72.17,2013,2015
12,9.9e-05,9.9e-05,99437.4,9.9,67.51,6e-05,6e-05,99544.1,6.0,71.17,2013,2015
13,0.000118,0.000118,99427.6,11.7,66.51,0.000106,0.000106,99538.1,10.5,70.18,2013,2015
14,0.000121,0.000121,99415.8,12.0,65.52,0.000113,0.000113,99527.6,11.2,69.18,2013,2015
15,0.000165,0.000165,99403.8,16.4,64.53,0.00014,0.00014,99516.3,13.9,68.19,2013,2015
16,0.000213,0.000213,99387.5,21.1,63.54,0.000158,0.000158,99502.4,15.7,67.2,2013,2015
17,0.000297,0.000297,99366.3,29.6,62.55,0.000154,0.000154,99486.7,15.3,66.21,2013,2015
18,0.000418,0.000417,99336.8,41.5,61.57,0.000199,0.000199,99471.4,19.8,65.22,2013,2015
19,0.000472,0.000472,99295.3,46.9,60.6,0.000206,0.000206,99451.7,20.5,64.24,2013,2015
20,0.000459,0.000459,99248.4,45.5,59.63,0.000198,0.000198,99431.2,19.7,63.25,2013,2015
21,0.00049,0.00049,99202.9,48.6,58.65,0.000201,0.000201,99411.5,19.9,62.26,2013,2015
22,0.000474,0.000474,99154.4,47.0,57.68,0.000209,0.000209,99391.5,20.8,61.27,2013,2015
23,0.000548,0.000547,99107.4,54.3,56.71,0.000226,0.000226,99370.8,22.5,60.29,2013,2015
24,0.000557,0.000557,99053.1,55.2,55.74,0.000213,0.000213,99348.3,21.2,59.3,2013,2015
25,0.000609,0.000609,98997.9,60.3,54.77,0.000252,0.000252,99327.1,25.1,58.31,2013,2015
26,0.00064,0.000639,98937.6,63.3,53.8,0.000279,0.000279,99302.1,27.7,57.33,2013,2015
27,0.000656,0.000656,98874.3,64.9,52.84,0.000262,0.000262,99274.3,26.0,56.34,2013,2015
28,0.000641,0.00064,98809.5,63.3,51.87,0.000322,0.000322,99248.3,32.0,55.36,2013,2015
29,0.000691,0.000691,98746.2,68.2,50.91,0.000332,0.000332,99216.3,32.9,54.38,2013,2015
30,0.000736,0.000736,98677.9,72.6,49.94,0.000377,0.000377,99183.4,37.4,53.39,2013,2015
31,0.000766,0.000766,98605.3,75.5,48.98,0.000409,0.000409,99146.0,40.5,52.41,2013,2015
32,0.000877,0.000876,98529.8,86.3,48.01,0.00044,0.00044,99105.4,43.6,51.43,2013,2015
33,0.000867,0.000866,98443.5,85.3,47.06,0.000468,0.000468,99061.8,46.3,50.46,2013,2015
34,0.000947,0.000947,98358.2,93.1,46.1,0.00052,0.00052,99015.5,51.5,49.48,2013,2015
35,0.001021,0.001021,98265.0,100.3,45.14,0.000579,0.000579,98964.0,57.3,48.51,2013,2015
36,0.001079,0.001079,98164.7,105.9,44.18,0.000646,0.000646,98906.7,63.9,47.53,2013,2015
37,0.001177,0.001177,98058.8,115.4,43.23,0.000662,0.000661,98842.8,65.4,46.56,2013,2015
38,0.001352,0.001351,97943.5,132.3,42.28,0.000737,0.000737,98777.5,72.8,45.59,2013,2015
39,0.00139,0.00139,97811.1,135.9,41.34,0.000821,0.000821,98704.7,81.0,44.63,2013,2015
40,0.001542,0.00154,97675.2,150.5,40.4,0.000902,0.000902,98623.7,89.0,43.66,2013,2015
41,0.001649,0.001648,97524.8,160.7,39.46,0.000942,0.000941,98534.8,92.8,42.7,2013,2015
42,0.001767,0.001766,97364.1,171.9,38.52,0.001069,0.001068,98442.0,105.2,41.74,2013,2015
43,0.001842,0.001841,97192.1,178.9,37.59,0.001152,0.001151,98336.8,113.2,40.79,2013,2015
44,0.00205,0.002048,97013.3,198.7,36.66,0.001268,0.001267,98223.6,124.4,39.83,2013,2015
45,0.002229,0.002227,96814.6,215.6,35.73,0.001384,0.001383,98099.2,135.7,38.88,2013,2015
46,0.002362,0.002359,96599.0,227.9,34.81,0.00147,0.001469,97963.5,143.9,37.94,2013,2015
47,0.002547,0.002543,96371.1,245.1,33.89,0.001603,0.001602,97819.6,156.7,36.99,2013,2015
48,0.002676,0.002672,96126.0,256.9,32.98,0.001741,0.00174,97662.9,169.9,36.05,2013,2015
49,0.002993,0.002989,95869.1,286.5,32.06,0.001898,0.001896,97493.0,184.9,35.11,2013,2015
50,0.003212,0.003207,95582.5,306.5,31.16,0.002159,0.002157,97308.1,209.9,34.18,2013,2015
51,0.003456,0.00345,95276.0,328.7,30.26,0.002305,0.002302,97098.3,223.5,33.25,2013,2015
52,0.003696,0.00369,94947.3,350.3,29.36,0.002523,0.002519,96874.7,244.1,32.33,2013,2015
53,0.004029,0.004021,94597.0,380.4,28.47,0.002792,0.002788,96630.7,269.4,31.41,2013,2015
54,0.004485,0.004475,94216.6,421.6,27.58,0.002993,0.002989,96361.3,288.0,30.49,2013,2015
55,0.004865,0.004853,93795.0,455.2,26.7,0.003361,0.003356,96073.3,322.4,29.58,2013,2015
56,0.005351,0.005336,93339.8,498.1,25.83,0.003626,0.00362,95750.9,346.6,28.68,2013,2015
57,0.005993,0.005975,92841.7,554.7,24.96,0.004008,0.004,95404.3,381.6,27.78,2013,2015
58,0.006597,0.006575,92287.0,606.8,24.11,0.004253,0.004244,95022.7,403.3,26.89,2013,2015
59,0.007302,0.007275,91680.2,667.0,23.27,0.004712,0.004701,94619.4,444.8,26.0,2013,2015
60,0.008101,0.008068,91013.2,734.3,22.43,0.005257,0.005243,94174.6,493.8,25.13,2013,2015
61,0.008751,0.008713,90278.9,786.6,21.61,0.005747,0.00573,93680.9,536.8,24.25,2013,2015
62,0.009635,0.009589,89492.3,858.2,20.8,0.006246,0.006226,93144.0,580.0,23.39,2013,2015
63,0.01055,0.010495,88634.1,930.2,19.99,0.006848,0.006824,92564.1,631.7,22.54,2013,2015
64,0.011552,0.011486,87703.9,1007.4,19.2,0.007364,0.007337,91932.4,674.5,21.69,2013,2015
65,0.012434,0.012357,86696.5,1071.3,18.42,0.008049,0.008017,91257.9,731.6,20.84,2013,2015
66,0.013166,0.01308,85625.2,1120.0,17.64,0.008535,0.008499,90526.3,769.3,20.01,2013,2015
67,0.014545,0.01444,84505.2,1220.2,16.87,0.009546,0.0095,89756.9,852.7,19.17,2013,2015
68,0.015972,0.015845,83285.0,1319.7,16.11,0.010756,0.010698,88904.2,951.1,18.35,2013,2015
69,0.01802,0.017859,81965.3,1463.9,15.36,0.011752,0.011683,87953.1,1027.6,17.55,2013,2015
70,0.019716,0.019523,80501.4,1571.6,14.63,0.013132,0.013046,86925.5,1134.1,16.75,2013,2015
71,0.021812,0.021577,78929.8,1703.0,13.91,0.014474,0.01437,85791.5,1232.8,15.96,2013,2015
72,0.025067,0.024757,77226.8,1911.9,13.21,0.016287,0.016155,84558.6,1366.0,15.19,2013,2015
73,0.027366,0.026997,75314.9,2033.3,12.53,0.018494,0.018325,83192.6,1524.5,14.43,2013,2015
74,0.030853,0.030385,73281.6,2226.6,11.87,0.020576,0.020367,81668.1,1663.3,13.69,2013,2015
75,0.033737,0.033177,71055.0,2357.4,11.22,0.022747,0.022491,80004.8,1799.4,12.96,2013,2015
76,0.03724,0.036559,68697.5,2511.5,10.59,0.025461,0.025141,78205.4,1966.1,12.25,2013,2015
77,0.041015,0.040191,66186.0,2660.1,9.97,0.028307,0.027912,76239.3,2128.0,11.55,2013,2015
78,0.045997,0.044963,63526.0,2856.3,9.37,0.031507,0.031018,74111.3,2298.8,10.87,2013,2015
79,0.05092,0.049656,60669.6,3012.6,8.79,0.036193,0.03555,71812.5,2552.9,10.2,2013,2015
80,0.058326,0.056674,57657.0,3267.6,8.22,0.041543,0.040697,69259.6,2818.7,9.56,2013,2015
81,0.064768,0.062737,54389.4,3412.2,7.68,0.046858,0.045785,66440.9,3042.0,8.95,2013,2015
82,0.074157,0.071505,50977.2,3645.1,7.16,0.053543,0.052147,63398.9,3306.1,8.35,2013,2015
83,0.083291,0.079961,47332.1,3784.7,6.68,0.060788,0.058995,60092.8,3545.1,7.78,2013,2015
84,0.093282,0.089125,43547.3,3881.2,6.21,0.070311,0.067923,56547.7,3840.9,7.24,2013,2015
85,0.106413,0.101038,39666.2,4007.8,5.77,0.07941,0.076377,52706.8,4025.6,6.73,2013,2015
86,0.118446,0.111824,35658.4,3987.5,5.37,0.089724,0.085871,48681.2,4180.3,6.25,2013,2015
87,0.132651,0.1244,31670.9,3939.9,4.98,0.10272,0.097702,44500.9,4347.8,5.79,2013,2015
88,0.149798,0.13936,27731.1,3864.6,4.62,0.115176,0.108905,40153.0,4372.9,5.36,2013,2015
89,0.166346,0.153573,23866.5,3665.2,4.28,0.13145,0.123343,35780.2,4413.2,4.95,2013,2015
90,0.18393,0.168439,20201.2,3402.7,3.97,0.148547,0.138276,31366.9,4337.3,4.58,2013,2015
91,0.204669,0.185668,16798.5,3119.0,3.67,0.165168,0.152568,27029.6,4123.9,4.23,2013,2015
92,0.231109,0.20717,13679.6,2834.0,3.39,0.186663,0.170729,22905.8,3910.7,3.9,2013,2015
93,0.250884,0.22292,10845.6,2417.7,3.15,0.205312,0.186198,18995.1,3536.8,3.61,2013,2015
94,0.275023,0.241776,8427.9,2037.7,2.91,0.233247,0.208886,15458.2,3229.0,3.32,2013,2015
95,0.309011,0.267657,6390.2,1710.4,2.68,0.258906,0.229231,12229.2,2803.3,3.06,2013,2015
96,0.351505,0.298962,4679.8,1399.1,2.47,0.298154,0.259473,9425.9,2445.8,2.82,2013,2015
97,0.378312,0.318135,3280.8,1043.7,2.31,0.320049,0.275898,6980.2,1925.8,2.63,2013,2015
98,0.416069,0.344418,2237.0,770.5,2.16,0.350078,0.297929,5054.3,1505.8,2.45,2013,2015
99,0.442854,0.362571,1466.6,531.7,2.03,0.385359,0.323104,3548.5,1146.5,2.27,2013,2015
100,0.482228,0.388544,934.8,363.2,1.9,0.415052,0.343721,2402.0,825.6,2.12,2013,2015
0,0.004234,0.004225,100000.0,422.5,79.13,0.003521,0.003515,100000.0,351.5,82.83,2014,2016
1,0.000309,0.000309,99577.5,30.8,78.47,0.000249,0.000249,99648.5,24.8,82.12,2014,2016
2,0.000166,0.000166,99546.7,16.5,77.49,0.000139,0.000139,99623.7,13.9,81.14,2014,2016
3,0.000129,0.000129,99530.2,12.8,76.5,0.000107,0.000107,99609.8,10.6,80.16,2014,2016
4,9.1e-05,9.1e-05,99517.4,9.0,75.51,8.3e-05,8.3e-05,99599.2,8.2,79.16,2014,2016
5,9.3e-05,9.3e-05,99508.4,9.3,74.52,6.8e-05,6.8e-05,99591.0,6.8,78.17,2014,2016
6,9.1e-05,9.1e-05,99499.1,9.1,73.53,7.4e-05,7.4e-05,99584.2,7.4,77.18,2014,2016
7,8.6e-05,8.6e-05,99490.0,8.5,72.53,7.5e-05,7.5e-05,99576.8,7.4,76.18,2014,2016
8,6.6e-05,6.6e-05,99481.5,6.6,71.54,6.1e-05,6.1e-05,99569.3,6.1,75.19,2014,2016
9,8.5e-05,8.5e-05,99474.9,8.5,70.54,6.9e-05,6.9e-05,99563.3,6.9,74.19,2014,2016
10,9.4e-05,9.4e-05,99466.4,9.4,69.55,5.9e-05,5.9e-05,99556.4,5.9,73.2,2014,2016
11,9.9e-05,9.9e-05,99457.0,9.8,68.56,6.1e-05,6.1e-05,99550.5,6.0,72.2,2014,2016
12,9.5e-05,9.5e-05,99447.1,9.4,67.56,6e-05,6e-05,99544.5,6.0,71.21,2014,2016
13,0.0001,0.0001,99437.7,10.0,66.57,0.000106,0.000106,99538.5,10.6,70.21,2014,2016
14,0.000126,0.000126,99427.7,12.5,65.58,0.000112,0.000112,99527.9,11.2,69.22,2014,2016
15,0.00016,0.00016,99415.2,15.9,64.59,0.000139,0.000139,99516.8,13.8,68.22,2014,2016
16,0.000216,0.000216,99399.4,21.5,63.6,0.000162,0.000162,99503.0,16.1,67.23,2014,2016
17,0.0003,0.000299,99377.9,29.8,62.61,0.000155,0.000155,99486.9,15.4,66.25,2014,2016
18,0.000416,0.000416,99348.2,41.4,61.63,0.000208,0.000208,99471.5,20.7,65.26,2014,2016
19,0.000451,0.000451,99306.8,44.8,60.65,0.000206,0.000206,99450.8,20.5,64.27,2014,2016
20,0.000471,0.000471,99262.0,46.7,59.68,0.000201,0.000201,99430.3,20.0,63.28,2014,2016
21,0.000506,0.000506,99215.2,50.2,58.71,0.000215,0.000215,99410.3,21.3,62.29,2014,2016
22,0.000501,0.000501,99165.0,49.7,57.74,0.000212,0.000212,99389.0,21.1,61.31,2014,2016
23,0.000563,0.000562,99115.3,55.7,56.77,0.000225,0.000225,99367.9,22.3,60.32,2014,2016
24,0.000568,0.000568,99059.6,56.2,55.8,0.000228,0.000228,99345.5,22.7,59.33,2014,2016
25,0.000615,0.000615,99003.3,60.9,54.83,0.000248,0.000248,99322.8,24.6,58.35,2014,2016
26,0.000659,0.000659,98942.4,65.2,53.86,0.000273,0.000273,99298.2,27.1,57.36,2014,2016
27,0.000656,0.000656,98877.2,64.8,52.9,0.00027,0.000269,99271.1,26.8,56.38,2014,2016
28,0.000686,0.000686,98812.4,67.8,51.93,0.000323,0.000323,99244.4,32.1,55.39,2014,2016
29,0.000711,0.000711,98744.6,70.2,50.97,0.000345,0.000345,99212.3,34.2,54.41,2014,2016
30,0.000752,0.000752,98674.4,74.2,50.0,0.000377,0.000377,99178.1,37.4,53.43,2014,2016
31,0.00077,0.00077,98600.2,75.9,49.04,0.000404,0.000404,99140.7,40.0,52.45,2014,2016
32,0.000907,0.000906,98524.3,89.3,48.08,0.00046,0.00046,99100.7,45.6,51.47,2014,2016
33,0.000889,0.000889,98435.0,87.5,47.12,0.000485,0.000485,99055.0,48.1,50.49,2014,2016
34,0.000969,0.000968,98347.5,95.2,46.16,0.000524,0.000524,99007.0,51.9,49.52,2014,2016
35,0.001022,0.001022,98252.3,100.4,45.21,0.00058,0.00058,98955.1,57.4,48.54,2014,2016
36,0.001087,0.001087,98151.9,106.7,44.25,0.000645,0.000645,98897.7,63.8,47.57,2014,2016
37,0.001134,0.001134,98045.2,111.1,43.3,0.00067,0.00067,98833.9,66.2,46.6,2014,2016
38,0.001313,0.001312,97934.1,128.5,42.35,0.000748,0.000748,98767.7,73.8,45.63,2014,2016
39,0.001357,0.001356,97805.6,132.6,41.4,0.000801,0.000801,98693.9,79.1,44.67,2014,2016
40,0.001546,0.001545,97673.0,150.9,40.46,0.000932,0.000932,98614.8,91.9,43.7,2014,2016
41,0.001672,0.001671,97522.1,163.0,39.52,0.000958,0.000958,98522.9,94.4,42.74,2014,2016
42,0.001733,0.001732,97359.2,168.6,38.59,0.001079,0.001079,98428.6,106.2,41.78,2014,2016
43,0.001904,0.001902,97190.6,184.9,37.65,0.001151,0.00115,98322.4,113.1,40.83,2014,2016
44,0.00212,0.002118,97005.7,205.4,36.72,0.001275,0.001274,98209.3,125.1,39.87,2014,2016
45,0.002197,0.002195,96800.3,212.5,35.8,0.00145,0.001449,98084.1,142.1,38.92,2014,2016
46,0.002367,0.002364,96587.8,228.3,34.88,0.001521,0.00152,97942.0,148.8,37.98,2014,2016
47,0.002636,0.002632,96359.5,253.6,33.96,0.001621,0.001619,97793.2,158.4,37.04,2014,2016
48,0.002719,0.002715,96105.8,261.0,33.05,0.001759,0.001757,97634.8,171.5,36.1,2014,2016
49,0.003007,0.003002,95844.9,287.8,32.14,0.001867,0.001865,97463.2,181.8,35.16,2014,2016
50,0.003334,0.003328,95557.1,318.1,31.23,0.002135,0.002132,97281.5,207.4,34.22,2014,2016
51,0.003467,0.003461,95239.1,329.6,30.33,0.002342,0.00234,97074.1,227.1,33.3,2014,2016
52,0.003722,0.003715,94909.5,352.6,29.44,0.002533,0.00253,96846.9,245.0,32.37,2014,2016
53,0.003993,0.003985,94556.9,376.8,28.55,0.002781,0.002777,96601.9,268.3,31.45,2014,2016
54,0.0044,0.00439,94180.1,413.5,27.66,0.002994,0.00299,96333.7,288.0,30.54,2014,2016
55,0.004977,0.004964,93766.6,465.5,26.78,0.003347,0.003342,96045.7,321.0,29.63,2014,2016
56,0.005362,0.005348,93301.1,499.0,25.91,0.003626,0.00362,95724.7,346.5,28.73,2014,2016
57,0.005846,0.005829,92802.2,540.9,25.05,0.003989,0.003981,95378.2,379.7,27.83,2014,2016
58,0.006481,0.00646,92261.2,596.0,24.19,0.004256,0.004247,94998.5,403.5,26.94,2014,2016
59,0.00716,0.007135,91665.2,654.0,23.34,0.004819,0.004808,94595.0,454.8,26.05,2014,2016
60,0.008,0.007968,91011.2,725.2,22.51,0.005286,0.005272,94140.2,496.3,25.17,2014,2016
61,0.008742,0.008704,90286.1,785.8,21.68,0.005686,0.00567,93643.9,531.0,24.31,2014,2016
62,0.009482,0.009437,89500.3,844.7,20.87,0.006339,0.006319,93113.0,588.4,23.44,2014,2016
63,0.010576,0.010521,88655.6,932.7,20.06,0.006852,0.006829,92524.6,631.9,22.59,2014,2016
64,0.011546,0.01148,87722.9,1007.0,19.27,0.007423,0.007396,91892.7,679.6,21.74,2014,2016
65,0.012448,0.012371,86715.9,1072.8,18.49,0.007974,0.007943,91213.1,724.5,20.9,2014,2016
66,0.013412,0.013323,85643.1,1141.0,17.72,0.00881,0.008772,90488.7,793.8,20.06,2014,2016
67,0.014454,0.01435,84502.1,1212.6,16.95,0.009437,0.009393,89694.9,842.5,19.23,2014,2016
68,0.015912,0.015786,83289.5,1314.8,16.19,0.010607,0.010551,88852.5,937.5,18.41,2014,2016
69,0.017707,0.017552,81974.7,1438.8,15.44,0.011621,0.011554,87914.9,1015.7,17.6,2014,2016
70,0.019603,0.019413,80535.9,1563.4,14.71,0.013144,0.013059,86899.2,1134.8,16.8,2014,2016
71,0.021839,0.021603,78972.5,1706.0,13.99,0.014566,0.014461,85764.4,1240.2,16.02,2014,2016
72,0.024176,0.023888,77266.4,1845.7,13.29,0.016226,0.016096,84524.2,1360.5,15.25,2014,2016
73,0.026691,0.02634,75420.7,1986.6,12.6,0.018291,0.018126,83163.7,1507.4,14.49,2014,2016
74,0.03048,0.030023,73434.1,2204.7,11.93,0.020199,0.019997,81656.3,1632.9,13.75,2014,2016
75,0.033674,0.033116,71229.4,2358.8,11.28,0.022578,0.022326,80023.5,1786.6,13.02,2014,2016
76,0.036813,0.036148,68870.6,2489.5,10.65,0.025555,0.025232,78236.9,1974.1,12.3,2014,2016
77,0.04095,0.040128,66381.1,2663.7,10.03,0.028062,0.027674,76262.8,2110.5,11.61,2014,2016
78,0.045496,0.044484,63717.3,2834.4,9.43,0.031483,0.030995,74152.3,2298.4,10.92,2014,2016
79,0.050635,0.049384,60882.9,3006.7,8.84,0.035492,0.034873,71853.9,2505.8,10.26,2014,2016
80,0.057474,0.055869,57876.3,3233.5,8.28,0.041005,0.040181,69348.2,2786.5,9.61,2014,2016
81,0.06378,0.061809,54642.8,3377.4,7.74,0.046104,0.045065,66561.7,2999.6,8.99,2014,2016
82,0.072498,0.069962,51265.4,3586.6,7.21,0.052744,0.051389,63562.1,3266.4,8.39,2014,2016
83,0.082373,0.079114,47678.8,3772.1,6.72,0.06055,0.05877,60295.7,3543.6,7.82,2014,2016
84,0.092358,0.088281,43906.7,3876.1,6.25,0.069143,0.066832,56752.1,3792.9,7.28,2014,2016
85,0.104945,0.099713,40030.5,3991.6,5.81,0.0782,0.075257,52959.2,3985.6,6.76,2014,2016
86,0.116898,0.110443,36039.0,3980.3,5.4,0.089446,0.085617,48973.6,4193.0,6.27,2014,2016
87,0.13153,0.123413,32058.7,3956.5,5.01,0.101962,0.097016,44780.6,4344.4,5.81,2014,2016
88,0.149074,0.138733,28102.3,3898.7,4.64,0.115183,0.10891,40436.2,4403.9,5.38,2014,2016
89,0.16497,0.152399,24203.5,3688.6,4.31,0.131253,0.12317,36032.3,4438.1,4.98,2014,2016
90,0.182757,0.167455,20514.9,3435.3,3.99,0.147785,0.137616,31594.2,4347.9,4.61,2014,2016
91,0.202197,0.183632,17079.6,3136.4,3.69,0.163839,0.151433,27246.3,4126.0,4.26,2014,2016
92,0.226865,0.203753,13943.2,2841.0,3.41,0.185422,0.16969,23120.3,3923.3,3.93,2014,2016
93,0.253041,0.224622,11102.3,2493.8,3.16,0.205958,0.186729,19197.0,3584.6,3.63,2014,2016
94,0.273988,0.240976,8608.5,2074.4,2.93,0.228012,0.204678,15612.4,3195.5,3.35,2014,2016
95,0.30537,0.26492,6534.0,1731.0,2.7,0.256361,0.227234,12416.9,2821.5,3.09,2014,2016
96,0.340119,0.290685,4803.0,1396.2,2.49,0.285818,0.250079,9595.3,2399.6,2.85,2014,2016
97,0.377506,0.317564,3406.9,1081.9,2.31,0.32344,0.278415,7195.7,2003.4,2.63,2014,2016
98,0.415396,0.343957,2325.0,799.7,2.15,0.34967,0.297633,5192.3,1545.4,2.45,2014,2016
99,0.439876,0.360572,1525.3,550.0,2.02,0.382281,0.320937,3646.9,1170.4,2.28,2014,2016
100,0.492126,0.394945,975.3,385.2,1.88,0.411599,0.341349,2476.5,845.4,2.13,2014,2016
0,0.004285,0.004276,100000.0,427.6,79.13,0.003495,0.003489,100000.0,348.9,82.82,2015,2017
1,0.000274,0.000274,99572.4,27.3,78.47,0.000235,0.000235,99651.1,23.4,82.11,2015,2017
2,0.000157,0.000157,99545.1,15.6,77.49,0.000143,0.000143,99627.7,14.2,81.13,2015,2017
3,0.000123,0.000123,99529.4,12.3,76.5,0.0001,0.0001,99613.5,9.9,80.14,2015,2017
4,0.000105,0.000105,99517.2,10.4,75.51,8.5e-05,8.5e-05,99603.5,8.5,79.15,2015,2017
5,9.4e-05,9.4e-05,99506.8,9.3,74.52,7.1e-05,7.1e-05,99595.0,7.0,78.16,2015,2017
6,7.8e-05,7.8e-05,99497.4,7.8,73.53,7.4e-05,7.4e-05,99588.0,7.4,77.16,2015,2017
7,8.4e-05,8.4e-05,99489.6,8.3,72.53,6.8e-05,6.8e-05,99580.6,6.8,76.17,2015,2017
8,7.1e-05,7.1e-05,99481.3,7.0,71.54,6.2e-05,6.2e-05,99573.8,6.2,75.17,2015,2017
9,7.9e-05,7.9e-05,99474.3,7.8,70.55,6.1e-05,6.1e-05,99567.6,6.0,74.18,2015,2017
10,7.8e-05,7.8e-05,99466.4,7.8,69.55,5.2e-05,5.2e-05,99561.6,5.1,73.18,2015,2017
11,9.1e-05,9.1e-05,99458.6,9.1,68.56,7.3e-05,7.3e-05,99556.4,7.3,72.18,2015,2017
12,9.4e-05,9.4e-05,99449.6,9.3,67.56,7.3e-05,7.3e-05,99549.2,7.3,71.19,2015,2017
13,0.000105,0.000105,99440.2,10.4,66.57,9e-05,9e-05,99541.9,9.0,70.19,2015,2017
14,0.000117,0.000117,99429.8,11.7,65.58,0.000106,0.000106,99532.9,10.6,69.2,2015,2017
15,0.000171,0.000171,99418.2,17.0,64.58,0.000126,0.000126,99522.3,12.5,68.21,2015,2017
16,0.000222,0.000222,99401.2,22.1,63.59,0.000152,0.000152,99509.8,15.1,67.22,2015,2017
17,0.000306,0.000306,99379.1,30.4,62.61,0.000154,0.000154,99494.7,15.3,66.23,2015,2017
18,0.000401,0.000401,99348.7,39.9,61.63,0.000209,0.000209,99479.4,20.8,65.24,2015,2017
19,0.000439,0.000439,99308.8,43.6,60.65,0.000198,0.000198,99458.6,19.6,64.25,2015,2017
20,0.000467,0.000466,99265.2,46.3,59.68,0.0002,0.0002,99439.0,19.9,63.26,2015,2017
21,0.000497,0.000497,99218.9,49.3,58.71,0.000205,0.000205,99419.0,20.4,62.28,2015,2017
22,0.000496,0.000496,99169.6,49.2,57.74,0.000197,0.000197,99398.6,19.6,61.29,2015,2017
23,0.000534,0.000534,99120.4,52.9,56.76,0.000217,0.000217,99379.1,21.6,60.3,2015,2017
24,0.000553,0.000553,99067.5,54.8,55.79,0.000211,0.000211,99357.5,21.0,59.31,2015,2017
25,0.000653,0.000652,99012.7,64.6,54.82,0.00024,0.00024,99336.5,23.8,58.33,2015,2017
26,0.000606,0.000606,98948.1,60.0,53.86,0.000266,0.000266,99312.7,26.4,57.34,2015,2017
27,0.000645,0.000645,98888.1,63.8,52.89,0.000274,0.000274,99286.3,27.2,56.35,2015,2017
28,0.000704,0.000704,98824.3,69.6,51.93,0.000304,0.000304,99259.1,30.2,55.37,2015,2017
29,0.000702,0.000702,98754.7,69.3,50.96,0.000326,0.000326,99228.9,32.3,54.39,2015,2017
30,0.000736,0.000736,98685.4,72.7,50.0,0.000366,0.000366,99196.5,36.3,53.4,2015,2017
31,0.000779,0.000778,98612.7,76.7,49.03,0.000391,0.000391,99160.2,38.8,52.42,2015,2017
32,0.000936,0.000936,98536.0,92.2,48.07,0.000469,0.000469,99121.4,46.5,51.44,2015,2017
33,0.000894,0.000894,98443.8,88.0,47.12,0.000492,0.000492,99075.0,48.7,50.47,2015,2017
34,0.00098,0.00098,98355.8,96.4,46.16,0.000501,0.0005,99026.3,49.6,49.49,2015,2017
35,0.001025,0.001024,98259.4,100.6,45.2,0.000579,0.000579,98976.7,57.3,48.52,2015,2017
36,0.001155,0.001155,98158.8,113.3,44.25,0.000649,0.000649,98919.4,64.2,47.54,2015,2017
37,0.001182,0.001181,98045.4,115.8,43.3,0.000719,0.000718,98855.3,71.0,46.58,2015,2017
38,0.001231,0.00123,97929.6,120.5,42.35,0.000718,0.000718,98784.3,70.9,45.61,2015,2017
39,0.001381,0.00138,97809.2,135.0,41.4,0.000829,0.000829,98713.3,81.8,44.64,2015,2017
40,0.001485,0.001484,97674.2,145.0,40.46,0.000918,0.000918,98631.5,90.5,43.68,2015,2017
41,0.001693,0.001692,97529.2,165.0,39.52,0.000963,0.000962,98541.0,94.8,42.72,2015,2017
42,0.001794,0.001792,97364.2,174.5,38.58,0.001063,0.001063,98446.2,104.6,41.76,2015,2017
43,0.001972,0.001971,97189.7,191.5,37.65,0.001132,0.001131,98341.6,111.3,40.8,2015,2017
44,0.002083,0.002081,96998.2,201.9,36.73,0.001281,0.00128,98230.3,125.7,39.85,2015,2017
45,0.002186,0.002184,96796.3,211.4,35.8,0.001426,0.001425,98104.5,139.8,38.9,2015,2017
46,0.002348,0.002346,96584.9,226.6,34.88,0.001512,0.001511,97964.7,148.0,37.95,2015,2017
47,0.002716,0.002713,96358.4,261.4,33.96,0.001639,0.001637,97816.7,160.2,37.01,2015,2017
48,0.002774,0.00277,96097.0,266.2,33.05,0.001761,0.001759,97656.5,171.8,36.07,2015,2017
49,0.003088,0.003084,95830.8,295.5,32.14,0.001906,0.001904,97484.7,185.6,35.13,2015,2017
50,0.003387,0.003381,95535.3,323.0,31.24,0.002132,0.00213,97299.1,207.2,34.2,2015,2017
51,0.003487,0.003481,95212.3,331.4,30.34,0.002343,0.00234,97091.9,227.2,33.27,2015,2017
52,0.003801,0.003794,94880.9,360.0,29.45,0.00257,0.002567,96864.7,248.7,32.35,2015,2017
53,0.003962,0.003954,94520.9,373.8,28.56,0.002802,0.002798,96616.0,270.4,31.43,2015,2017
54,0.004404,0.004394,94147.1,413.7,27.67,0.003011,0.003006,96345.6,289.6,30.52,2015,2017
55,0.004918,0.004906,93733.4,459.8,26.79,0.003286,0.00328,96056.0,315.1,29.61,2015,2017
56,0.005458,0.005443,93273.6,507.7,25.92,0.003611,0.003605,95740.9,345.1,28.7,2015,2017
57,0.005862,0.005845,92765.9,542.2,25.06,0.003864,0.003857,95395.8,367.9,27.8,2015,2017
58,0.006377,0.006357,92223.7,586.2,24.2,0.00424,0.004231,95027.8,402.0,26.91,2015,2017
59,0.007051,0.007026,91637.5,643.8,23.35,0.004787,0.004775,94625.8,451.9,26.02,2015,2017
60,0.00799,0.007959,90993.6,724.2,22.51,0.005197,0.005184,94173.9,488.2,25.14,2015,2017
61,0.008652,0.008615,90269.5,777.7,21.69,0.005657,0.005641,93685.8,528.5,24.27,2015,2017
62,0.009378,0.009334,89491.8,835.3,20.88,0.006332,0.006312,93157.3,588.0,23.41,2015,2017
63,0.010556,0.0105,88656.5,930.9,20.07,0.006916,0.006892,92569.3,638.0,22.55,2015,2017
64,0.01154,0.011474,87725.6,1006.5,19.27,0.00739,0.007363,91931.3,676.9,21.71,2015,2017
65,0.012352,0.012276,86719.0,1064.6,18.49,0.007962,0.007931,91254.4,723.7,20.86,2015,2017
66,0.013636,0.013543,85654.5,1160.1,17.72,0.008977,0.008937,90530.7,809.0,20.03,2015,2017
67,0.014775,0.014666,84494.4,1239.2,16.95,0.009708,0.009661,89721.7,866.8,19.2,2015,2017
68,0.015808,0.015684,83255.2,1305.8,16.2,0.010449,0.010395,88854.9,923.6,18.38,2015,2017
69,0.017471,0.01732,81949.4,1419.4,15.45,0.011631,0.011563,87931.3,1016.8,17.57,2015,2017
70,0.01911,0.01893,80530.0,1524.4,14.71,0.012807,0.012725,86914.5,1106.0,16.77,2015,2017
71,0.02164,0.021408,79005.6,1691.3,13.99,0.01441,0.014307,85808.5,1227.7,15.98,2015,2017
72,0.023908,0.023625,77314.3,1826.6,13.28,0.01609,0.015961,84580.8,1350.0,15.21,2015,2017
73,0.026408,0.026063,75487.7,1967.5,12.59,0.018174,0.01801,83230.7,1499.0,14.45,2015,2017
74,0.030089,0.029643,73520.2,2179.4,11.91,0.019952,0.019755,81731.7,1614.6,13.7,2015,2017
75,0.033609,0.033054,71340.9,2358.1,11.26,0.022583,0.022331,80117.1,1789.1,12.97,2015,2017
76,0.03732,0.036637,68982.8,2527.3,10.63,0.025918,0.025587,78328.0,2004.2,12.25,2015,2017
77,0.040949,0.040127,66455.5,2666.7,10.02,0.027954,0.027568,76323.8,2104.1,11.56,2015,2017
78,0.045408,0.0444,63788.8,2832.2,9.41,0.032032,0.031527,74219.7,2339.9,10.87,2015,2017
79,0.050812,0.049553,60956.7,3020.6,8.83,0.035402,0.034786,71879.8,2500.4,10.21,2015,2017
80,0.057203,0.055613,57936.1,3222.0,8.26,0.040732,0.039919,69379.4,2769.5,9.56,2015,2017
81,0.063831,0.061856,54714.1,3384.4,7.72,0.045927,0.044896,66609.8,2990.5,8.94,2015,2017
82,0.072301,0.069779,51329.7,3581.7,7.19,0.052759,0.051403,63619.3,3270.2,8.34,2015,2017
83,0.082289,0.079037,47748.0,3773.9,6.7,0.060547,0.058768,60349.1,3546.6,7.76,2015,2017
84,0.092422,0.08834,43974.1,3884.7,6.23,0.069518,0.067183,56802.5,3816.2,7.21,2015,2017
85,0.104372,0.099196,40089.4,3976.7,5.78,0.078597,0.075625,52986.3,4007.1,6.7,2015,2017
86,0.117574,0.111046,36112.7,4010.2,5.36,0.090262,0.086365,48979.2,4230.1,6.2,2015,2017
87,0.132205,0.124008,32102.5,3981.0,4.97,0.102393,0.097406,44749.2,4358.8,5.74,2015,2017
88,0.149237,0.138874,28121.6,3905.4,4.61,0.117533,0.11101,40390.3,4483.7,5.31,2015,2017
89,0.165794,0.153103,24216.2,3707.6,4.27,0.132988,0.124696,35906.6,4477.4,4.91,2015,2017
90,0.183455,0.168041,20508.7,3446.3,3.95,0.148873,0.138559,31429.2,4354.8,4.54,2015,2017
91,0.20703,0.18761,17062.4,3201.1,3.65,0.167657,0.15469,27074.4,4188.1,4.19,2015,2017
92,0.228699,0.205231,13861.3,2844.8,3.37,0.189191,0.172841,22886.2,3955.7,3.86,2015,2017
93,0.25503,0.226188,11016.5,2491.8,3.11,0.211185,0.191015,18930.6,3616.0,3.56,2015,2017
94,0.284536,0.249097,8524.7,2123.5,2.88,0.237127,0.211993,15314.5,3246.6,3.29,2015,2017
95,0.308649,0.267385,6401.2,1711.6,2.67,0.259956,0.230054,12068.0,2776.3,3.04,2015,2017
96,0.345111,0.294324,4689.6,1380.3,2.46,0.293945,0.256279,9291.7,2381.3,2.79,2015,2017
97,0.376294,0.316707,3309.4,1048.1,2.27,0.321053,0.276644,6910.4,1911.7,2.58,2015,2017
98,0.414113,0.343077,2261.3,775.8,2.09,0.363302,0.307453,4998.7,1536.9,2.38,2015,2017
99,0.467481,0.378913,1485.5,562.9,1.92,0.396472,0.33088,3461.8,1145.4,2.21,2015,2017
100,0.527839,0.417621,922.6,385.3,1.79,0.43192,0.355209,2316.4,822.8,2.06,2015,2017
0,0.004209,0.0042,100000.0,420.0,79.18,0.003554,0.003548,100000.0,354.8,82.88,2016,2018
1,0.000261,0.000261,99580.0,26.0,78.52,0.000228,0.000228,99645.2,22.7,82.18,2016,2018
2,0.000142,0.000142,99554.0,14.2,77.54,0.00013,0.00013,99622.5,12.9,81.2,2016,2018
3,0.000117,0.000117,99539.9,11.7,76.55,0.000101,0.000101,99609.6,10.0,80.21,2016,2018
4,0.000102,0.000102,99528.2,10.2,75.56,7.6e-05,7.6e-05,99599.5,7.5,79.22,2016,2018
5,9.6e-05,9.6e-05,99518.0,9.5,74.57,8.4e-05,8.4e-05,99592.0,8.3,78.22,2016,2018
6,8.2e-05,8.2e-05,99508.5,8.1,73.57,7.7e-05,7.7e-05,99583.6,7.6,77.23,2016,2018
7,7.8e-05,7.8e-05,99500.4,7.8,72.58,6.1e-05,6.1e-05,99576.0,6.1,76.23,2016,2018
8,7.1e-05,7.1e-05,99492.6,7.1,71.58,6e-05,6e-05,99569.9,6.0,75.24,2016,2018
9,6.6e-05,6.6e-05,99485.5,6.5,70.59,6.3e-05,6.3e-05,99563.9,6.3,74.24,2016,2018
10,7.7e-05,7.7e-05,99479.0,7.6,69.59,6e-05,6e-05,99557.7,5.9,73.25,2016,2018
11,8.7e-05,8.7e-05,99471.3,8.6,68.6,7.7e-05,7.7e-05,99551.7,7.6,72.25,2016,2018
12,9.9e-05,9.9e-05,99462.7,9.9,67.61,6.9e-05,6.9e-05,99544.1,6.9,71.26,2016,2018
13,0.000109,0.000109,99452.8,10.8,66.61,7.8e-05,7.8e-05,99537.2,7.7,70.26,2016,2018
14,0.000132,0.000132,99442.0,13.1,65.62,0.0001,0.0001,99529.5,10.0,69.27,2016,2018
15,0.000178,0.000178,99428.8,17.7,64.63,0.000118,0.000118,99519.5,11.7,68.27,2016,2018
16,0.000235,0.000235,99411.1,23.4,63.64,0.000152,0.000152,99507.8,15.2,67.28,2016,2018
17,0.000322,0.000322,99387.7,32.0,62.65,0.000152,0.000152,99492.6,15.2,66.29,2016,2018
18,0.000409,0.000409,99355.8,40.7,61.67,0.000217,0.000217,99477.5,21.6,65.3,2016,2018
19,0.000451,0.000451,99315.1,44.8,60.7,0.000193,0.000193,99455.9,19.2,64.32,2016,2018
20,0.000483,0.000483,99270.3,48.0,59.73,0.000193,0.000193,99436.7,19.1,63.33,2016,2018
21,0.000511,0.000511,99222.3,50.7,58.75,0.000217,0.000217,99417.6,21.6,62.34,2016,2018
22,0.000501,0.000501,99171.6,49.7,57.78,0.00021,0.00021,99396.0,20.9,61.35,2016,2018
23,0.000532,0.000531,99122.0,52.7,56.81,0.000209,0.000209,99375.1,20.7,60.37,2016,2018
24,0.000563,0.000563,99069.3,55.8,55.84,0.000221,0.000221,99354.3,22.0,59.38,2016,2018
25,0.000632,0.000632,99013.5,62.5,54.87,0.000257,0.000257,99332.3,25.5,58.39,2016,2018
26,0.000633,0.000633,98951.0,62.7,53.91,0.000249,0.000249,99306.8,24.7,57.41,2016,2018
27,0.000639,0.000639,98888.3,63.2,52.94,0.000282,0.000282,99282.1,28.0,56.42,2016,2018
28,0.000729,0.000729,98825.1,72.0,51.98,0.000323,0.000323,99254.1,32.1,55.44,2016,2018
29,0.000755,0.000754,98753.1,74.5,51.01,0.000306,0.000306,99222.0,30.4,54.46,2016,2018
30,0.000767,0.000767,98678.6,75.6,50.05,0.000364,0.000364,99191.6,36.1,53.47,2016,2018
31,0.00084,0.00084,98602.9,82.8,49.09,0.000382,0.000382,99155.6,37.9,52.49,2016,2018
32,0.00087,0.000869,98520.1,85.6,48.13,0.000468,0.000468,99117.7,46.4,51.51,2016,2018
33,0.000923,0.000923,98434.5,90.8,47.17,0.000488,0.000488,99071.3,48.3,50.54,2016,2018
34,0.000988,0.000988,98343.6,97.1,46.22,0.000535,0.000535,99023.0,53.0,49.56,2016,2018
35,0.001046,0.001046,98246.5,102.8,45.26,0.000576,0.000576,98970.0,57.0,48.59,2016,2018
36,0.001161,0.001161,98143.7,113.9,44.31,0.000644,0.000643,98913.0,63.6,47.61,2016,2018
37,0.001242,0.001241,98029.8,121.7,43.36,0.000725,0.000725,98849.4,71.6,46.64,2016,2018
38,0.001222,0.001221,97908.2,119.6,42.41,0.000707,0.000706,98777.7,69.8,45.68,2016,2018
39,0.001385,0.001384,97788.6,135.3,41.46,0.000831,0.000831,98707.9,82.0,44.71,2016,2018
40,0.001517,0.001516,97653.3,148.0,40.52,0.000869,0.000868,98626.0,85.6,43.75,2016,2018
41,0.001715,0.001713,97505.2,167.1,39.58,0.000978,0.000977,98540.3,96.3,42.78,2016,2018
42,0.001824,0.001822,97338.2,177.4,38.65,0.001037,0.001036,98444.0,102.0,41.83,2016,2018
43,0.002048,0.002045,97160.8,198.7,37.72,0.001167,0.001167,98342.0,114.7,40.87,2016,2018
44,0.002118,0.002115,96962.1,205.1,36.79,0.001313,0.001312,98227.3,128.9,39.92,2016,2018
45,0.002279,0.002277,96757.0,220.3,35.87,0.001421,0.00142,98098.4,139.3,38.97,2016,2018
46,0.002435,0.002432,96536.7,234.8,34.95,0.001523,0.001522,97959.1,149.1,38.02,2016,2018
47,0.0027,0.002696,96301.9,259.7,34.03,0.00168,0.001679,97810.0,164.2,37.08,2016,2018
48,0.00284,0.002836,96042.3,272.4,33.13,0.001803,0.001801,97645.8,175.9,36.14,2016,2018
49,0.003127,0.003122,95769.8,299.0,32.22,0.001916,0.001914,97469.9,186.6,35.2,2016,2018
50,0.003354,0.003349,95470.8,319.7,31.32,0.00212,0.002118,97283.3,206.0,34.27,2016,2018
51,0.003528,0.003522,95151.1,335.1,30.42,0.002352,0.002349,97077.3,228.1,33.34,2016,2018
52,0.003903,0.003896,94816.0,369.4,29.53,0.002573,0.00257,96849.2,248.9,32.42,2016,2018
53,0.004067,0.004059,94446.6,383.4,28.64,0.00275,0.002746,96600.3,265.2,31.5,2016,2018
54,0.004426,0.004416,94063.3,415.4,27.76,0.002947,0.002942,96335.1,283.5,30.59,2016,2018
55,0.004883,0.004871,93647.8,456.2,26.88,0.003261,0.003256,96051.6,312.7,29.68,2016,2018
56,0.005374,0.00536,93191.7,499.5,26.01,0.003619,0.003613,95738.9,345.9,28.77,2016,2018
57,0.005859,0.005842,92692.2,541.5,25.14,0.0039,0.003893,95393.0,371.3,27.87,2016,2018
58,0.006421,0.0064,92150.6,589.8,24.29,0.004333,0.004324,95021.7,410.9,26.98,2016,2018
59,0.007043,0.007018,91560.9,642.6,23.44,0.004751,0.004739,94610.8,448.4,26.1,2016,2018
60,0.007777,0.007747,90918.3,704.3,22.6,0.005136,0.005123,94162.4,482.4,25.22,2016,2018
61,0.008586,0.008549,90213.9,771.3,21.78,0.005641,0.005625,93680.0,526.9,24.35,2016,2018
62,0.009332,0.009289,89442.7,830.8,20.96,0.006357,0.006336,93153.1,590.3,23.48,2016,2018
63,0.010475,0.01042,88611.8,923.4,20.15,0.006897,0.006874,92562.8,636.2,22.63,2016,2018
64,0.011212,0.011149,87688.5,977.7,19.36,0.007427,0.0074,91926.6,680.2,21.78,2016,2018
65,0.01232,0.012244,86710.8,1061.7,18.57,0.008085,0.008053,91246.4,734.8,20.94,2016,2018
66,0.013712,0.013619,85649.1,1166.4,17.79,0.008964,0.008924,90511.6,807.7,20.1,2016,2018
67,0.014664,0.014557,84482.7,1229.9,17.03,0.009638,0.009592,89703.9,860.4,19.28,2016,2018
68,0.016124,0.015995,83252.9,1331.7,16.28,0.010504,0.010449,88843.5,928.3,18.46,2016,2018
69,0.017469,0.017318,81921.2,1418.7,15.53,0.011487,0.011421,87915.2,1004.1,17.65,2016,2018
70,0.018992,0.018813,80502.5,1514.5,14.8,0.012746,0.012665,86911.1,1100.8,16.85,2016,2018
71,0.021009,0.020791,78987.9,1642.2,14.07,0.013949,0.013853,85810.3,1188.7,16.06,2016,2018
72,0.023545,0.023271,77345.7,1799.9,13.36,0.016141,0.016011,84621.6,1354.9,15.28,2016,2018
73,0.02625,0.02591,75545.8,1957.4,12.67,0.0178,0.017643,83266.7,1469.1,14.52,2016,2018
74,0.029108,0.02869,73588.4,2111.2,11.99,0.019587,0.019397,81797.6,1586.7,13.77,2016,2018
75,0.032999,0.032463,71477.1,2320.4,11.33,0.022374,0.022126,80211.0,1774.8,13.03,2016,2018
76,0.036657,0.035997,69156.7,2489.4,10.69,0.025504,0.025183,78436.2,1975.2,12.32,2016,2018
77,0.040922,0.040101,66667.3,2673.4,10.07,0.028333,0.027937,76460.9,2136.1,11.62,2016,2018
78,0.045121,0.044125,63993.9,2823.7,9.47,0.032017,0.031513,74324.8,2342.2,10.94,2016,2018
79,0.05033,0.049094,61170.1,3003.1,8.89,0.0352,0.034591,71982.6,2490.0,10.28,2016,2018
80,0.056466,0.054916,58167.0,3194.3,8.32,0.039927,0.039145,69492.7,2720.3,9.63,2016,2018
81,0.06347,0.061518,54972.7,3381.8,7.78,0.045259,0.044258,66772.4,2955.2,9.01,2016,2018
82,0.07081,0.068389,51590.9,3528.2,7.25,0.05146,0.050169,63817.2,3201.7,8.4,2016,2018
83,0.080699,0.077569,48062.7,3728.2,6.75,0.059682,0.057953,60615.5,3512.8,7.82,2016,2018
84,0.090969,0.087012,44334.5,3857.6,6.27,0.067748,0.065528,57102.7,3741.8,7.27,2016,2018
85,0.101948,0.097004,40476.9,3926.4,5.82,0.077359,0.074478,53360.8,3974.2,6.74,2016,2018
86,0.116249,0.109863,36550.5,4015.6,5.4,0.089002,0.08521,49386.6,4208.3,6.24,2016,2018
87,0.130771,0.122745,32534.9,3993.5,5.0,0.101545,0.096638,45178.4,4365.9,5.78,2016,2018
88,0.147826,0.137652,28541.4,3928.8,4.63,0.116124,0.109752,40812.4,4479.2,5.34,2016,2018
89,0.166631,0.153816,24612.6,3785.8,4.29,0.131201,0.123124,36333.2,4473.5,4.94,2016,2018
90,0.180612,0.165652,20826.8,3450.0,3.98,0.146629,0.136614,31859.7,4352.5,4.56,2016,2018
91,0.202906,0.184216,17376.8,3201.1,3.67,0.166812,0.15397,27507.2,4235.3,4.21,2016,2018
92,0.227989,0.204659,14175.7,2901.2,3.39,0.187373,0.171322,23271.9,3987.0,3.88,2016,2018
93,0.252586,0.224263,11274.5,2528.5,3.13,0.209849,0.189921,19284.9,3662.6,3.58,2016,2018
94,0.279286,0.245064,8746.1,2143.4,2.89,0.233762,0.209299,15622.3,3269.7,3.3,2016,2018
95,0.312828,0.270515,6602.7,1786.1,2.66,0.264493,0.2336,12352.6,2885.6,3.04,2016,2018
96,0.344816,0.294109,4816.6,1416.6,2.46,0.289865,0.253172,9467.0,2396.8,2.82,2016,2018
97,0.377378,0.317474,3400.0,1079.4,2.28,0.321911,0.277281,7070.2,1960.4,2.6,2016,2018
98,0.399679,0.33311,2320.6,773.0,2.11,0.351265,0.298788,5109.8,1526.7,2.41,2016,2018
99,0.474399,0.383446,1547.6,593.4,1.92,0.392296,0.327966,3583.0,1175.1,2.22,2016,2018
100,0.520761,0.413177,954.2,394.2,1.8,0.42877,0.353076,2407.9,850.2,2.06,2016,2018
0,0.004277,0.004268,100000.0,426.8,79.29,0.003544,0.003538,100000.0,353.8,83.01,2017,2019
1,0.000247,0.000247,99573.2,24.6,78.63,0.000217,0.000217,99646.2,21.6,82.3,2017,2019
2,0.000135,0.000135,99548.6,13.5,77.65,0.00013,0.00013,99624.6,13.0,81.32,2017,2019
3,0.000104,0.000104,99535.1,10.4,76.66,0.000102,0.000102,99611.6,10.1,80.33,2017,2019
4,0.000101,0.000101,99524.8,10.0,75.67,7e-05,7e-05,99601.5,7.0,79.34,2017,2019
5,8.8e-05,8.8e-05,99514.7,8.8,74.68,8.9e-05,8.9e-05,99594.5,8.9,78.34,2017,2019
6,9.1e-05,9.1e-05,99505.9,9.0,73.68,8.5e-05,8.5e-05,99585.6,8.4,77.35,2017,2019
7,7e-05,7e-05,99496.9,7.0,72.69,6.4e-05,6.4e-05,99577.2,6.4,76.36,2017,2019
8,6.9e-05,6.9e-05,99489.9,6.8,71.69,6.5e-05,6.5e-05,99570.8,6.5,75.36,2017,2019
9,6e-05,6e-05,99483.1,6.0,70.7,5.4e-05,5.4e-05,99564.3,5.3,74.37,2017,2019
10,7.5e-05,7.5e-05,99477.1,7.5,69.7,6.5e-05,6.5e-05,99559.0,6.5,73.37,2017,2019
11,8.7e-05,8.7e-05,99469.6,8.6,68.71,6.7e-05,6.7e-05,99552.5,6.6,72.38,2017,2019
12,0.000106,0.000106,99461.0,10.5,67.71,6e-05,6e-05,99545.9,6.0,71.38,2017,2019
13,0.000127,0.000127,99450.4,12.6,66.72,8.1e-05,8.1e-05,99539.9,8.1,70.39,2017,2019
14,0.00012,0.00012,99437.9,11.9,65.73,9.9e-05,9.9e-05,99531.8,9.9,69.39,2017,2019
15,0.000173,0.000173,99426.0,17.2,64.74,0.000111,0.000111,99521.9,11.1,68.4,2017,2019
16,0.000226,0.000226,99408.8,22.5,63.75,0.000146,0.000146,99510.8,14.5,67.41,2017,2019
17,0.000317,0.000317,99386.3,31.5,62.76,0.000158,0.000158,99496.3,15.7,66.42,2017,2019
18,0.000403,0.000403,99354.8,40.0,61.78,0.000225,0.000225,99480.5,22.4,65.43,2017,2019
19,0.000451,0.000451,99314.7,44.8,60.81,0.000195,0.000195,99458.1,19.4,64.44,2017,2019
20,0.000509,0.000509,99270.0,50.6,59.83,0.000186,0.000186,99438.7,18.5,63.45,2017,2019
21,0.000518,0.000518,99219.4,51.4,58.86,0.000205,0.000205,99420.3,20.4,62.46,2017,2019
22,0.000514,0.000514,99168.1,50.9,57.89,0.000219,0.000219,99399.9,21.8,61.48,2017,2019
23,0.000517,0.000517,99117.1,51.2,56.92,0.00021,0.00021,99378.1,20.9,60.49,2017,2019
24,0.000573,0.000573,99065.9,56.7,55.95,0.000217,0.000217,99357.2,21.6,59.5,2017,2019
25,0.00063,0.000629,99009.2,62.3,54.98,0.00025,0.00025,99335.6,24.8,58.52,2017,2019
26,0.000616,0.000616,98946.8,60.9,54.02,0.000258,0.000258,99310.7,25.6,57.53,2017,2019
27,0.000656,0.000655,98885.9,64.8,53.05,0.000287,0.000287,99285.1,28.5,56.55,2017,2019
28,0.000731,0.00073,98821.1,72.2,52.09,0.000309,0.000309,99256.6,30.6,55.56,2017,2019
29,0.00076,0.00076,98748.9,75.1,51.12,0.000309,0.000309,99226.0,30.7,54.58,2017,2019
30,0.000791,0.00079,98673.9,78.0,50.16,0.000358,0.000358,99195.3,35.5,53.6,2017,2019
31,0.000848,0.000848,98595.9,83.6,49.2,0.00038,0.00038,99159.8,37.6,52.61,2017,2019
32,0.000845,0.000845,98512.3,83.2,48.24,0.000438,0.000438,99122.2,43.5,51.63,2017,2019
33,0.000939,0.000938,98429.1,92.3,47.28,0.000473,0.000472,99078.7,46.8,50.66,2017,2019
34,0.000964,0.000963,98336.7,94.7,46.33,0.000542,0.000542,99031.9,53.6,49.68,2017,2019
35,0.001078,0.001077,98242.0,105.8,45.37,0.000571,0.000571,98978.3,56.5,48.71,2017,2019
36,0.001149,0.001148,98136.2,112.7,44.42,0.000634,0.000634,98921.8,62.7,47.73,2017,2019
37,0.001306,0.001306,98023.5,128.0,43.47,0.000771,0.00077,98859.1,76.2,46.76,2017,2019
38,0.00126,0.001259,97895.5,123.3,42.53,0.000718,0.000717,98783.0,70.9,45.8,2017,2019
39,0.001392,0.001391,97772.3,136.0,41.58,0.000833,0.000833,98712.1,82.2,44.83,2017,2019
40,0.001521,0.00152,97636.3,148.4,40.64,0.000884,0.000883,98629.9,87.1,43.87,2017,2019
41,0.001662,0.00166,97487.9,161.9,39.7,0.000967,0.000966,98542.8,95.2,42.91,2017,2019
42,0.001806,0.001804,97326.0,175.6,38.76,0.001055,0.001055,98447.6,103.9,41.95,2017,2019
43,0.001982,0.00198,97150.4,192.3,37.83,0.001153,0.001152,98343.7,113.3,40.99,2017,2019
44,0.002073,0.00207,96958.1,200.7,36.91,0.001298,0.001297,98230.4,127.4,40.04,2017,2019
45,0.00233,0.002327,96757.3,225.1,35.98,0.00141,0.001409,98103.0,138.2,39.09,2017,2019
46,0.002471,0.002468,96532.2,238.3,35.06,0.001547,0.001545,97964.8,151.4,38.14,2017,2019
47,0.002677,0.002673,96293.9,257.4,34.15,0.001675,0.001673,97813.4,163.7,37.2,2017,2019
48,0.002821,0.002817,96036.5,270.6,33.24,0.001817,0.001815,97649.7,177.3,36.26,2017,2019
49,0.003151,0.003146,95766.0,301.3,32.33,0.001918,0.001916,97472.5,186.8,35.33,2017,2019
50,0.003348,0.003342,95464.7,319.0,31.43,0.002146,0.002143,97285.7,208.5,34.4,2017,2019
51,0.003584,0.003577,95145.6,340.3,30.54,0.002339,0.002337,97077.2,226.8,33.47,2017,2019
52,0.003892,0.003885,94805.3,368.3,29.65,0.002547,0.002543,96850.4,246.3,32.55,2017,2019
53,0.004111,0.004103,94437.0,387.5,28.76,0.002689,0.002686,96604.0,259.5,31.63,2017,2019
54,0.004469,0.004459,94049.5,419.4,27.88,0.002908,0.002904,96344.6,279.7,30.71,2017,2019
55,0.004755,0.004744,93630.2,444.2,27.0,0.003188,0.003182,96064.8,305.7,29.8,2017,2019
56,0.005389,0.005375,93186.0,500.8,26.12,0.003539,0.003532,95759.1,338.2,28.89,2017,2019
57,0.005854,0.005836,92685.2,541.0,25.26,0.003816,0.003809,95420.9,363.5,27.99,2017,2019
58,0.006375,0.006355,92144.2,585.6,24.41,0.00424,0.004231,95057.4,402.2,27.1,2017,2019
59,0.006915,0.006891,91558.7,630.9,23.56,0.004631,0.004621,94655.2,437.4,26.21,2017,2019
60,0.007607,0.007578,90927.7,689.0,22.72,0.005082,0.005069,94217.8,477.6,25.33,2017,2019
61,0.008342,0.008307,90238.7,749.6,21.89,0.005533,0.005518,93740.2,517.2,24.46,2017,2019
62,0.009286,0.009243,89489.1,827.2,21.07,0.006318,0.006298,93223.0,587.1,23.59,2017,2019
63,0.010257,0.010205,88661.9,904.8,20.26,0.006781,0.006758,92635.9,626.1,22.74,2017,2019
64,0.011044,0.010983,87757.1,963.8,19.47,0.007349,0.007322,92009.8,673.7,21.89,2017,2019
65,0.012143,0.01207,86793.3,1047.6,18.68,0.008081,0.008049,91336.1,735.1,21.05,2017,2019
66,0.013475,0.013385,85745.7,1147.7,17.9,0.008675,0.008637,90601.0,782.5,20.21,2017,2019
67,0.014607,0.014502,84598.0,1226.8,17.13,0.009502,0.009457,89818.5,849.4,19.39,2017,2019
68,0.015956,0.01583,83371.2,1319.8,16.38,0.010473,0.010419,88969.0,926.9,18.57,2017,2019
69,0.017571,0.017418,82051.4,1429.1,15.63,0.011448,0.011383,88042.1,1002.2,17.76,2017,2019
70,0.018597,0.018425,80622.3,1485.5,14.9,0.012593,0.012514,87040.0,1089.2,16.95,2017,2019
71,0.020634,0.020423,79136.8,1616.2,14.17,0.013503,0.013413,85950.7,1152.8,16.16,2017,2019
72,0.022744,0.022488,77520.6,1743.3,13.46,0.015449,0.015331,84797.9,1300.0,15.38,2017,2019
73,0.02601,0.025676,75777.3,1945.6,12.76,0.017621,0.017467,83497.9,1458.4,14.61,2017,2019
74,0.028686,0.028281,73831.7,2088.0,12.08,0.019479,0.019292,82039.5,1582.7,13.86,2017,2019
75,0.032044,0.031539,71743.7,2262.7,11.42,0.021788,0.021554,80456.8,1734.1,13.12,2017,2019
76,0.035926,0.035292,69481.0,2452.1,10.77,0.024666,0.024365,78722.7,1918.1,12.4,2017,2019
77,0.039858,0.039079,67028.9,2619.4,10.15,0.027848,0.027466,76804.6,2109.5,11.7,2017,2019
78,0.044877,0.043892,64409.5,2827.1,9.54,0.031639,0.031146,74695.1,2326.4,11.01,2017,2019
79,0.049759,0.048551,61582.4,2989.9,8.95,0.035285,0.034673,72368.6,2509.3,10.35,2017,2019
80,0.056034,0.054507,58592.5,3193.7,8.39,0.039459,0.038696,69859.4,2703.3,9.7,2017,2019
81,0.062565,0.060668,55398.8,3360.9,7.84,0.044911,0.043925,67156.1,2949.8,9.07,2017,2019
82,0.069539,0.067202,52037.9,3497.1,7.31,0.05063,0.04938,64206.3,3170.5,8.47,2017,2019
83,0.079259,0.076237,48540.8,3700.6,6.81,0.058421,0.056763,61035.8,3464.6,7.88,2017,2019
84,0.089426,0.085599,44840.2,3838.3,6.33,0.066689,0.064537,57571.2,3715.5,7.33,2017,2019
85,0.100312,0.095521,41001.9,3916.5,5.87,0.075888,0.073114,53855.8,3937.6,6.8,2017,2019
86,0.114354,0.108169,37085.4,4011.5,5.44,0.087713,0.084027,49918.2,4194.5,6.29,2017,2019
87,0.128412,0.120664,33073.9,3990.8,5.04,0.099526,0.094808,45723.7,4335.0,5.83,2017,2019
88,0.146473,0.136478,29083.1,3969.2,4.66,0.11451,0.108309,41388.7,4482.8,5.38,2017,2019
89,0.166011,0.153287,25113.9,3849.6,4.32,0.128687,0.120907,36905.9,4462.2,4.98,2017,2019
90,0.17725,0.16282,21264.2,3462.2,4.01,0.144831,0.135051,32443.7,4381.6,4.59,2017,2019
91,0.201512,0.183067,17802.0,3259.0,3.69,0.164748,0.15221,28062.2,4271.3,4.23,2017,2019
92,0.224814,0.202097,14543.0,2939.1,3.41,0.185185,0.169491,23790.8,4032.3,3.9,2017,2019
93,0.249652,0.221947,11603.9,2575.5,3.14,0.207065,0.187638,19758.5,3707.5,3.6,2017,2019
94,0.279192,0.244992,9028.5,2211.9,2.9,0.232927,0.20863,16051.0,3348.7,3.31,2017,2019
95,0.311223,0.269314,6816.6,1835.8,2.68,0.263112,0.232522,12702.3,2953.6,3.05,2017,2019
96,0.346373,0.295241,4980.8,1470.5,2.48,0.292386,0.255093,9748.7,2486.8,2.83,2017,2019
97,0.372458,0.313985,3510.2,1102.2,2.31,0.315724,0.272679,7261.9,1980.2,2.62,2017,2019
98,0.403047,0.335447,2408.1,807.8,2.13,0.352127,0.299411,5281.7,1581.4,2.42,2017,2019
99,0.467223,0.378744,1600.3,606.1,1.96,0.381187,0.320166,3700.3,1184.7,2.24,2017,2019
100,0.50312,0.401994,994.2,399.7,1.84,0.432516,0.355612,2515.6,894.6,2.06,2017,2019
0,0.004233,0.004224,100000.0,422.4,78.95,0.003513,0.003507,100000.0,350.7,82.8,2018,2020
1,0.000234,0.000233,99577.6,23.2,78.28,0.000218,0.000218,99649.3,21.7,82.09,2018,2020
2,0.000131,0.000131,99554.4,13.0,77.3,0.000118,0.000118,99627.5,11.7,81.11,2018,2020
3,0.000106,0.000106,99541.3,10.6,76.31,9.8e-05,9.8e-05,99615.8,9.8,80.12,2018,2020
4,8.9e-05,8.9e-05,99530.8,8.9,75.32,6.6e-05,6.6e-05,99606.0,6.6,79.12,2018,2020
5,7.8e-05,7.8e-05,99521.9,7.7,74.33,7.7e-05,7.7e-05,99599.4,7.7,78.13,2018,2020
6,8.8e-05,8.8e-05,99514.2,8.8,73.33,7.4e-05,7.4e-05,99591.7,7.4,77.13,2018,2020
7,6.9e-05,6.9e-05,99505.4,6.9,72.34,5.7e-05,5.7e-05,99584.3,5.6,76.14,2018,2020
8,7.1e-05,7.1e-05,99498.5,7.1,71.35,6e-05,6e-05,99578.7,5.9,75.14,2018,2020
9,6.1e-05,6.1e-05,99491.4,6.1,70.35,5.2e-05,5.2e-05,99572.7,5.2,74.15,2018,2020
10,7.9e-05,7.9e-05,99485.3,7.9,69.35,6.7e-05,6.7e-05,99567.5,6.7,73.15,2018,2020
11,7.8e-05,7.8e-05,99477.4,7.8,68.36,5.6e-05,5.6e-05,99560.9,5.6,72.16,2018,2020
12,0.000104,0.000104,99469.6,10.3,67.37,5.8e-05,5.8e-05,99555.3,5.7,71.16,2018,2020
13,0.000118,0.000118,99459.3,11.8,66.37,8.8e-05,8.8e-05,99549.6,8.8,70.17,2018,2020
14,0.000129,0.000129,99447.5,12.9,65.38,9.7e-05,9.7e-05,99540.8,9.6,69.17,2018,2020
15,0.000169,0.000169,99434.7,16.8,64.39,0.000112,0.000112,99531.2,11.1,68.18,2018,2020
16,0.000202,0.000202,99417.8,20.1,63.4,0.000129,0.000129,99520.1,12.9,67.19,2018,2020
17,0.000309,0.000309,99397.7,30.7,62.41,0.000156,0.000156,99507.2,15.5,66.19,2018,2020
18,0.000401,0.000401,99367.0,39.8,61.43,0.000214,0.000214,99491.7,21.3,65.2,2018,2020
19,0.000456,0.000456,99327.2,45.3,60.46,0.000206,0.000206,99470.4,20.5,64.22,2018,2020
20,0.00053,0.00053,99282.0,52.6,59.48,0.000183,0.000183,99449.9,18.2,63.23,2018,2020
21,0.000515,0.000515,99229.3,51.1,58.51,0.000206,0.000206,99431.7,20.5,62.24,2018,2020
22,0.000513,0.000513,99178.2,50.9,57.54,0.000238,0.000238,99411.2,23.7,61.26,2018,2020
23,0.000542,0.000542,99127.3,53.7,56.57,0.000207,0.000207,99387.5,20.6,60.27,2018,2020
24,0.000584,0.000584,99073.6,57.9,55.6,0.000219,0.000219,99366.9,21.8,59.28,2018,2020
25,0.000636,0.000636,99015.8,63.0,54.64,0.000254,0.000254,99345.2,25.3,58.3,2018,2020
26,0.000645,0.000645,98952.8,63.8,53.67,0.000254,0.000254,99319.9,25.3,57.31,2018,2020
27,0.000666,0.000666,98889.0,65.8,52.7,0.000304,0.000304,99294.6,30.2,56.32,2018,2020
28,0.000719,0.000718,98823.2,71.0,51.74,0.000306,0.000306,99264.4,30.4,55.34,2018,2020
29,0.000764,0.000764,98752.2,75.5,50.78,0.000326,0.000326,99234.0,32.4,54.36,2018,2020
30,0.000797,0.000797,98676.8,78.6,49.81,0.000371,0.000371,99201.7,36.8,53.38,2018,2020
31,0.000851,0.00085,98598.2,83.8,48.85,0.00038,0.00038,99164.9,37.7,52.4,2018,2020
32,0.000868,0.000867,98514.3,85.5,47.9,0.000449,0.000449,99127.2,44.5,51.42,2018,2020
33,0.000965,0.000964,98428.9,94.9,46.94,0.000477,0.000477,99082.7,47.3,50.44,2018,2020
34,0.000999,0.000999,98334.0,98.2,45.98,0.000565,0.000565,99035.5,56.0,49.46,2018,2020
35,0.001107,0.001107,98235.8,108.7,45.03,0.000575,0.000575,98979.5,56.9,48.49,2018,2020
36,0.001157,0.001156,98127.1,113.5,44.08,0.000664,0.000664,98922.6,65.7,47.52,2018,2020
37,0.001356,0.001356,98013.6,132.9,43.13,0.000748,0.000748,98856.9,73.9,46.55,2018,2020
38,0.001315,0.001314,97880.7,128.6,42.18,0.000777,0.000777,98783.0,76.7,45.58,2018,2020
39,0.00145,0.001448,97752.2,141.6,41.24,0.000851,0.000851,98706.3,84.0,44.62,2018,2020
40,0.0016,0.001599,97610.6,156.1,40.3,0.000903,0.000902,98622.3,89.0,43.66,2018,2020
41,0.001695,0.001694,97454.5,165.1,39.36,0.000982,0.000982,98533.3,96.7,42.69,2018,2020
42,0.001836,0.001835,97289.4,178.5,38.43,0.001084,0.001083,98436.6,106.6,41.74,2018,2020
43,0.002004,0.002002,97110.9,194.5,37.5,0.001218,0.001217,98330.0,119.7,40.78,2018,2020
44,0.002192,0.002189,96916.5,212.2,36.57,0.001322,0.001321,98210.3,129.7,39.83,2018,2020
45,0.002446,0.002443,96704.3,236.2,35.65,0.001462,0.001461,98080.6,143.3,38.88,2018,2020
46,0.002634,0.00263,96468.0,253.7,34.74,0.001608,0.001606,97937.3,157.3,37.94,2018,2020
47,0.002724,0.00272,96214.3,261.7,33.83,0.001726,0.001724,97780.0,168.6,37.0,2018,2020
48,0.002932,0.002928,95952.5,280.9,32.92,0.001942,0.001941,97611.4,189.4,36.06,2018,2020
49,0.00326,0.003254,95671.6,311.3,32.01,0.002027,0.002025,97422.0,197.2,35.13,2018,2020
50,0.003541,0.003534,95360.3,337.0,31.12,0.002209,0.002207,97224.7,214.6,34.2,2018,2020
51,0.003785,0.003778,95023.2,359.0,30.22,0.00243,0.002427,97010.2,235.5,33.28,2018,2020
52,0.004051,0.004043,94664.2,382.7,29.34,0.002565,0.002562,96774.7,247.9,32.36,2018,2020
53,0.004391,0.004381,94281.5,413.0,28.45,0.002752,0.002748,96526.7,265.3,31.44,2018,2020
54,0.004717,0.004706,93868.5,441.7,27.58,0.002958,0.002954,96261.5,284.4,30.52,2018,2020
55,0.005047,0.005034,93426.7,470.3,26.71,0.003281,0.003275,95977.1,314.4,29.61,2018,2020
56,0.005603,0.005587,92956.4,519.4,25.84,0.003633,0.003626,95662.8,346.9,28.71,2018,2020
57,0.00607,0.006052,92437.0,559.4,24.98,0.003933,0.003926,95315.9,374.2,27.81,2018,2020
58,0.006696,0.006674,91877.6,613.2,24.13,0.004379,0.004369,94941.7,414.8,26.92,2018,2020
59,0.007226,0.0072,91264.4,657.1,23.29,0.004725,0.004714,94526.9,445.6,26.03,2018,2020
60,0.007896,0.007865,90607.4,712.7,22.45,0.005273,0.005259,94081.3,494.8,25.15,2018,2020
61,0.008657,0.00862,89894.7,774.9,21.63,0.005672,0.005656,93586.5,529.3,24.28,2018,2020
62,0.009653,0.009607,89119.8,856.2,20.81,0.006512,0.006491,93057.2,604.0,23.42,2018,2020
63,0.010643,0.010587,88263.6,934.5,20.01,0.006898,0.006874,92453.2,635.6,22.57,2018,2020
64,0.011278,0.011215,87329.2,979.4,19.22,0.007465,0.007438,91817.6,682.9,21.72,2018,2020
65,0.012596,0.012517,86349.8,1080.9,18.43,0.008215,0.008181,91134.7,745.6,20.88,2018,2020
66,0.014015,0.013918,85269.0,1186.7,17.66,0.008882,0.008843,90389.1,799.3,20.05,2018,2020
67,0.014966,0.014855,84082.2,1249.0,16.9,0.009689,0.009642,89589.8,863.8,19.22,2018,2020
68,0.016576,0.01644,82833.2,1361.8,16.15,0.010763,0.010706,88726.0,949.9,18.41,2018,2020
69,0.018252,0.018087,81471.4,1473.6,15.41,0.011638,0.01157,87776.1,1015.6,17.6,2018,2020
70,0.019614,0.019423,79997.8,1553.8,14.68,0.013102,0.013017,86760.5,1129.3,16.8,2018,2020
71,0.021214,0.020992,78444.0,1646.7,13.96,0.013832,0.013737,85631.2,1176.3,16.01,2018,2020
72,0.023256,0.022988,76797.3,1765.4,13.25,0.015727,0.015604,84454.9,1317.8,15.23,2018,2020
73,0.026368,0.026025,75031.9,1952.7,12.55,0.017567,0.017414,83137.0,1447.8,14.46,2018,2020
74,0.029457,0.02903,73079.2,2121.5,11.87,0.020063,0.019863,81689.2,1622.6,13.71,2018,2020
75,0.033079,0.032541,70957.7,2309.0,11.21,0.022171,0.021928,80066.6,1755.7,12.98,2018,2020
76,0.036609,0.035951,68648.7,2468.0,10.57,0.024872,0.024567,78310.9,1923.8,12.26,2018,2020
77,0.041224,0.040392,66180.7,2673.1,9.95,0.02852,0.028119,76387.1,2148.0,11.56,2018,2020
78,0.046577,0.045517,63507.6,2890.7,9.35,0.032143,0.031635,74239.1,2348.5,10.88,2018,2020
79,0.052099,0.050776,60616.9,3077.9,8.77,0.036638,0.035979,71890.6,2586.5,10.21,2018,2020
80,0.058396,0.05674,57539.0,3264.7,8.21,0.040672,0.039861,69304.1,2762.5,9.58,2018,2020
81,0.064771,0.062739,54274.2,3405.1,7.68,0.046512,0.045455,66541.5,3024.6,8.95,2018,2020
82,0.072523,0.069985,50869.1,3560.1,7.16,0.051912,0.050598,63516.9,3213.8,8.36,2018,2020
83,0.081649,0.078447,47309.0,3711.2,6.66,0.059464,0.057747,60303.1,3482.3,7.78,2018,2020
84,0.09249,0.088402,43597.8,3854.1,6.18,0.068088,0.065846,56820.8,3741.4,7.22,2018,2020
85,0.10382,0.098696,39743.7,3922.6,5.73,0.077481,0.074591,53079.3,3959.3,6.69,2018,2020
86,0.118051,0.111472,35821.1,3993.0,5.31,0.089253,0.08544,49120.1,4196.8,6.19,2018,2020
87,0.132992,0.1247,31828.1,3968.9,4.91,0.102239,0.097267,44923.3,4369.6,5.73,2018,2020
88,0.151339,0.140693,27859.1,3919.6,4.54,0.116141,0.109767,40553.7,4451.5,5.29,2018,2020
89,0.173062,0.159279,23939.5,3813.1,4.2,0.132522,0.124287,36102.2,4487.0,4.88,2018,2020
90,0.184156,0.168629,20126.5,3393.9,3.9,0.148714,0.138421,31615.2,4376.2,4.5,2018,2020
91,0.208003,0.188408,16732.6,3152.5,3.59,0.169203,0.156005,27239.0,4249.4,4.14,2018,2020
92,0.231343,0.207358,13580.0,2815.9,3.3,0.190859,0.174233,22989.6,4005.5,3.82,2018,2020
93,0.262248,0.231847,10764.1,2495.6,3.04,0.214674,0.193865,18984.1,3680.4,3.52,2018,2020
94,0.292406,0.255109,8268.5,2109.4,2.8,0.238291,0.212922,15303.7,3258.5,3.24,2018,2020
95,0.325248,0.279753,6159.1,1723.0,2.59,0.268302,0.236567,12045.2,2849.5,2.99,2018,2020
96,0.355893,0.30213,4436.1,1340.3,2.4,0.298508,0.25974,9195.7,2388.5,2.76,2018,2020
97,0.389463,0.325984,3095.8,1009.2,2.22,0.331748,0.284549,6807.2,1937.0,2.55,2018,2020
98,0.422961,0.349128,2086.6,728.5,2.06,0.363151,0.307345,4870.2,1496.8,2.36,2018,2020
99,0.473148,0.382628,1358.1,519.7,1.89,0.393972,0.329137,3373.4,1110.3,2.19,2018,2020
100,0.516327,0.410382,838.5,344.1,1.76,0.439186,0.360109,2263.1,815.0,2.02,2018,2020
0,0.004312,0.004303,100000.0,430.3,78.72,0.00355,0.003544,100000.0,354.4,82.68,2019,2021
1,0.000224,0.000224,99569.7,22.3,78.06,0.000202,0.000202,99645.6,20.2,81.97,2019,2021
2,0.000137,0.000137,99547.4,13.6,77.07,0.000134,0.000134,99625.4,13.3,80.99,2019,2021
3,0.000107,0.000107,99533.7,10.7,76.08,8.8e-05,8.8e-05,99612.1,8.8,80.0,2019,2021
4,7.2e-05,7.2e-05,99523.1,7.1,75.09,6.6e-05,6.6e-05,99603.3,6.6,79.01,2019,2021
5,7.3e-05,7.3e-05,99515.9,7.3,74.1,5.9e-05,5.9e-05,99596.7,5.9,78.01,2019,2021
6,7.7e-05,7.7e-05,99508.6,7.7,73.1,6.9e-05,6.9e-05,99590.8,6.9,77.02,2019,2021
7,7e-05,7e-05,99501.0,7.0,72.11,5.7e-05,5.7e-05,99583.9,5.7,76.02,2019,2021
8,6.8e-05,6.8e-05,99494.0,6.8,71.11,5.8e-05,5.8e-05,99578.2,5.8,75.03,2019,2021
9,6.5e-05,6.5e-05,99487.2,6.4,70.12,4.6e-05,4.6e-05,99572.4,4.6,74.03,2019,2021
10,5.9e-05,5.9e-05,99480.7,5.8,69.12,5.7e-05,5.7e-05,99567.8,5.6,73.03,2019,2021
11,7.3e-05,7.3e-05,99474.9,7.2,68.13,6.4e-05,6.4e-05,99562.2,6.4,72.04,2019,2021
12,9.9e-05,9.9e-05,99467.7,9.8,67.13,6.3e-05,6.3e-05,99555.8,6.3,71.04,2019,2021
13,0.000112,0.000112,99457.9,11.1,66.14,9.5e-05,9.5e-05,99549.5,9.5,70.05,2019,2021
14,0.000115,0.000115,99446.7,11.5,65.14,9e-05,9e-05,99540.0,9.0,69.05,2019,2021
15,0.000163,0.000163,99435.3,16.2,64.15,0.000112,0.000112,99531.0,11.2,68.06,2019,2021
16,0.000195,0.000195,99419.1,19.3,63.16,0.000126,0.000126,99519.9,12.6,67.07,2019,2021
17,0.000305,0.000304,99399.7,30.3,62.17,0.000155,0.000155,99507.3,15.4,66.08,2019,2021
18,0.000395,0.000395,99369.5,39.3,61.19,0.000192,0.000192,99491.9,19.1,65.09,2019,2021
19,0.000471,0.000471,99330.2,46.7,60.22,0.000199,0.000199,99472.8,19.8,64.1,2019,2021
20,0.000528,0.000528,99283.4,52.5,59.25,0.00021,0.00021,99453.0,20.9,63.11,2019,2021
21,0.000517,0.000517,99231.0,51.3,58.28,0.000211,0.000211,99432.1,21.0,62.13,2019,2021
22,0.000514,0.000514,99179.7,51.0,57.31,0.000233,0.000233,99411.1,23.1,61.14,2019,2021
23,0.000557,0.000557,99128.7,55.2,56.34,0.000228,0.000228,99388.0,22.7,60.15,2019,2021
24,0.000579,0.000578,99073.5,57.3,55.37,0.00022,0.00022,99365.3,21.9,59.17,2019,2021
25,0.000621,0.00062,99016.2,61.4,54.4,0.000238,0.000238,99343.4,23.7,58.18,2019,2021
26,0.000657,0.000657,98954.8,65.0,53.43,0.000278,0.000278,99319.8,27.6,57.19,2019,2021
27,0.000681,0.000681,98889.8,67.3,52.47,0.000316,0.000316,99292.2,31.4,56.21,2019,2021
28,0.000704,0.000704,98822.5,69.6,51.5,0.000313,0.000313,99260.8,31.1,55.23,2019,2021
29,0.000768,0.000768,98752.9,75.8,50.54,0.000331,0.000331,99229.7,32.9,54.24,2019,2021
30,0.000792,0.000792,98677.0,78.2,49.58,0.000368,0.000368,99196.8,36.5,53.26,2019,2021
31,0.000841,0.00084,98598.9,82.9,48.62,0.000397,0.000397,99160.3,39.4,52.28,2019,2021
32,0.000936,0.000935,98516.0,92.1,47.66,0.000442,0.000441,99120.9,43.8,51.3,2019,2021
33,0.000991,0.000991,98423.9,97.5,46.7,0.000484,0.000484,99077.2,48.0,50.32,2019,2021
34,0.001013,0.001012,98326.4,99.5,45.75,0.000596,0.000596,99029.2,59.0,49.35,2019,2021
35,0.001145,0.001145,98226.9,112.4,44.79,0.000588,0.000588,98970.2,58.2,48.38,2019,2021
36,0.001213,0.001212,98114.4,118.9,43.84,0.000667,0.000667,98912.0,66.0,47.4,2019,2021
37,0.001366,0.001365,97995.5,133.7,42.9,0.000764,0.000764,98846.0,75.5,46.44,2019,2021
38,0.001429,0.001428,97861.7,139.7,41.95,0.00086,0.000859,98770.6,84.9,45.47,2019,2021
39,0.001551,0.00155,97722.0,151.5,41.01,0.000887,0.000887,98685.7,87.5,44.51,2019,2021
40,0.001655,0.001654,97570.6,161.3,40.08,0.000984,0.000983,98598.1,96.9,43.55,2019,2021
41,0.001797,0.001795,97409.2,174.9,39.14,0.001034,0.001033,98501.2,101.8,42.59,2019,2021
42,0.001871,0.001869,97234.3,181.8,38.21,0.001134,0.001133,98399.4,111.5,41.63,2019,2021
43,0.002077,0.002075,97052.6,201.4,37.28,0.001254,0.001253,98287.9,123.1,40.68,2019,2021
44,0.002304,0.002302,96851.2,222.9,36.36,0.001361,0.00136,98164.8,133.5,39.73,2019,2021
45,0.002494,0.002491,96628.3,240.7,35.44,0.001513,0.001512,98031.2,148.2,38.79,2019,2021
46,0.002702,0.002698,96387.6,260.1,34.53,0.001661,0.00166,97883.1,162.5,37.84,2019,2021
47,0.002883,0.002879,96127.5,276.8,33.62,0.001823,0.001822,97720.6,178.0,36.91,2019,2021
48,0.00315,0.003145,95850.7,301.5,32.72,0.001993,0.001991,97542.6,194.2,35.97,2019,2021
49,0.003453,0.003447,95549.3,329.3,31.82,0.002081,0.002078,97348.4,202.3,35.04,2019,2021
50,0.003753,0.003746,95219.9,356.7,30.93,0.002307,0.002305,97146.0,223.9,34.11,2019,2021
51,0.003993,0.003985,94863.2,378.0,30.04,0.002508,0.002505,96922.1,242.8,33.19,2019,2021
52,0.004334,0.004325,94485.2,408.6,29.16,0.002628,0.002624,96679.4,253.7,32.27,2019,2021
53,0.00458,0.00457,94076.6,429.9,28.28,0.002923,0.002918,96425.6,281.4,31.36,2019,2021
54,0.005005,0.004992,93646.6,467.5,27.41,0.0031,0.003095,96144.2,297.6,30.45,2019,2021
55,0.005336,0.005322,93179.1,495.9,26.54,0.003414,0.003408,95846.7,326.6,29.54,2019,2021
56,0.005928,0.00591,92683.3,547.8,25.68,0.00374,0.003733,95520.0,356.6,28.64,2019,2021
57,0.006276,0.006256,92135.5,576.4,24.83,0.004024,0.004016,95163.4,382.2,27.75,2019,2021
58,0.006885,0.006862,91559.1,628.2,23.99,0.004411,0.004401,94781.2,417.1,26.86,2019,2021
59,0.007555,0.007527,90930.8,684.4,23.15,0.004865,0.004854,94364.1,458.0,25.97,2019,2021
60,0.008339,0.008304,90246.4,749.4,22.32,0.005423,0.005408,93906.1,507.9,25.1,2019,2021
61,0.00905,0.009009,89497.0,806.3,21.5,0.00578,0.005764,93398.2,538.3,24.23,2019,2021
62,0.010068,0.010018,88690.7,888.5,20.69,0.006624,0.006602,92859.9,613.1,23.37,2019,2021
63,0.010896,0.010837,87802.2,951.5,19.9,0.007089,0.007064,92246.8,651.6,22.52,2019,2021
64,0.011771,0.011702,86850.7,1016.4,19.11,0.007695,0.007665,91595.2,702.1,21.68,2019,2021
65,0.013037,0.012953,85834.4,1111.8,18.33,0.008304,0.00827,90893.1,751.7,20.84,2019,2021
66,0.014334,0.014232,84722.6,1205.8,17.57,0.009118,0.009076,90141.4,818.1,20.01,2019,2021
67,0.015601,0.01548,83516.8,1292.9,16.81,0.009965,0.009916,89323.2,885.7,19.19,2019,2021
68,0.016926,0.016784,82224.0,1380.0,16.07,0.011029,0.010969,88437.5,970.0,18.38,2019,2021
69,0.018713,0.01854,80843.9,1498.8,15.33,0.011993,0.011921,87467.5,1042.7,17.57,2019,2021
70,0.02005,0.019851,79345.1,1575.1,14.62,0.013414,0.013325,86424.8,1151.6,16.78,2019,2021
71,0.021994,0.021755,77770.0,1691.9,13.9,0.014353,0.014251,85273.2,1215.2,16.0,2019,2021
72,0.023755,0.023477,76078.2,1786.1,13.2,0.015762,0.015638,84058.0,1314.5,15.22,2019,2021
73,0.026517,0.02617,74292.1,1944.2,12.5,0.017672,0.017518,82743.5,1449.5,14.46,2019,2021
74,0.029419,0.028992,72347.9,2097.5,11.83,0.019857,0.019661,81294.0,1598.4,13.71,2019,2021
75,0.03351,0.032958,70250.4,2315.3,11.16,0.022488,0.022238,79695.6,1772.3,12.97,2019,2021
76,0.037332,0.036648,67935.1,2489.7,10.53,0.025118,0.024806,77923.4,1933.0,12.25,2019,2021
77,0.040852,0.040034,65445.4,2620.0,9.91,0.028164,0.027773,75990.4,2110.5,11.55,2019,2021
78,0.047376,0.04628,62825.3,2907.5,9.3,0.032256,0.031744,73879.9,2345.2,10.87,2019,2021
79,0.05297,0.051603,59917.8,3092.0,8.73,0.036838,0.036171,71534.7,2587.5,10.21,2019,2021
80,0.060054,0.058304,56825.9,3313.2,8.18,0.041498,0.040655,68947.1,2803.0,9.57,2019,2021
81,0.065265,0.063202,53512.7,3382.1,7.65,0.04679,0.04572,66144.1,3024.1,8.96,2019,2021
82,0.07371,0.07109,50130.6,3563.8,7.14,0.05255,0.051205,63120.0,3232.0,8.36,2019,2021
83,0.08242,0.079158,46566.8,3686.1,6.64,0.059589,0.057865,59888.0,3465.4,7.79,2019,2021
84,0.093067,0.088929,42880.6,3813.3,6.17,0.068241,0.065989,56422.6,3723.3,7.24,2019,2021
85,0.104796,0.099579,39067.3,3890.3,5.72,0.077336,0.074457,52699.3,3923.8,6.71,2019,2021
86,0.117503,0.110982,35177.0,3904.0,5.3,0.088922,0.085136,48775.4,4152.6,6.21,2019,2021
87,0.13312,0.124813,31273.0,3903.3,4.9,0.101108,0.096242,44622.9,4294.6,5.74,2019,2021
88,0.151224,0.140594,27369.7,3848.0,4.53,0.115711,0.109383,40328.3,4411.2,5.3,2019,2021
89,0.169916,0.156611,23521.7,3683.8,4.19,0.13164,0.12351,35917.0,4436.1,4.89,2019,2021
90,0.186701,0.17076,19838.0,3387.5,3.87,0.148079,0.137871,31480.9,4340.3,4.51,2019,2021
91,0.210005,0.19005,16450.4,3126.4,3.57,0.167922,0.154915,27140.6,4204.5,4.15,2019,2021
92,0.232859,0.208575,13324.0,2779.1,3.29,0.191002,0.174352,22936.1,3998.9,3.82,2019,2021
93,0.263862,0.233108,10545.0,2458.1,3.02,0.21526,0.194343,18937.2,3680.3,3.52,2019,2021
94,0.293884,0.256233,8086.9,2072.1,2.79,0.237493,0.212285,15256.9,3238.8,3.25,2019,2021
95,0.330502,0.283632,6014.7,1706.0,2.58,0.268563,0.236769,12018.1,2845.5,2.99,2019,2021
96,0.35447,0.301104,4308.8,1297.4,2.4,0.297456,0.258944,9172.6,2375.2,2.76,2019,2021
97,0.39383,0.329038,3011.4,990.9,2.22,0.329644,0.283,6797.4,1923.7,2.56,2019,2021
98,0.42411,0.34991,2020.5,707.0,2.07,0.371964,0.313634,4873.7,1528.6,2.37,2019,2021
99,0.47242,0.382152,1313.5,502.0,1.91,0.393116,0.328539,3345.2,1099.0,2.22,2019,2021
100,0.502455,0.40157,811.6,325.9,1.79,0.435851,0.357863,2246.1,803.8,2.06,2019,2021
0,0.004323,0.004314,100000.0,431.4,78.58,0.003526,0.00352,100000.0,352.0,82.57,2020,2022
1,0.000224,0.000224,99568.6,22.3,77.92,0.000201,0.000201,99648.0,20.0,81.86,2020,2022
2,0.000146,0.000146,99546.4,14.5,76.93,0.000124,0.000124,99628.0,12.3,80.88,2020,2022
3,0.000117,0.000117,99531.9,11.7,75.94,8.1e-05,8.1e-05,99615.6,8.1,79.89,2020,2022
4,8.1e-05,8.1e-05,99520.2,8.1,74.95,6.9e-05,6.9e-05,99607.5,6.8,78.9,2020,2022
5,7.2e-05,7.2e-05,99512.1,7.2,73.96,6.6e-05,6.6e-05,99600.7,6.6,77.9,2020,2022
6,6.9e-05,6.9e-05,99505.0,6.8,72.96,5.9e-05,5.9e-05,99594.1,5.9,76.91,2020,2022
7,8e-05,8e-05,99498.1,7.9,71.97,5.5e-05,5.5e-05,99588.2,5.5,75.91,2020,2022
8,7.5e-05,7.5e-05,99490.2,7.5,70.97,5.7e-05,5.7e-05,99582.8,5.7,74.92,2020,2022
9,7.4e-05,7.4e-05,99482.7,7.4,69.98,5.5e-05,5.5e-05,99577.0,5.4,73.92,2020,2022
10,5.9e-05,5.9e-05,99475.3,5.9,68.98,5.1e-05,5.1e-05,99571.6,5.1,72.92,2020,2022
11,7.5e-05,7.5e-05,99469.5,7.5,67.99,6.5e-05,6.5e-05,99566.5,6.5,71.93,2020,2022
12,0.000103,0.000103,99462.0,10.2,66.99,6.7e-05,6.7e-05,99560.0,6.7,70.93,2020,2022
13,0.00011,0.00011,99451.8,11.0,66.0,9.8e-05,9.8e-05,99553.3,9.8,69.94,2020,2022
14,0.000115,0.000115,99440.8,11.5,65.01,9.2e-05,9.2e-05,99543.6,9.1,68.94,2020,2022
15,0.000167,0.000167,99429.3,16.6,64.02,0.000121,0.000121,99534.4,12.0,67.95,2020,2022
16,0.000212,0.000212,99412.8,21.1,63.03,0.000115,0.000115,99522.4,11.4,66.96,2020,2022
17,0.000303,0.000303,99391.7,30.1,62.04,0.000167,0.000167,99511.0,16.6,65.97,2020,2022
18,0.000403,0.000403,99361.6,40.0,61.06,0.00017,0.00017,99494.4,16.9,64.98,2020,2022
19,0.000479,0.000479,99321.6,47.6,60.08,0.000202,0.000202,99477.5,20.1,63.99,2020,2022
20,0.000498,0.000498,99274.0,49.4,59.11,0.00022,0.00022,99457.3,21.9,63.0,2020,2022
21,0.000526,0.000526,99224.6,52.2,58.14,0.000214,0.000214,99435.5,21.3,62.01,2020,2022
22,0.000498,0.000498,99172.4,49.4,57.17,0.00022,0.00022,99414.2,21.9,61.03,2020,2022
23,0.00058,0.00058,99123.0,57.5,56.2,0.000235,0.000235,99392.3,23.4,60.04,2020,2022
24,0.000542,0.000542,99065.5,53.7,55.23,0.00023,0.00023,99368.9,22.9,59.05,2020,2022
25,0.000593,0.000593,99011.9,58.7,54.26,0.000249,0.000249,99346.0,24.7,58.07,2020,2022
26,0.000673,0.000673,98953.2,66.6,53.29,0.00027,0.00027,99321.3,26.8,57.08,2020,2022
27,0.000658,0.000658,98886.6,65.1,52.33,0.000315,0.000315,99294.5,31.3,56.1,2020,2022
28,0.000691,0.000691,98821.5,68.2,51.36,0.000311,0.000311,99263.2,30.9,55.12,2020,2022
29,0.000754,0.000754,98753.3,74.4,50.4,0.00034,0.00034,99232.3,33.8,54.13,2020,2022
30,0.000782,0.000781,98678.9,77.1,49.44,0.000362,0.000362,99198.6,35.9,53.15,2020,2022
31,0.000853,0.000852,98601.8,84.0,48.47,0.000385,0.000384,99162.6,38.1,52.17,2020,2022
32,0.000942,0.000942,98517.7,92.8,47.51,0.000459,0.000459,99124.5,45.5,51.19,2020,2022
33,0.000987,0.000987,98425.0,97.1,46.56,0.000505,0.000505,99079.1,50.0,50.21,2020,2022
34,0.00103,0.00103,98327.9,101.3,45.6,0.00059,0.00059,99029.1,58.4,49.24,2020,2022
35,0.001115,0.001114,98226.6,109.5,44.65,0.000604,0.000604,98970.6,59.8,48.27,2020,2022
36,0.001245,0.001244,98117.1,122.1,43.7,0.000661,0.000661,98910.9,65.4,47.3,2020,2022
37,0.001347,0.001346,97995.1,131.9,42.75,0.000741,0.00074,98845.5,73.2,46.33,2020,2022
38,0.00144,0.001439,97863.1,140.8,41.81,0.000901,0.000901,98772.3,89.0,45.36,2020,2022
39,0.001638,0.001637,97722.3,159.9,40.87,0.000915,0.000915,98683.4,90.2,44.4,2020,2022
40,0.001702,0.001701,97562.4,166.0,39.94,0.00099,0.000989,98593.1,97.5,43.44,2020,2022
41,0.001884,0.001883,97396.4,183.4,39.0,0.001083,0.001082,98495.6,106.6,42.48,2020,2022
42,0.001941,0.001939,97213.1,188.5,38.08,0.001184,0.001183,98389.0,116.4,41.53,2020,2022
43,0.002102,0.002099,97024.5,203.7,37.15,0.001253,0.001253,98272.6,123.1,40.58,2020,2022
44,0.002282,0.00228,96820.8,220.7,36.23,0.001392,0.001391,98149.5,136.6,39.63,2020,2022
45,0.002563,0.00256,96600.1,247.3,35.31,0.001493,0.001492,98012.9,146.2,38.68,2020,2022
46,0.002774,0.002771,96352.8,267.0,34.4,0.001654,0.001653,97866.7,161.7,37.74,2020,2022
47,0.002946,0.002942,96085.8,282.7,33.49,0.001912,0.00191,97705.0,186.6,36.8,2020,2022
48,0.00327,0.003265,95803.1,312.8,32.59,0.002056,0.002054,97518.4,200.3,35.87,2020,2022
49,0.003553,0.003546,95490.4,338.6,31.69,0.002152,0.00215,97318.1,209.2,34.94,2020,2022
50,0.00386,0.003852,95151.7,366.6,30.8,0.002357,0.002354,97108.9,228.6,34.02,2020,2022
51,0.004104,0.004095,94785.2,388.2,29.92,0.002563,0.00256,96880.3,248.0,33.1,2020,2022
52,0.004494,0.004484,94397.0,423.3,29.04,0.002736,0.002732,96632.3,264.0,32.18,2020,2022
53,0.004695,0.004684,93973.7,440.2,28.17,0.002988,0.002984,96368.3,287.5,31.27,2020,2022
54,0.005172,0.005159,93533.5,482.6,27.3,0.003196,0.003191,96080.8,306.6,30.36,2020,2022
55,0.005521,0.005506,93051.0,512.3,26.44,0.003494,0.003488,95774.2,334.0,29.45,2020,2022
56,0.006006,0.005988,92538.6,554.1,25.58,0.003814,0.003807,95440.2,363.3,28.56,2020,2022
57,0.006511,0.00649,91984.5,597.0,24.74,0.004098,0.004089,95076.9,388.8,27.66,2020,2022
58,0.007011,0.006986,91387.5,638.4,23.89,0.004509,0.004499,94688.1,426.0,26.78,2020,2022
59,0.00769,0.00766,90749.0,695.2,23.06,0.004862,0.00485,94262.1,457.2,25.89,2020,2022
60,0.008465,0.008429,90053.9,759.1,22.23,0.005415,0.0054,93805.0,506.6,25.02,2020,2022
61,0.009204,0.009162,89294.8,818.1,21.42,0.005757,0.00574,93298.4,535.5,24.15,2020,2022
62,0.010089,0.010038,88476.6,888.1,20.61,0.006552,0.006531,92762.8,605.8,23.29,2020,2022
63,0.011032,0.010972,87588.5,961.0,19.81,0.00715,0.007124,92157.0,656.6,22.44,2020,2022
64,0.011858,0.011788,86627.5,1021.2,19.03,0.007807,0.007777,91500.5,711.6,21.59,2020,2022
65,0.013088,0.013003,85606.3,1113.2,18.25,0.00839,0.008355,90788.9,758.6,20.76,2020,2022
66,0.014602,0.014497,84493.2,1224.9,17.48,0.00935,0.009307,90030.4,837.9,19.93,2020,2022
67,0.015859,0.015734,83268.3,1310.1,16.73,0.010178,0.010126,89192.5,903.2,19.11,2020,2022
68,0.017355,0.017206,81958.2,1410.1,15.99,0.011317,0.011253,88289.3,993.6,18.3,2020,2022
69,0.018932,0.018754,80548.0,1510.6,15.26,0.012203,0.012129,87295.7,1058.8,17.51,2020,2022
70,0.020587,0.020377,79037.4,1610.5,14.55,0.013645,0.013553,86236.9,1168.8,16.71,2020,2022
71,0.022478,0.022228,77426.9,1721.0,13.84,0.014693,0.014586,85068.2,1240.8,15.94,2020,2022
72,0.02483,0.024525,75705.9,1856.7,13.14,0.016175,0.016046,83827.3,1345.1,15.17,2020,2022
73,0.02666,0.026309,73849.1,1942.9,12.46,0.017644,0.01749,82482.3,1442.6,14.41,2020,2022
74,0.029369,0.028944,71906.2,2081.2,11.78,0.019855,0.019659,81039.7,1593.2,13.65,2020,2022
75,0.03296,0.032425,69825.0,2264.1,11.12,0.02246,0.022211,79446.5,1764.6,12.92,2020,2022
76,0.037969,0.037261,67560.9,2517.4,10.48,0.025558,0.025235,77681.9,1960.3,12.2,2020,2022
77,0.041445,0.040604,65043.5,2641.0,9.86,0.02854,0.028138,75721.6,2130.7,11.5,2020,2022
78,0.046821,0.04575,62402.5,2854.9,9.26,0.032172,0.031663,73591.0,2330.1,10.82,2020,2022
79,0.052927,0.051563,59547.6,3070.4,8.68,0.036756,0.036092,71260.8,2572.0,10.16,2020,2022
80,0.060155,0.058398,56477.2,3298.2,8.12,0.041864,0.041006,68688.9,2816.6,9.52,2020,2022
81,0.06662,0.064472,53179.0,3428.6,7.59,0.047966,0.046842,65872.2,3085.6,8.9,2020,2022
82,0.075026,0.072313,49750.4,3597.6,7.08,0.053243,0.051862,62786.6,3256.2,8.32,2020,2022
83,0.083009,0.079701,46152.8,3678.4,6.6,0.060052,0.058302,59530.4,3470.7,7.75,2020,2022
84,0.09348,0.089306,42474.4,3793.2,6.12,0.06833,0.066072,56059.7,3704.0,7.19,2020,2022
85,0.105013,0.099774,38681.2,3859.4,5.68,0.077905,0.074984,52355.7,3925.9,6.67,2020,2022
86,0.118595,0.111956,34821.8,3898.5,5.25,0.089241,0.085429,48429.8,4137.3,6.17,2020,2022
87,0.135223,0.126659,30923.3,3916.7,4.85,0.10136,0.096471,44292.5,4272.9,5.7,2020,2022
88,0.151874,0.141155,27006.6,3812.1,4.48,0.11647,0.110061,40019.6,4404.6,5.25,2020,2022
89,0.170296,0.156933,23194.4,3640.0,4.13,0.132983,0.124692,35615.0,4440.9,4.84,2020,2022
90,0.191551,0.174809,19554.4,3418.3,3.81,0.14988,0.139431,31174.1,4346.6,4.46,2020,2022
91,0.21386,0.193201,16136.2,3117.5,3.51,0.170933,0.157474,26827.5,4224.6,4.1,2020,2022
92,0.239944,0.214241,13018.6,2789.1,3.23,0.193689,0.176587,22602.8,3991.4,3.77,2020,2022
93,0.26906,0.237156,10229.5,2426.0,2.98,0.220922,0.198946,18611.5,3702.7,3.47,2020,2022
94,0.297793,0.259199,7803.5,2022.7,2.75,0.242194,0.216033,14908.8,3220.8,3.21,2020,2022
95,0.335147,0.287046,5780.9,1659.4,2.53,0.271606,0.239131,11688.0,2795.0,2.96,2020,2022
96,0.362372,0.306786,4121.5,1264.4,2.35,0.301829,0.262251,8893.0,2332.2,2.73,2020,2022
97,0.401651,0.334479,2857.1,955.6,2.17,0.334803,0.286793,6560.8,1881.6,2.52,2020,2022
98,0.430075,0.35396,1901.4,673.0,2.01,0.37461,0.315513,4679.2,1476.4,2.34,2020,2022
99,0.491254,0.394383,1228.4,484.5,1.84,0.400276,0.333525,3202.9,1068.2,2.18,2020,2022
100,0.518058,0.411474,743.9,306.1,1.72,0.442951,0.362636,2134.6,774.1,2.03,2020,2022
0,0.00453,0.00452,100000.0,452.0,78.82,0.003581,0.003575,100000.0,357.5,82.77,2021,2023
1,0.000244,0.000244,99548.0,24.3,78.17,0.000218,0.000218,99642.5,21.7,82.07,2021,2023
2,0.000165,0.000165,99523.8,16.4,77.19,0.000137,0.000137,99620.8,13.6,81.09,2021,2023
3,0.000109,0.000109,99507.4,10.9,76.21,9.3e-05,9.3e-05,99607.2,9.3,80.1,2021,2023
4,8.3e-05,8.3e-05,99496.5,8.2,75.21,7.4e-05,7.4e-05,99597.9,7.4,79.11,2021,2023
5,8.6e-05,8.6e-05,99488.3,8.5,74.22,6.9e-05,6.9e-05,99590.6,6.8,78.11,2021,2023
6,7e-05,7e-05,99479.8,7.0,73.23,6.7e-05,6.7e-05,99583.8,6.6,77.12,2021,2023
7,7.2e-05,7.2e-05,99472.8,7.2,72.23,5.6e-05,5.6e-05,99577.1,5.6,76.12,2021,2023
8,7.6e-05,7.6e-05,99465.6,7.5,71.24,5.9e-05,5.9e-05,99571.5,5.8,75.13,2021,2023
9,7.1e-05,7.1e-05,99458.1,7.1,70.24,5.8e-05,5.8e-05,99565.7,5.8,74.13,2021,2023
10,5.9e-05,5.9e-05,99451.0,5.9,69.25,6.4e-05,6.4e-05,99559.9,6.4,73.13,2021,2023
11,9.5e-05,9.5e-05,99445.1,9.5,68.25,7e-05,7e-05,99553.5,7.0,72.14,2021,2023
12,0.000102,0.000102,99435.7,10.1,67.26,6.6e-05,6.6e-05,99546.5,6.6,71.14,2021,2023
13,0.000118,0.000118,99425.5,11.7,66.26,0.000103,0.000103,99539.9,10.3,70.15,2021,2023
14,0.000132,0.000132,99413.9,13.1,65.27,9e-05,9e-05,99529.6,9.0,69.16,2021,2023
15,0.000178,0.000178,99400.8,17.7,64.28,0.00013,0.00013,99520.7,13.0,68.16,2021,2023
16,0.00024,0.00024,99383.1,23.8,63.29,0.000123,0.000123,99507.7,12.2,67.17,2021,2023
17,0.000309,0.000309,99359.3,30.7,62.31,0.000162,0.000162,99495.4,16.1,66.18,2021,2023
18,0.000434,0.000434,99328.6,43.1,61.33,0.000178,0.000178,99479.3,17.7,65.19,2021,2023
19,0.000508,0.000508,99285.4,50.4,60.35,0.00019,0.00019,99461.5,18.9,64.2,2021,2023
20,0.000479,0.000479,99235.0,47.5,59.38,0.000235,0.000235,99442.6,23.3,63.21,2021,2023
21,0.000514,0.000514,99187.5,51.0,58.41,0.000227,0.000227,99419.2,22.6,62.23,2021,2023
22,0.000519,0.000519,99136.5,51.4,57.44,0.000215,0.000215,99396.7,21.4,61.24,2021,2023
23,0.000581,0.000581,99085.1,57.6,56.47,0.000247,0.000247,99375.3,24.5,60.26,2021,2023
24,0.000546,0.000546,99027.5,54.0,55.5,0.000246,0.000246,99350.8,24.5,59.27,2021,2023
25,0.000543,0.000543,98973.5,53.7,54.53,0.000237,0.000237,99326.3,23.5,58.28,2021,2023
26,0.000663,0.000663,98919.8,65.6,53.56,0.000276,0.000276,99302.8,27.4,57.3,2021,2023
27,0.000643,0.000642,98854.2,63.5,52.6,0.000308,0.000308,99275.3,30.6,56.31,2021,2023
28,0.000697,0.000697,98790.7,68.9,51.63,0.000328,0.000328,99244.8,32.5,55.33,2021,2023
29,0.00078,0.00078,98721.8,77.0,50.67,0.000342,0.000342,99212.3,33.9,54.35,2021,2023
30,0.000793,0.000793,98644.8,78.2,49.71,0.000361,0.000361,99178.3,35.8,53.37,2021,2023
31,0.000885,0.000884,98566.6,87.1,48.75,0.000394,0.000394,99142.5,39.1,52.39,2021,2023
32,0.000926,0.000926,98479.5,91.2,47.79,0.000462,0.000462,99103.4,45.8,51.41,2021,2023
33,0.000989,0.000989,98388.3,97.3,46.83,0.000486,0.000486,99057.7,48.1,50.43,2021,2023
34,0.001028,0.001027,98291.0,101.0,45.88,0.00057,0.00057,99009.5,56.5,49.46,2021,2023
35,0.001128,0.001127,98190.1,110.7,44.92,0.000629,0.000629,98953.1,62.2,48.48,2021,2023
36,0.001269,0.001268,98079.4,124.3,43.97,0.000619,0.000619,98890.9,61.2,47.51,2021,2023
37,0.00134,0.00134,97955.1,131.2,43.03,0.000741,0.000741,98829.7,73.2,46.54,2021,2023
38,0.001445,0.001444,97823.8,141.3,42.09,0.000867,0.000866,98756.4,85.6,45.58,2021,2023
39,0.001615,0.001614,97682.5,157.6,41.15,0.000941,0.00094,98670.9,92.8,44.62,2021,2023
40,0.001731,0.00173,97524.9,168.7,40.21,0.001001,0.001001,98578.1,98.6,43.66,2021,2023
41,0.001872,0.00187,97356.2,182.1,39.28,0.001074,0.001074,98479.5,105.7,42.7,2021,2023
42,0.00197,0.001969,97174.1,191.3,38.35,0.001196,0.001196,98373.7,117.6,41.75,2021,2023
43,0.002116,0.002114,96982.9,205.0,37.43,0.001235,0.001235,98256.1,121.3,40.8,2021,2023
44,0.002277,0.002274,96777.8,220.1,36.51,0.001385,0.001384,98134.8,135.8,39.85,2021,2023
45,0.002506,0.002503,96557.7,241.7,35.59,0.001471,0.00147,97999.0,144.0,38.9,2021,2023
46,0.002684,0.00268,96316.0,258.2,34.68,0.001627,0.001626,97855.0,159.1,37.96,2021,2023
47,0.00294,0.002936,96057.9,282.0,33.77,0.001915,0.001913,97695.9,186.9,37.02,2021,2023
48,0.003269,0.003263,95775.8,312.6,32.87,0.001988,0.001986,97509.0,193.6,36.09,2021,2023
49,0.003527,0.00352,95463.3,336.1,31.97,0.002129,0.002126,97315.3,206.9,35.16,2021,2023
50,0.00383,0.003823,95127.2,363.7,31.08,0.002369,0.002366,97108.4,229.8,34.23,2021,2023
51,0.004064,0.004056,94763.5,384.4,30.2,0.002534,0.002531,96878.6,245.2,33.31,2021,2023
52,0.004497,0.004487,94379.2,423.5,29.32,0.002683,0.00268,96633.5,258.9,32.39,2021,2023
53,0.004705,0.004694,93955.7,441.0,28.45,0.002971,0.002967,96374.6,285.9,31.48,2021,2023
54,0.005102,0.005089,93514.7,475.9,27.58,0.003173,0.003168,96088.6,304.4,30.57,2021,2023
55,0.005456,0.005441,93038.8,506.3,26.72,0.003488,0.003482,95784.2,333.5,29.67,2021,2023
56,0.005888,0.005871,92532.5,543.2,25.87,0.003813,0.003806,95450.7,363.3,28.77,2021,2023
57,0.006432,0.006411,91989.3,589.8,25.02,0.004147,0.004138,95087.4,393.5,27.88,2021,2023
58,0.006886,0.006863,91399.5,627.3,24.17,0.004399,0.00439,94693.9,415.7,26.99,2021,2023
59,0.007418,0.007391,90772.3,670.9,23.34,0.004807,0.004796,94278.2,452.2,26.11,2021,2023
60,0.008171,0.008138,90101.4,733.2,22.51,0.00527,0.005256,93826.1,493.2,25.23,2021,2023
61,0.009081,0.00904,89368.2,807.8,21.69,0.005622,0.005606,93332.9,523.2,24.36,2021,2023
62,0.009765,0.009718,88560.3,860.6,20.88,0.006344,0.006324,92809.7,587.0,23.5,2021,2023
63,0.010595,0.010539,87699.7,924.3,20.08,0.007008,0.006983,92222.7,644.0,22.64,2021,2023
64,0.011671,0.011603,86775.4,1006.9,19.29,0.007677,0.007648,91578.7,700.4,21.8,2021,2023
65,0.012629,0.012549,85768.5,1076.3,18.51,0.008291,0.008257,90878.3,750.4,20.96,2021,2023
66,0.013989,0.013891,84692.1,1176.5,17.74,0.009269,0.009227,90127.9,831.6,20.13,2021,2023
67,0.015538,0.015418,83515.7,1287.6,16.98,0.010121,0.01007,89296.4,899.2,19.32,2021,2023
68,0.017032,0.016888,82228.0,1388.7,16.24,0.011132,0.01107,88397.1,978.6,18.51,2021,2023
69,0.018358,0.018191,80839.3,1470.5,15.51,0.012047,0.011975,87418.6,1046.8,17.71,2021,2023
70,0.020157,0.019956,79368.8,1583.9,14.79,0.013359,0.01327,86371.8,1146.2,16.92,2021,2023
71,0.022177,0.021934,77784.9,1706.1,14.08,0.014391,0.014288,85225.6,1217.7,16.14,2021,2023
72,0.024321,0.024029,76078.8,1828.1,13.38,0.015873,0.015748,84007.9,1323.0,15.37,2021,2023
73,0.026202,0.025863,74250.7,1920.3,12.7,0.017519,0.017367,82684.9,1436.0,14.6,2021,2023
74,0.028449,0.02805,72330.3,2028.8,12.03,0.019295,0.019111,81249.0,1552.7,13.85,2021,2023
75,0.031741,0.031245,70301.5,2196.6,11.36,0.021806,0.021571,79696.2,1719.1,13.11,2021,2023
76,0.035693,0.035068,68104.9,2388.3,10.71,0.024212,0.023923,77977.1,1865.4,12.39,2021,2023
77,0.039662,0.03889,65716.6,2555.7,10.08,0.027719,0.02734,76111.7,2080.9,11.68,2021,2023
78,0.044953,0.043965,63160.9,2776.9,9.47,0.031297,0.030815,74030.8,2281.2,11.0,2021,2023
79,0.04986,0.048647,60384.0,2937.5,8.88,0.03504,0.034437,71749.6,2470.8,10.33,2021,2023
80,0.05727,0.055675,57446.5,3198.4,8.31,0.040557,0.039751,69278.8,2753.9,9.68,2021,2023
81,0.063988,0.062005,54248.1,3363.6,7.77,0.045974,0.044941,66524.9,2989.7,9.06,2021,2023
82,0.072618,0.070073,50884.5,3565.6,7.25,0.052233,0.050904,63535.2,3234.2,8.46,2021,2023
83,0.07983,0.076766,47318.8,3632.5,6.76,0.058599,0.056931,60301.0,3433.0,7.89,2021,2023
84,0.089867,0.086003,43686.4,3757.1,6.28,0.066186,0.064066,56868.0,3643.3,7.34,2021,2023
85,0.100867,0.096024,39929.2,3834.2,5.82,0.075063,0.072348,53224.7,3850.7,6.81,2021,2023
86,0.113691,0.107576,36095.0,3883.0,5.39,0.086407,0.082829,49374.0,4089.6,6.3,2021,2023
87,0.128597,0.120828,32212.1,3892.1,4.98,0.097474,0.092944,45284.4,4208.9,5.82,2021,2023
88,0.146108,0.136161,28319.9,3856.1,4.59,0.112712,0.106699,41075.5,4382.7,5.37,2021,2023
89,0.163764,0.15137,24463.9,3703.1,4.24,0.127368,0.119743,36692.8,4393.7,4.95,2021,2023
90,0.186432,0.170535,20760.8,3540.4,3.9,0.145623,0.13574,32299.1,4384.3,4.55,2021,2023
91,0.206166,0.1869,17220.3,3218.5,3.6,0.16601,0.153287,27914.8,4279.0,4.19,2021,2023
92,0.234121,0.209587,14001.9,2934.6,3.31,0.189456,0.173062,23635.9,4090.5,3.86,2021,2023
93,0.258955,0.229269,11067.3,2537.4,3.06,0.21293,0.192442,19545.4,3761.3,3.56,2021,2023
94,0.288523,0.252148,8529.9,2150.8,2.82,0.236521,0.211508,15784.0,3338.5,3.29,2021,2023
95,0.320735,0.276408,6379.1,1763.2,2.6,0.264171,0.233349,12445.6,2904.2,3.04,2021,2023
96,0.350861,0.298496,4615.9,1377.8,2.41,0.290104,0.253354,9541.4,2417.4,2.81,2021,2023
97,0.396672,0.331019,3238.0,1071.9,2.22,0.324498,0.279199,7124.1,1989.0,2.59,2021,2023
98,0.413703,0.342795,2166.2,742.6,2.07,0.359786,0.304931,5135.0,1565.8,2.41,2021,2023
99,0.473898,0.383118,1423.6,545.4,1.89,0.388632,0.325401,3569.2,1161.4,2.24,2021,2023
100,0.507282,0.404647,878.2,355.4,1.76,0.431596,0.35499,2407.8,854.7,2.08,2021,2023
0,0.004612,0.004602,100000.0,460.2,79.12,0.003638,0.003631,100000.0,363.1,83.02,2022,2024
1,0.000247,0.000247,99539.8,24.6,78.49,0.000207,0.000206,99636.9,20.6,82.32,2022,2024
2,0.000177,0.000177,99515.3,17.6,77.51,0.000137,0.000137,99616.3,13.7,81.34,2022,2024
3,0.000115,0.000115,99497.6,11.4,76.52,9.9e-05,9.9e-05,99602.6,9.8,80.35,2022,2024
4,0.0001,0.0001,99486.2,9.9,75.53,8.1e-05,8.1e-05,99592.8,8.1,79.36,2022,2024
5,9.7e-05,9.7e-05,99476.3,9.6,74.54,7e-05,7e-05,99584.7,7.0,78.36,2022,2024
6,8e-05,8e-05,99466.7,7.9,73.54,7.5e-05,7.5e-05,99577.7,7.5,77.37,2022,2024
7,8e-05,8e-05,99458.7,8.0,72.55,6.2e-05,6.2e-05,99570.2,6.2,76.37,2022,2024
8,7.9e-05,7.9e-05,99450.7,7.8,71.56,6.1e-05,6.1e-05,99564.0,6.0,75.38,2022,2024
9,9.1e-05,9.1e-05,99442.9,9.1,70.56,6e-05,6e-05,99558.0,6.0,74.38,2022,2024
10,7e-05,7e-05,99433.8,7.0,69.57,7.6e-05,7.6e-05,99552.0,7.5,73.39,2022,2024
11,9.5e-05,9.5e-05,99426.8,9.4,68.57,6.2e-05,6.2e-05,99544.5,6.2,72.39,2022,2024
12,9.6e-05,9.6e-05,99417.4,9.6,67.58,6.6e-05,6.6e-05,99538.3,6.6,71.4,2022,2024
13,0.000115,0.000115,99407.8,11.4,66.58,9.4e-05,9.4e-05,99531.8,9.4,70.4,2022,2024
14,0.000139,0.000139,99396.4,13.9,65.59,0.000101,0.000101,99522.4,10.1,69.41,2022,2024
15,0.000173,0.000173,99382.6,17.2,64.6,0.000117,0.000117,99512.3,11.6,68.42,2022,2024
16,0.000257,0.000257,99365.3,25.5,63.61,0.000117,0.000117,99500.7,11.6,67.42,2022,2024
17,0.000288,0.000288,99339.8,28.6,62.63,0.000169,0.000169,99489.1,16.8,66.43,2022,2024
18,0.000438,0.000438,99311.2,43.5,61.65,0.000192,0.000192,99472.3,19.1,65.44,2022,2024
19,0.000493,0.000493,99267.7,49.0,60.67,0.000198,0.000198,99453.2,19.7,64.46,2022,2024
20,0.000457,0.000457,99218.8,45.3,59.7,0.000223,0.000222,99433.4,22.1,63.47,2022,2024
21,0.00051,0.000509,99173.5,50.5,58.73,0.000224,0.000224,99411.3,22.3,62.48,2022,2024
22,0.000519,0.000519,99122.9,51.4,57.76,0.000218,0.000218,99389.0,21.7,61.5,2022,2024
23,0.000554,0.000553,99071.5,54.8,56.79,0.000232,0.000232,99367.3,23.1,60.51,2022,2024
24,0.000536,0.000536,99016.7,53.1,55.82,0.000251,0.000251,99344.2,24.9,59.52,2022,2024
25,0.000541,0.00054,98963.6,53.5,54.85,0.000236,0.000236,99319.3,23.4,58.54,2022,2024
26,0.000642,0.000642,98910.1,63.5,53.88,0.00025,0.00025,99295.9,24.8,57.55,2022,2024
27,0.0006,0.0006,98846.7,59.3,52.91,0.000303,0.000303,99271.1,30.1,56.57,2022,2024
28,0.000679,0.000679,98787.4,67.0,51.95,0.000304,0.000303,99241.0,30.1,55.58,2022,2024
29,0.000737,0.000737,98720.4,72.7,50.98,0.000339,0.000339,99210.9,33.6,54.6,2022,2024
30,0.000769,0.000769,98647.7,75.8,50.02,0.000371,0.000371,99177.3,36.8,53.62,2022,2024
31,0.000848,0.000847,98571.8,83.5,49.06,0.000393,0.000393,99140.4,39.0,52.64,2022,2024
32,0.000881,0.00088,98488.3,86.7,48.1,0.000454,0.000454,99101.4,45.0,51.66,2022,2024
33,0.000949,0.000949,98401.6,93.3,47.14,0.000488,0.000488,99056.5,48.3,50.68,2022,2024
34,0.001033,0.001032,98308.3,101.5,46.18,0.000508,0.000508,99008.1,50.3,49.71,2022,2024
35,0.001111,0.00111,98206.8,109.0,45.23,0.000629,0.000628,98957.8,62.2,48.73,2022,2024
36,0.001234,0.001233,98097.7,121.0,44.28,0.000638,0.000637,98895.6,63.0,47.76,2022,2024
37,0.001306,0.001305,97976.8,127.8,43.33,0.000717,0.000717,98832.6,70.8,46.79,2022,2024
38,0.001371,0.00137,97848.9,134.0,42.39,0.000791,0.00079,98761.8,78.1,45.83,2022,2024
39,0.001518,0.001517,97714.9,148.2,41.45,0.000907,0.000906,98683.7,89.4,44.86,2022,2024
40,0.001682,0.001681,97566.7,164.0,40.51,0.000961,0.000961,98594.3,94.7,43.9,2022,2024
41,0.00181,0.001808,97402.7,176.1,39.58,0.001065,0.001065,98499.6,104.9,42.94,2022,2024
42,0.001892,0.00189,97226.6,183.8,38.65,0.001184,0.001184,98394.7,116.5,41.99,2022,2024
43,0.002076,0.002074,97042.8,201.3,37.72,0.001209,0.001208,98278.2,118.7,41.04,2022,2024
44,0.002166,0.002164,96841.5,209.5,36.8,0.001367,0.001366,98159.5,134.1,40.09,2022,2024
45,0.002436,0.002433,96632.0,235.1,35.88,0.001386,0.001385,98025.5,135.8,39.14,2022,2024
46,0.002618,0.002615,96396.9,252.1,34.96,0.001554,0.001553,97889.7,152.0,38.19,2022,2024
47,0.002843,0.002839,96144.8,273.0,34.05,0.001778,0.001777,97737.6,173.7,37.25,2022,2024
48,0.003062,0.003057,95871.9,293.1,33.15,0.001913,0.001911,97564.0,186.4,36.32,2022,2024
49,0.003393,0.003387,95578.8,323.8,32.25,0.002108,0.002106,97377.6,205.1,35.39,2022,2024
50,0.003718,0.003711,95255.0,353.5,31.36,0.002367,0.002364,97172.5,229.7,34.46,2022,2024
51,0.004019,0.004011,94901.5,380.6,30.47,0.002541,0.002537,96942.8,246.0,33.54,2022,2024
52,0.004288,0.004278,94520.9,404.4,29.59,0.002641,0.002637,96696.8,255.0,32.62,2022,2024
53,0.004562,0.004552,94116.5,428.4,28.72,0.002837,0.002833,96441.8,273.2,31.71,2022,2024
54,0.00494,0.004928,93688.1,461.7,27.85,0.003113,0.003108,96168.5,298.9,30.8,2022,2024
55,0.005334,0.00532,93226.4,496.0,26.98,0.003377,0.003371,95869.6,323.2,29.89,2022,2024
56,0.005757,0.00574,92730.5,532.3,26.12,0.003716,0.003709,95546.4,354.4,28.99,2022,2024
57,0.006273,0.006253,92198.2,576.6,25.27,0.004075,0.004067,95192.1,387.2,28.1,2022,2024
58,0.00675,0.006728,91621.6,616.4,24.43,0.004318,0.004308,94804.9,408.5,27.21,2022,2024
59,0.007262,0.007236,91005.2,658.5,23.59,0.004637,0.004626,94396.5,436.7,26.33,2022,2024
60,0.007791,0.007761,90346.7,701.2,22.76,0.005031,0.005019,93959.8,471.6,25.45,2022,2024
61,0.008593,0.008556,89645.5,767.0,21.93,0.005448,0.005434,93488.2,508.0,24.57,2022,2024
62,0.009335,0.009292,88878.5,825.9,21.12,0.006088,0.006069,92980.3,564.3,23.7,2022,2024
63,0.010083,0.010033,88052.6,883.4,20.31,0.006731,0.006708,92415.9,619.9,22.85,2022,2024
64,0.011234,0.011172,87169.2,973.8,19.51,0.007349,0.007322,91796.0,672.2,22.0,2022,2024
65,0.012048,0.011976,86195.4,1032.2,18.73,0.007975,0.007943,91123.8,723.8,21.16,2022,2024
66,0.013495,0.013404,85163.2,1141.5,17.95,0.008992,0.008952,90400.0,809.3,20.32,2022,2024
67,0.014905,0.014795,84021.6,1243.1,17.18,0.00992,0.009871,89590.7,884.4,19.5,2022,2024
68,0.016413,0.01628,82778.5,1347.6,16.43,0.010835,0.010777,88706.4,955.9,18.69,2022,2024
69,0.017752,0.017595,81430.9,1432.8,15.7,0.011728,0.01166,87750.4,1023.1,17.89,2022,2024
70,0.019719,0.019527,79998.1,1562.1,14.97,0.012796,0.012715,86727.3,1102.7,17.09,2022,2024
71,0.02174,0.021506,78436.0,1686.9,14.26,0.01393,0.013834,85624.6,1184.5,16.31,2022,2024
72,0.023896,0.023614,76749.1,1812.3,13.56,0.015625,0.015504,84440.1,1309.2,15.53,2022,2024
73,0.025801,0.025473,74936.8,1908.8,12.88,0.017191,0.017044,83130.9,1416.9,14.76,2022,2024
74,0.02818,0.027789,73028.0,2029.3,12.2,0.018953,0.018775,81714.0,1534.2,14.01,2022,2024
75,0.030786,0.030319,70998.6,2152.6,11.53,0.021256,0.021032,80179.8,1686.4,13.27,2022,2024
76,0.034328,0.033748,68846.0,2323.4,10.88,0.023498,0.023225,78493.4,1823.0,12.54,2022,2024
77,0.037844,0.037142,66522.5,2470.7,10.24,0.026508,0.026162,76670.4,2005.8,11.83,2022,2024
78,0.043278,0.042361,64051.8,2713.3,9.62,0.030337,0.029884,74664.6,2231.2,11.14,2022,2024
79,0.048007,0.046881,61338.5,2875.6,9.02,0.034088,0.033517,72433.3,2427.7,10.46,2022,2024
80,0.054089,0.052665,58462.9,3078.9,8.44,0.038672,0.037938,70005.6,2655.9,9.81,2022,2024
81,0.061501,0.059666,55383.9,3304.6,7.88,0.044528,0.043558,67349.7,2933.6,9.18,2022,2024
82,0.07039,0.067996,52079.4,3541.2,7.35,0.050678,0.049426,64416.0,3183.8,8.57,2022,2024
83,0.078185,0.075244,48538.2,3652.2,6.85,0.057616,0.056003,61232.2,3429.2,7.99,2022,2024
84,0.087784,0.084093,44885.9,3774.6,6.37,0.06506,0.06301,57803.1,3642.2,7.43,2022,2024
85,0.098479,0.093857,41111.4,3858.6,5.9,0.073308,0.070716,54160.9,3830.1,6.9,2022,2024
86,0.111223,0.105364,37252.8,3925.1,5.46,0.08403,0.080642,50330.8,4058.8,6.39,2022,2024
87,0.125394,0.117996,33327.7,3932.5,5.05,0.095321,0.090984,46272.1,4210.0,5.9,2022,2024
88,0.142589,0.133099,29395.1,3912.5,4.66,0.10896,0.10333,42062.0,4346.3,5.45,2022,2024
89,0.161524,0.149453,25482.7,3808.5,4.3,0.124114,0.116862,37715.7,4407.5,5.02,2022,2024
90,0.181802,0.166653,21674.2,3612.1,3.96,0.14397,0.134302,33308.2,4473.4,4.61,2022,2024
91,0.202653,0.184008,18062.1,3323.6,3.66,0.164647,0.152124,28834.8,4386.5,4.25,2022,2024
92,0.22943,0.20582,14738.6,3033.5,3.37,0.185827,0.170029,24448.4,4156.9,3.92,2022,2024
93,0.254684,0.225915,11705.1,2644.4,3.11,0.208299,0.188651,20291.4,3828.0,3.63,2022,2024
94,0.284121,0.248779,9060.7,2254.1,2.87,0.231363,0.207374,16463.4,3414.1,3.35,2022,2024
95,0.313787,0.271233,6806.6,1846.2,2.66,0.256523,0.227361,13049.4,2966.9,3.1,2022,2024
96,0.343787,0.29336,4960.4,1455.2,2.46,0.285191,0.2496,10082.4,2516.6,2.86,2022,2024
97,0.384766,0.322686,3505.2,1131.1,2.27,0.315238,0.272316,7565.9,2060.3,2.65,2022,2024
98,0.411425,0.34123,2374.1,810.1,2.12,0.350303,0.298092,5505.6,1641.2,2.45,2022,2024
99,0.446545,0.365042,1564.0,570.9,1.95,0.376983,0.317194,3864.4,1225.8,2.28,2022,2024
100,0.503895,0.402489,993.1,399.7,1.79,0.422928,0.349105,2638.6,921.2,2.11,2022,2024
